/*

SQLyog Ultimate v8.5
MySQL - 5.5.5-10.1.35-MariaDB : Database - vcoeoyng_portfolio

*********************************************************************

*/



/*!40101 SET NAMES utf8 */;



/*!40101 SET SQL_MODE=''*/;



/*!40014 SET @OLD_UNIQUE_CHECKS=@@UNIQUE_CHECKS, UNIQUE_CHECKS=0 */;

/*!40014 SET @OLD_FOREIGN_KEY_CHECKS=@@FOREIGN_KEY_CHECKS, FOREIGN_KEY_CHECKS=0 */;

/*!40101 SET @OLD_SQL_MODE=@@SQL_MODE, SQL_MODE='NO_AUTO_VALUE_ON_ZERO' */;

/*!40111 SET @OLD_SQL_NOTES=@@SQL_NOTES, SQL_NOTES=0 */;

CREATE DATABASE /*!32312 IF NOT EXISTS*/`vcoeoyng_portfolio` /*!40100 DEFAULT CHARACTER SET utf8 */;



USE `vcoeoyng_portfolio`;



/*Table structure for table `categories` */



DROP TABLE IF EXISTS `categories`;



CREATE TABLE `categories` (
  `id` int(10) unsigned NOT NULL AUTO_INCREMENT,
  `name` varchar(128) COLLATE utf8mb4_unicode_ci NOT NULL,
  `slug` varchar(128) COLLATE utf8mb4_unicode_ci NOT NULL,
  `body` mediumtext COLLATE utf8mb4_unicode_ci,
  `created_at` timestamp NULL DEFAULT NULL,
  `updated_at` timestamp NULL DEFAULT NULL,
  PRIMARY KEY (`id`),
  UNIQUE KEY `categories_slug_unique` (`slug`)
) ENGINE=InnoDB AUTO_INCREMENT=21 DEFAULT CHARSET=utf8mb4 COLLATE=utf8mb4_unicode_ci;



/*Data for the table `categories` */



insert  into `categories`(`id`,`name`,`slug`,`body`,`created_at`,`updated_at`) values (1,'Iglesia Adventista del Séptimo Día','iglesia-adventista-del-septimo-dia','Publicaciones e informaciones relacionadas a la Categoría de la Iglesia Adventista del Séptimo Día.','2019-02-20 15:08:39','2019-02-20 15:08:39'),(2,'Ministerio Joven','ministerio-joven','Publicaciones e informaciones relacionadas a la Categoría del Ministerio Joven.','2019-02-20 15:08:39','2019-02-20 15:08:39'),(3,'Jóvenes Adventistas','jovenes-adventistas','Publicaciones e informaciones relacionadas a la Categoría de los Jóvenes Adventistas (JA).','2019-02-20 15:08:39','2019-02-20 15:08:39'),(4,'Club de Conquistadores','club-de-conquistadores','Publicaciones e informaciones relacionadas a la Categoría Club de Conquistadores.','2019-02-20 15:08:39','2019-02-20 15:08:39'),(5,'Club de Aventureros','club-de-aventureros','Publicaciones e informaciones relacionadas a la Categoría Club de Aventureros.','2019-02-20 15:08:39','2019-02-20 15:08:39'),(6,'Labore mollitia perspiciatis est.','labore-mollitia-perspiciatis-est','Et quam qui eum consequatur. Amet rem ipsam incidunt est impedit. Odio eligendi quae et voluptatum aspernatur enim id porro. Esse et corporis numquam eveniet perspiciatis eaque. Voluptatum expedita expedita itaque dolores accusamus soluta officia. Ducimus magnam similique ipsa veniam fugit vero ab. Rem id sit hic esse. Modi sit et officia doloribus. Dolore fugit nihil dolorem repellendus. Provident qui quia ut.','2019-02-20 15:08:39','2019-02-20 15:08:39'),(7,'Modi nostrum magnam vitae pariatur illo.','modi-nostrum-magnam-vitae-pariatur-illo','Molestias in quia sint facilis quia. Sed tenetur laboriosam asperiores ut consequuntur dolorum officia. Maiores ducimus sint aut. Et quam non quasi. Dolor deleniti sint cum ducimus. Quisquam esse eaque vitae ex iusto ipsam. Deserunt sit incidunt est saepe labore cumque perferendis cum. Voluptatum accusantium est minima expedita maiores. Eligendi repellat voluptas velit porro labore facere harum.','2019-02-20 15:08:39','2019-02-20 15:08:39'),(8,'Ut et commodi soluta illo non.','ut-et-commodi-soluta-illo-non','Facilis laudantium voluptatem consequatur aliquid voluptas assumenda soluta. Odit non modi ut possimus et rem iusto. Vero voluptas aliquam et rem voluptatem. Dignissimos amet sed modi natus ad rem inventore dolor. Veniam aut odio suscipit. Aut illo velit sunt quis voluptate incidunt consequatur autem. Unde atque doloribus ipsa facilis molestias. Et sapiente quam nulla dolorem debitis ut hic.','2019-02-20 15:08:39','2019-02-20 15:08:39'),(9,'Est sit voluptatem reprehenderit.','est-sit-voluptatem-reprehenderit','Exercitationem error eos magnam sed aut. Non cumque dolores officiis quae perspiciatis sed placeat. Voluptate sequi non quibusdam quidem veritatis nulla a debitis. Adipisci quis est facilis occaecati ex consequatur excepturi. Pariatur nostrum ullam aut aut voluptas unde. Officia quibusdam minus praesentium ut voluptatem. Voluptas amet totam in. Aut blanditiis reiciendis ut dignissimos.','2019-02-20 15:08:39','2019-02-20 15:08:39'),(10,'Accusamus aut tempore ea perferendis.','accusamus-aut-tempore-ea-perferendis','Atque odio voluptatibus consequuntur nihil. Adipisci dignissimos eveniet eaque labore. Dolor consequuntur magni explicabo temporibus et quia. Eos eos quod aut esse tempora aut distinctio. Alias molestiae consequatur distinctio omnis mollitia et quia numquam. Ut labore omnis praesentium saepe rerum. Ea velit sed assumenda est ipsam. Provident inventore sequi eum atque est quis maxime quas. Eius id molestiae aut dolor quis. Soluta totam natus quae et repellendus aspernatur dolorum veritatis.','2019-02-20 15:08:39','2019-02-20 15:08:39'),(11,'Molestiae ex harum non non.','molestiae-ex-harum-non-non','Magnam dolorum quaerat quis ex quis et dolores. Quia qui nulla mollitia corporis consequuntur dicta. Modi optio id ipsa non. Maiores vel pariatur eveniet hic voluptas. Et facere officiis animi neque a iusto consequatur. Qui repellat dolores quae et eveniet. At vel facere ipsum veritatis quae nulla praesentium laboriosam. Animi voluptatum earum placeat eos provident omnis.','2019-02-20 15:08:39','2019-02-20 15:08:39'),(12,'Et ut facere rerum.','et-ut-facere-rerum','Quia iste omnis veniam accusantium consequuntur excepturi architecto. Modi tempore eos minima ducimus doloribus consequatur sit. Voluptas animi excepturi at amet libero. Voluptatem provident provident laudantium ut. Sed omnis explicabo voluptatem tempora suscipit. Iure voluptas ipsam aut et molestiae tempore. Facere laudantium natus quisquam doloremque esse illo. Iure ut sed earum.','2019-02-20 15:08:40','2019-02-20 15:08:40'),(13,'Voluptatem nihil quia ea tenetur laboriosam.','voluptatem-nihil-quia-ea-tenetur-laboriosam','Eum in explicabo qui facere et officia voluptas et. Non ut exercitationem sint sed commodi deserunt. Atque omnis ipsam vitae quis et et. Sed dolore omnis nihil dolor et ut animi. Reiciendis recusandae deleniti et sit aut. Soluta expedita consequatur aut cumque qui dolorem aperiam. Qui quo molestias odit distinctio non. Culpa molestiae officia doloremque delectus ratione accusamus sit. Quia amet aut perferendis delectus. Rerum reprehenderit nulla id atque ut adipisci.','2019-02-20 15:08:40','2019-02-20 15:08:40'),(14,'Qui praesentium nemo odit.','qui-praesentium-nemo-odit','Unde nisi consequatur qui reprehenderit. Nulla id qui pariatur facilis laudantium sit. Exercitationem id qui aliquid et fugiat quos. Qui modi sed quidem magnam consequatur. Blanditiis eum harum fuga possimus dignissimos. Cupiditate doloribus et et cupiditate quia neque occaecati. Nemo possimus enim error vel. Excepturi quia veritatis numquam minus. Explicabo iste magnam quo. Quidem qui natus quis aperiam vel repellat eligendi molestiae.','2019-02-20 15:08:40','2019-02-20 15:08:40'),(15,'Quae ut sunt magnam consequatur doloribus.','quae-ut-sunt-magnam-consequatur-doloribus','Et laboriosam aut quibusdam sapiente repellat. Aut eum aut aspernatur autem excepturi architecto consequatur. Et nobis quidem nam accusantium quaerat incidunt nesciunt. Maxime minima similique quisquam ipsa quae ipsum. Perspiciatis numquam officiis et et. Nemo qui aliquid autem inventore. Pariatur ut nihil et fugit.','2019-02-20 15:08:40','2019-02-20 15:08:40'),(16,'Sint magni dolorum similique similique.','sint-magni-dolorum-similique-similique','Reiciendis et dolorum magnam distinctio exercitationem voluptatem facere. Quibusdam in temporibus quae omnis rem labore quos. Fugit porro ut eveniet commodi laborum. Molestias dolorum debitis maxime et. Odio commodi quos repellendus. Ducimus deserunt et error. Veritatis labore blanditiis eius earum facere rem consequatur. Atque quia et et architecto. Sint labore laudantium ut ut ducimus. Impedit quasi omnis autem ut.','2019-02-20 15:08:40','2019-02-20 15:08:40'),(17,'Impedit vel molestiae.','impedit-vel-molestiae','Voluptas quis totam vitae ut aliquam. Est tempore non ullam nihil qui. Iste reprehenderit temporibus dolorem quo. Sint dolorum consequatur fugiat facere soluta autem est. Et molestias quisquam neque rerum. Rem vero sit maxime sunt aut dignissimos. Eaque expedita eligendi culpa qui dolorum molestiae ullam. Natus libero explicabo velit. Dolores nihil molestiae a quia inventore est. Quod omnis expedita cupiditate iste. Provident et ipsum quibusdam velit asperiores.','2019-02-20 15:08:40','2019-02-20 15:08:40'),(18,'Saepe illum reiciendis sed.','saepe-illum-reiciendis-sed','Commodi corporis molestiae consequatur quo qui aut. Vero impedit consequatur quod officiis sapiente. Consequatur quae est voluptates. Accusantium qui officia quo corrupti dolorum et. Veniam culpa omnis et eos dolorem. Sunt nam id facere est rerum accusantium reiciendis. Ut exercitationem vel et magnam. Ex et ut harum voluptatem. Vel et rerum non consectetur sit. Sequi molestias dolore nisi veritatis ipsa.','2019-02-20 15:08:40','2019-02-20 15:08:40'),(19,'Ipsa nisi fugit molestiae expedita.','ipsa-nisi-fugit-molestiae-expedita','Iusto est ut accusamus quia commodi. Ut voluptas est assumenda debitis quaerat temporibus. Ipsa corporis et aut nisi voluptas quis. Sed sit doloremque sed numquam quis fugit. Voluptatem perferendis qui fugit quibusdam. Ratione neque aut consequatur velit voluptatem officiis temporibus. Eveniet et aut exercitationem sint a vel.','2019-02-20 15:08:40','2019-02-20 15:08:40'),(20,'Dolore alias sapiente voluptatem.','dolore-alias-sapiente-voluptatem','Et similique ratione eveniet. A suscipit facilis quia vero provident. Adipisci reprehenderit similique non fugiat dicta. Sed natus rerum dolor beatae quisquam temporibus. Quam voluptatum optio cumque numquam nihil et. Recusandae animi aut tempore quaerat id ea ea. Esse officia ut facere. Odio dolor modi omnis sunt. Enim quo quisquam molestias illo aspernatur.','2019-02-20 15:08:40','2019-02-20 15:08:40');



/*Table structure for table `comments` */



DROP TABLE IF EXISTS `comments`;



CREATE TABLE `comments` (
  `id` int(10) unsigned NOT NULL AUTO_INCREMENT,
  `comment` mediumtext COLLATE utf8mb4_unicode_ci NOT NULL,
  `post_id` int(10) unsigned NOT NULL,
  `user_id` int(10) unsigned NOT NULL,
  `created_at` timestamp NULL DEFAULT NULL,
  `updated_at` timestamp NULL DEFAULT NULL,
  `deleted_at` timestamp NULL DEFAULT NULL,
  PRIMARY KEY (`id`),
  KEY `comments_post_id_foreign` (`post_id`),
  KEY `comments_user_id_foreign` (`user_id`),
  CONSTRAINT `comments_post_id_foreign` FOREIGN KEY (`post_id`) REFERENCES `posts` (`id`) ON DELETE CASCADE,
  CONSTRAINT `comments_user_id_foreign` FOREIGN KEY (`user_id`) REFERENCES `users` (`id`) ON DELETE CASCADE
) ENGINE=InnoDB AUTO_INCREMENT=101 DEFAULT CHARSET=utf8mb4 COLLATE=utf8mb4_unicode_ci;



/*Data for the table `comments` */



insert  into `comments`(`id`,`comment`,`post_id`,`user_id`,`created_at`,`updated_at`,`deleted_at`) values (1,'Est consectetur sed non numquam vero et cum.',17,12,'2019-02-20 15:09:04','2019-02-20 15:09:04',NULL),(2,'Et impedit eos magnam minima.',4,1,'2019-02-20 15:09:04','2019-02-20 15:09:04',NULL),(3,'Sunt facilis error doloremque suscipit non.',71,3,'2019-02-20 15:09:04','2019-02-20 15:09:04',NULL),(4,'Magni dolores vel est porro sint est omnis.',69,4,'2019-02-20 15:09:04','2019-02-20 15:09:04',NULL),(5,'Dolorem dolorum doloribus voluptatem aut numquam.',7,29,'2019-02-20 15:09:04','2019-02-20 15:09:04',NULL),(6,'Consequuntur provident accusamus perferendis et repellendus sed dolorem.',36,8,'2019-02-20 15:09:04','2019-02-20 15:09:04',NULL),(7,'Sit velit dolores error sed ut porro cumque.',29,3,'2019-02-20 15:09:04','2019-02-20 15:09:04',NULL),(8,'Soluta iure asperiores voluptas quia impedit rerum et et.',21,30,'2019-02-20 15:09:04','2019-02-20 15:09:04',NULL),(9,'Et qui enim sunt nemo sint veritatis.',15,13,'2019-02-20 15:09:04','2019-02-20 15:09:04',NULL),(10,'Ea necessitatibus adipisci voluptatem perspiciatis beatae.',21,9,'2019-02-20 15:09:04','2019-02-20 15:09:04',NULL),(11,'Et blanditiis in cumque unde laboriosam sit ipsam blanditiis.',78,20,'2019-02-20 15:09:04','2019-02-20 15:09:04',NULL),(12,'Qui repudiandae et maiores consequatur fugit.',80,8,'2019-02-20 15:09:04','2019-02-20 15:09:04',NULL),(13,'Dolorum labore eos aliquid natus.',5,14,'2019-02-20 15:09:04','2019-02-20 15:09:04',NULL),(14,'Et aperiam fugit ducimus sed possimus error voluptatem.',48,14,'2019-02-20 15:09:04','2019-02-20 15:09:04',NULL),(15,'Voluptatem dolorem totam voluptatem dolore ut nihil omnis sed.',14,20,'2019-02-20 15:09:04','2019-02-20 15:09:04',NULL),(16,'Omnis eos sint aut voluptates dicta ipsam ut non.',44,29,'2019-02-20 15:09:04','2019-02-20 15:09:04',NULL),(17,'Voluptatum est beatae sit minus ratione et aliquid consectetur omnis.',94,9,'2019-02-20 15:09:04','2019-02-20 15:09:04',NULL),(18,'Impedit ea velit modi numquam.',29,29,'2019-02-20 15:09:04','2019-02-20 15:09:04',NULL),(19,'Sit harum aut fugiat inventore at.',33,31,'2019-02-20 15:09:04','2019-02-20 15:09:04',NULL),(20,'Facere eius pariatur aut tenetur pariatur ut nihil.',81,17,'2019-02-20 15:09:05','2019-02-20 15:09:05',NULL),(21,'Sunt quaerat mollitia quod deserunt perferendis sit non consequatur.',34,26,'2019-02-20 15:09:05','2019-02-20 15:09:05',NULL),(22,'Eligendi quisquam dolorem est magnam veritatis voluptatibus quod quisquam aspernatur.',21,7,'2019-02-20 15:09:05','2019-02-20 15:09:05',NULL),(23,'Animi pariatur quidem ut quos quia magnam reiciendis sunt.',46,20,'2019-02-20 15:09:05','2019-02-20 15:09:05',NULL),(24,'Ut qui qui et ea quos ut eius.',45,4,'2019-02-20 15:09:05','2019-02-20 15:09:05',NULL),(25,'Ab minus incidunt rerum est voluptates voluptatem id labore rerum.',4,26,'2019-02-20 15:09:05','2019-02-20 15:09:05',NULL),(26,'Sapiente eos et iste voluptatem nam aperiam placeat assumenda.',8,12,'2019-02-20 15:09:05','2019-02-20 15:09:05',NULL),(27,'Nam placeat quidem suscipit autem blanditiis quis.',90,14,'2019-02-20 15:09:05','2019-02-20 15:09:05',NULL),(28,'Magnam dolorum est et necessitatibus eius nihil natus qui qui.',3,20,'2019-02-20 15:09:05','2019-02-20 15:09:05',NULL),(29,'Itaque earum perferendis sint sunt.',37,2,'2019-02-20 15:09:05','2019-02-20 15:09:05',NULL),(30,'Est iusto maxime eligendi sint nobis sed voluptatem ut.',74,22,'2019-02-20 15:09:05','2019-02-20 15:09:05',NULL),(31,'Voluptatum omnis harum veritatis qui et aut totam atque non.',32,22,'2019-02-20 15:09:05','2019-02-20 15:09:05',NULL),(32,'Saepe ipsum ipsa molestiae suscipit.',86,26,'2019-02-20 15:09:05','2019-02-20 15:09:05',NULL),(33,'Est distinctio non similique aliquid ex eos nihil.',92,19,'2019-02-20 15:09:05','2019-02-20 15:09:05',NULL),(34,'Placeat recusandae harum totam excepturi.',15,15,'2019-02-20 15:09:05','2019-02-20 15:09:05',NULL),(35,'Ut explicabo est perferendis voluptas reprehenderit harum ut aliquid.',82,26,'2019-02-20 15:09:05','2019-02-20 15:09:05',NULL),(36,'Ducimus nihil commodi et sit sunt suscipit vel esse culpa.',26,5,'2019-02-20 15:09:05','2019-02-20 15:09:05',NULL),(37,'Placeat cupiditate alias cum quae quam pariatur asperiores.',54,6,'2019-02-20 15:09:05','2019-02-20 15:09:05',NULL),(38,'Fugiat at architecto et voluptatem dolorum officiis.',95,16,'2019-02-20 15:09:05','2019-02-20 15:09:05',NULL),(39,'Rem dolores amet qui eius et et.',22,18,'2019-02-20 15:09:05','2019-02-20 15:09:05',NULL),(40,'Natus vero sit sit in sed ut consequatur neque.',86,6,'2019-02-20 15:09:05','2019-02-20 15:09:05',NULL),(41,'Occaecati beatae exercitationem nostrum accusamus unde explicabo perferendis.',29,25,'2019-02-20 15:09:05','2019-02-20 15:09:05',NULL),(42,'Minus pariatur itaque sequi cupiditate.',97,8,'2019-02-20 15:09:05','2019-02-20 15:09:05',NULL),(43,'Aperiam sed fugiat impedit molestiae quis.',74,5,'2019-02-20 15:09:05','2019-02-20 15:09:05',NULL),(44,'Quia voluptatem eaque ut nulla sint voluptatem fugit.',62,13,'2019-02-20 15:09:05','2019-02-20 15:09:05',NULL),(45,'Sit nobis nostrum fuga illum.',85,12,'2019-02-20 15:09:05','2019-02-20 15:09:05',NULL),(46,'Exercitationem sed cumque praesentium voluptatem provident doloribus et.',76,21,'2019-02-20 15:09:05','2019-02-20 15:09:05',NULL),(47,'Tenetur neque asperiores placeat voluptatem est necessitatibus ea.',44,6,'2019-02-20 15:09:05','2019-02-20 15:09:05',NULL),(48,'Repudiandae officiis ut reprehenderit est eum incidunt consequatur nulla.',1,18,'2019-02-20 15:09:05','2019-02-20 15:09:05',NULL),(49,'Consequatur ut voluptas ipsa rem tempora voluptatum et.',77,2,'2019-02-20 15:09:05','2019-02-20 15:09:05',NULL),(50,'Magnam sunt aliquid accusamus similique distinctio omnis et id.',59,4,'2019-02-20 15:09:05','2019-02-20 15:09:05',NULL),(51,'Et qui cum quod voluptatem alias.',22,27,'2019-02-20 15:09:05','2019-02-20 15:09:05',NULL),(52,'Natus unde ut et molestias distinctio laborum error possimus et.',37,1,'2019-02-20 15:09:05','2019-02-20 15:09:05',NULL),(53,'Quae provident repudiandae enim sapiente adipisci iusto molestiae autem.',2,28,'2019-02-20 15:09:05','2019-02-20 15:09:05',NULL),(54,'Quia amet temporibus sit et officia molestias minima culpa.',63,2,'2019-02-20 15:09:05','2019-02-20 15:09:05',NULL),(55,'Veritatis incidunt saepe aliquam ratione corrupti enim non.',53,2,'2019-02-20 15:09:05','2019-02-20 15:09:05',NULL),(56,'Ducimus aut dolore non non earum.',34,20,'2019-02-20 15:09:06','2019-02-20 15:09:06',NULL),(57,'Deserunt officia quos adipisci accusamus.',49,27,'2019-02-20 15:09:06','2019-02-20 15:09:06',NULL),(58,'Autem et error excepturi quae.',82,16,'2019-02-20 15:09:06','2019-02-20 15:09:06',NULL),(59,'Expedita aut nobis sit et officiis.',30,7,'2019-02-20 15:09:06','2019-02-20 15:09:06',NULL),(60,'Repudiandae nulla ab magni et delectus numquam.',83,2,'2019-02-20 15:09:06','2019-02-20 15:09:06',NULL),(61,'Id suscipit dolorem enim rem expedita distinctio voluptas.',96,13,'2019-02-20 15:09:06','2019-02-20 15:09:06',NULL),(62,'Dicta sunt excepturi sint rerum debitis ducimus fugit.',6,17,'2019-02-20 15:09:06','2019-02-20 15:09:06',NULL),(63,'Doloribus assumenda molestiae id voluptates sit voluptatem facilis iste voluptatibus.',81,7,'2019-02-20 15:09:06','2019-02-20 15:09:06',NULL),(64,'Eos quo ipsa atque sint suscipit voluptate suscipit ea.',42,1,'2019-02-20 15:09:06','2019-02-20 15:09:06',NULL),(65,'Quis sed a aliquid dolor nostrum voluptas.',13,21,'2019-02-20 15:09:06','2019-02-20 15:09:06',NULL),(66,'In dolorem mollitia quasi repellendus.',72,2,'2019-02-20 15:09:06','2019-02-20 15:09:06',NULL),(67,'Dignissimos est suscipit dolorem magni repellat ratione.',11,17,'2019-02-20 15:09:06','2019-02-20 15:09:06',NULL),(68,'Magnam aspernatur illo aut aut voluptas rerum dolorem maiores consectetur.',47,29,'2019-02-20 15:09:06','2019-02-20 15:09:06',NULL),(69,'Voluptas eos cumque non perferendis iste ut.',30,4,'2019-02-20 15:09:06','2019-02-20 15:09:06',NULL),(70,'Voluptate quo natus consequatur nemo voluptas.',7,1,'2019-02-20 15:09:06','2019-02-20 15:09:06',NULL),(71,'Ducimus est qui porro sed dolor architecto expedita animi voluptatibus.',39,19,'2019-02-20 15:09:06','2019-02-20 15:09:06',NULL),(72,'Et distinctio quasi sit corrupti tempore sint quas.',91,1,'2019-02-20 15:09:06','2019-02-20 15:09:06',NULL),(73,'Velit aliquam accusamus nulla nemo reprehenderit neque beatae maiores.',71,29,'2019-02-20 15:09:06','2019-02-20 15:09:06',NULL),(74,'Quae impedit qui occaecati animi.',65,19,'2019-02-20 15:09:06','2019-02-20 15:09:06',NULL),(75,'Quisquam vel ad iste voluptatum aut porro quam magnam maiores.',69,2,'2019-02-20 15:09:06','2019-02-20 15:09:06',NULL),(76,'Exercitationem enim veniam et facilis pariatur cum.',64,18,'2019-02-20 15:09:06','2019-02-20 15:09:06',NULL),(77,'Sequi voluptatem doloribus libero mollitia amet fugiat voluptatum eos.',98,24,'2019-02-20 15:09:06','2019-02-20 15:09:06',NULL),(78,'Et doloribus sint inventore quas.',22,6,'2019-02-20 15:09:06','2019-02-20 15:09:06',NULL),(79,'Earum sunt accusamus et eum ut voluptas id dolor ut.',62,31,'2019-02-20 15:09:06','2019-02-20 15:09:06',NULL),(80,'Ut laudantium maiores quia fugit est nulla quibusdam incidunt.',99,26,'2019-02-20 15:09:06','2019-02-20 15:09:06',NULL),(81,'Voluptatem dolor ipsam atque commodi accusantium quia veniam consequuntur quam.',77,13,'2019-02-20 15:09:06','2019-02-20 15:09:06',NULL),(82,'Soluta sunt beatae quo aut eos facilis ut vero officiis.',93,27,'2019-02-20 15:09:06','2019-02-20 15:09:06',NULL),(83,'Enim aut voluptas rerum id.',92,26,'2019-02-20 15:09:06','2019-02-20 15:09:06',NULL),(84,'Cumque quae nulla nisi sit officia.',28,5,'2019-02-20 15:09:06','2019-02-20 15:09:06',NULL),(85,'Natus occaecati et saepe praesentium est nostrum ut et.',66,9,'2019-02-20 15:09:06','2019-02-20 15:09:06',NULL),(86,'Perspiciatis est non consequatur nulla quis deleniti voluptatem qui occaecati.',32,15,'2019-02-20 15:09:06','2019-02-20 15:09:06',NULL),(87,'Molestias laboriosam nisi veniam est vel recusandae quisquam.',61,31,'2019-02-20 15:09:06','2019-02-20 15:09:06',NULL),(88,'Architecto id dolore quas tempore aut voluptatem illo.',75,24,'2019-02-20 15:09:06','2019-02-20 15:09:06',NULL),(89,'Sunt dignissimos error dolore voluptatibus voluptate recusandae blanditiis et.',92,14,'2019-02-20 15:09:07','2019-02-20 15:09:07',NULL),(90,'Sit sint sequi veritatis sunt quo iste.',71,25,'2019-02-20 15:09:07','2019-02-20 15:09:07',NULL),(91,'Accusamus est asperiores repudiandae et et.',44,11,'2019-02-20 15:09:07','2019-02-20 15:09:07',NULL),(92,'Quia quaerat quo quibusdam fugiat.',15,28,'2019-02-20 15:09:07','2019-02-20 15:09:07',NULL),(93,'Repudiandae sunt repellat quasi ipsum sapiente veritatis.',96,3,'2019-02-20 15:09:07','2019-02-20 15:09:07',NULL),(94,'Sed porro dolorem illum molestias eos quia.',78,8,'2019-02-20 15:09:07','2019-02-20 15:09:07',NULL),(95,'Repudiandae sit earum natus rerum rerum accusamus velit magnam.',60,26,'2019-02-20 15:09:07','2019-02-20 15:09:07',NULL),(96,'Aspernatur aut sed dicta dignissimos dolores molestiae in iste doloribus.',54,29,'2019-02-20 15:09:07','2019-02-20 15:09:07',NULL),(97,'Qui officiis quibusdam nesciunt necessitatibus et.',75,29,'2019-02-20 15:09:07','2019-02-20 15:09:07',NULL),(98,'Recusandae sit molestiae amet id molestias eligendi est enim fugit.',17,8,'2019-02-20 15:09:07','2019-02-20 15:09:07',NULL),(99,'Praesentium laboriosam perferendis adipisci est eos qui distinctio similique sapiente.',69,27,'2019-02-20 15:09:07','2019-02-20 15:09:07',NULL),(100,'Possimus impedit ut non quas aperiam laboriosam qui est et.',26,7,'2019-02-20 15:09:07','2019-02-20 15:09:07',NULL);



/*Table structure for table `evaluation_user` */



DROP TABLE IF EXISTS `evaluation_user`;



CREATE TABLE `evaluation_user` (
  `evaluation_id` int(10) unsigned NOT NULL,
  `user_id` int(10) unsigned NOT NULL,
  `answer` varchar(128) COLLATE utf8mb4_unicode_ci NOT NULL,
  `created_at` timestamp NULL DEFAULT NULL,
  `updated_at` timestamp NULL DEFAULT NULL,
  KEY `evaluation_user_evaluation_id_foreign` (`evaluation_id`),
  KEY `evaluation_user_user_id_foreign` (`user_id`),
  CONSTRAINT `evaluation_user_evaluation_id_foreign` FOREIGN KEY (`evaluation_id`) REFERENCES `evaluations` (`id`) ON DELETE CASCADE ON UPDATE CASCADE,
  CONSTRAINT `evaluation_user_user_id_foreign` FOREIGN KEY (`user_id`) REFERENCES `users` (`id`) ON DELETE CASCADE ON UPDATE CASCADE
) ENGINE=InnoDB DEFAULT CHARSET=utf8mb4 COLLATE=utf8mb4_unicode_ci;



/*Data for the table `evaluation_user` */



/*Table structure for table `evaluations` */



DROP TABLE IF EXISTS `evaluations`;



CREATE TABLE `evaluations` (
  `id` int(10) unsigned NOT NULL AUTO_INCREMENT,
  `name` varchar(120) COLLATE utf8mb4_unicode_ci NOT NULL,
  `slug` varchar(120) COLLATE utf8mb4_unicode_ci NOT NULL,
  `description` mediumtext COLLATE utf8mb4_unicode_ci,
  `time` int(10) unsigned NOT NULL,
  `status` tinyint(1) NOT NULL DEFAULT '0',
  `end_date` datetime NOT NULL,
  `total_question` tinyint(4) NOT NULL DEFAULT '10',
  `score` tinyint(4) NOT NULL DEFAULT '0',
  `user_id` int(10) unsigned NOT NULL,
  `matter_id` int(10) unsigned NOT NULL,
  `created_at` timestamp NULL DEFAULT NULL,
  `updated_at` timestamp NULL DEFAULT NULL,
  PRIMARY KEY (`id`),
  UNIQUE KEY `evaluations_slug_unique` (`slug`),
  KEY `evaluations_user_id_foreign` (`user_id`),
  KEY `evaluations_matter_id_foreign` (`matter_id`),
  CONSTRAINT `evaluations_matter_id_foreign` FOREIGN KEY (`matter_id`) REFERENCES `matters` (`id`) ON DELETE CASCADE ON UPDATE CASCADE,
  CONSTRAINT `evaluations_user_id_foreign` FOREIGN KEY (`user_id`) REFERENCES `users` (`id`) ON DELETE CASCADE ON UPDATE CASCADE
) ENGINE=InnoDB AUTO_INCREMENT=151 DEFAULT CHARSET=utf8mb4 COLLATE=utf8mb4_unicode_ci;



/*Data for the table `evaluations` */



insert  into `evaluations`(`id`,`name`,`slug`,`description`,`time`,`status`,`end_date`,`total_question`,`score`,`user_id`,`matter_id`,`created_at`,`updated_at`) values (1,'Magnam nam ipsam quis ut ad.','magnam-nam-ipsam-quis-ut-ad','Voluptate et rem ullam fuga et tempore nihil et corrupti neque inventore modi enim sed.',2125,1,'2019-02-20 15:09:17',10,0,5,12,'2019-02-20 15:09:17','2019-02-20 15:09:17'),(2,'Quod consequatur ea eum nisi.','quod-consequatur-ea-eum-nisi','Dolorem aut perspiciatis perspiciatis corporis voluptatem voluptates nesciunt ut atque consequatur et excepturi sapiente et.',1707,1,'2019-02-20 15:09:17',10,0,25,15,'2019-02-20 15:09:17','2019-02-20 15:09:17'),(3,'Itaque et aut.','itaque-et-aut','Fuga similique est vel quas cum velit et voluptas porro commodi doloribus et quos repellendus officia est impedit et aut molestias.',3750,1,'2019-02-20 15:09:17',10,0,9,42,'2019-02-20 15:09:17','2019-02-20 15:09:17'),(4,'Et molestiae dignissimos dignissimos natus.','et-molestiae-dignissimos-dignissimos-natus','Hic dolores fuga nihil velit deleniti consequatur placeat accusantium quas laborum ullam consequatur debitis voluptatum laboriosam eum qui.',1741,1,'2019-02-20 15:09:17',10,0,30,19,'2019-02-20 15:09:17','2019-02-20 15:09:17'),(5,'Qui reiciendis facere.','qui-reiciendis-facere','Porro optio ea et enim voluptatibus dolorem qui eos ut ea velit est omnis.',1066,1,'2019-02-20 15:09:17',10,0,16,43,'2019-02-20 15:09:17','2019-02-20 15:09:17'),(6,'Vel maiores amet.','vel-maiores-amet','Sit veniam distinctio et aut ipsa voluptatum esse dolor vel sit suscipit quo possimus quas perspiciatis.',1903,1,'2019-02-20 15:09:17',10,0,25,38,'2019-02-20 15:09:17','2019-02-20 15:09:17'),(7,'Sit quasi ea.','sit-quasi-ea','Sapiente soluta dolores laudantium eius debitis qui omnis et laborum doloremque eum tenetur placeat officiis voluptate explicabo.',3376,1,'2019-02-20 15:09:17',10,0,8,2,'2019-02-20 15:09:17','2019-02-20 15:09:17'),(8,'Qui voluptatibus cumque et officia.','qui-voluptatibus-cumque-et-officia','Quam in ut recusandae ex enim ut earum ipsam veritatis id temporibus hic et sit.',3035,1,'2019-02-20 15:09:17',10,0,29,14,'2019-02-20 15:09:17','2019-02-20 15:09:17'),(9,'Eveniet aspernatur enim.','eveniet-aspernatur-enim','Veniam fugiat et ad quis ut aliquid voluptas deserunt dolorem.',4202,1,'2019-02-20 15:09:17',10,0,6,10,'2019-02-20 15:09:17','2019-02-20 15:09:17'),(10,'Id animi nisi porro numquam et.','id-animi-nisi-porro-numquam-et','Dicta nihil autem amet nisi cupiditate unde aut sunt rerum.',4650,1,'2019-02-20 15:09:17',10,0,1,40,'2019-02-20 15:09:17','2019-02-20 15:09:17'),(11,'Incidunt modi fugiat aut.','incidunt-modi-fugiat-aut','Omnis dolores iusto qui quod exercitationem omnis dolor qui tempora iste a sint.',4679,1,'2019-02-20 15:09:17',10,0,16,10,'2019-02-20 15:09:17','2019-02-20 15:09:17'),(12,'Vel et harum modi.','vel-et-harum-modi','Accusamus qui dicta voluptas in est tempora natus alias cupiditate porro molestiae et tempore vel.',4790,1,'2019-02-20 15:09:17',10,0,29,27,'2019-02-20 15:09:17','2019-02-20 15:09:17'),(13,'Quia libero repellendus accusamus ea et.','quia-libero-repellendus-accusamus-ea-et','Iste quia est minima dolorem et sed saepe ipsum aut earum.',3848,1,'2019-02-20 15:09:17',10,0,18,3,'2019-02-20 15:09:17','2019-02-20 15:09:17'),(14,'Molestiae et voluptates.','molestiae-et-voluptates','Facilis eum consequuntur ut voluptatem reprehenderit deleniti est eum molestiae enim sapiente nihil aut impedit necessitatibus.',3402,1,'2019-02-20 15:09:17',10,0,9,8,'2019-02-20 15:09:18','2019-02-20 15:09:18'),(15,'Repellat sint reprehenderit aliquid quis.','repellat-sint-reprehenderit-aliquid-quis','Et eligendi esse a excepturi necessitatibus omnis minima voluptas debitis accusamus.',4596,1,'2019-02-20 15:09:17',10,0,4,16,'2019-02-20 15:09:18','2019-02-20 15:09:18'),(16,'Occaecati sit deleniti qui commodi qui.','occaecati-sit-deleniti-qui-commodi-qui','Minima consequatur praesentium et itaque nesciunt inventore cumque et consequatur velit.',1744,1,'2019-02-20 15:09:17',10,0,3,9,'2019-02-20 15:09:18','2019-02-20 15:09:18'),(17,'Soluta dolorem optio at nihil.','soluta-dolorem-optio-at-nihil','Maiores enim deserunt omnis molestiae molestiae mollitia quisquam vel aut.',1534,1,'2019-02-20 15:09:17',10,0,2,32,'2019-02-20 15:09:18','2019-02-20 15:09:18'),(18,'Ipsa pariatur maxime.','ipsa-pariatur-maxime','Vel a explicabo numquam culpa unde eligendi quaerat dicta ab temporibus.',2772,1,'2019-02-20 15:09:17',10,0,26,6,'2019-02-20 15:09:18','2019-02-20 15:09:18'),(19,'Recusandae doloribus qui culpa voluptatem.','recusandae-doloribus-qui-culpa-voluptatem','Et distinctio maxime placeat vero et sunt fugiat qui ab architecto est.',2090,1,'2019-02-20 15:09:17',10,0,18,24,'2019-02-20 15:09:18','2019-02-20 15:09:18'),(20,'Error sapiente perspiciatis et.','error-sapiente-perspiciatis-et','Qui dolore ipsum est rerum recusandae quia consectetur quidem nihil qui quae velit minus nobis omnis.',4590,1,'2019-02-20 15:09:17',10,0,9,38,'2019-02-20 15:09:18','2019-02-20 15:09:18'),(21,'Nulla fuga sit quia hic.','nulla-fuga-sit-quia-hic','Sit ut dolorem aut eos sed occaecati voluptas cupiditate eos voluptatum.',2627,1,'2019-02-20 15:09:17',10,0,1,38,'2019-02-20 15:09:18','2019-02-20 15:09:18'),(22,'Laudantium est tempora autem et earum.','laudantium-est-tempora-autem-et-earum','Nisi totam qui officiis qui reprehenderit magni rerum vel sequi sit harum accusantium voluptatem autem sit maiores.',2649,1,'2019-02-20 15:09:17',10,0,26,43,'2019-02-20 15:09:18','2019-02-20 15:09:18'),(23,'Quo alias et voluptas velit.','quo-alias-et-voluptas-velit','Cum qui natus molestiae omnis vel voluptas voluptatem a nemo eaque.',2341,1,'2019-02-20 15:09:17',10,0,8,35,'2019-02-20 15:09:18','2019-02-20 15:09:18'),(24,'Repellendus pariatur distinctio fugiat.','repellendus-pariatur-distinctio-fugiat','Vel magni optio et consectetur quaerat officia libero quisquam sit et ea totam id placeat nulla odio.',2311,1,'2019-02-20 15:09:17',10,0,11,27,'2019-02-20 15:09:18','2019-02-20 15:09:18'),(25,'Id dolore eos architecto.','id-dolore-eos-architecto','Nemo voluptatem consectetur sit optio esse eius eligendi odit et sint illum nesciunt reiciendis vitae nemo facere.',3434,1,'2019-02-20 15:09:17',10,0,21,45,'2019-02-20 15:09:18','2019-02-20 15:09:18'),(26,'Asperiores dolores est impedit.','asperiores-dolores-est-impedit','Ut est quod nihil quia qui non accusantium impedit omnis velit repellat sit itaque non dolorem occaecati ipsa enim reiciendis doloremque.',2656,1,'2019-02-20 15:09:17',10,0,25,12,'2019-02-20 15:09:18','2019-02-20 15:09:18'),(27,'Quasi corporis id amet ipsum.','quasi-corporis-id-amet-ipsum','Est reiciendis rerum molestiae omnis cupiditate voluptas dicta cupiditate maxime dicta corrupti ut voluptatem reprehenderit excepturi ratione laborum porro a nihil.',3144,1,'2019-02-20 15:09:17',10,0,5,3,'2019-02-20 15:09:18','2019-02-20 15:09:18'),(28,'Et ex officia occaecati consequatur.','et-ex-officia-occaecati-consequatur','Debitis ipsam numquam quis unde praesentium ipsum nihil cumque ipsam odio.',4758,1,'2019-02-20 15:09:17',10,0,12,50,'2019-02-20 15:09:18','2019-02-20 15:09:18'),(29,'Sint vel illo cumque laudantium.','sint-vel-illo-cumque-laudantium','Repudiandae qui earum aspernatur aut quibusdam aliquam autem accusamus incidunt est sed corporis in alias perferendis ad consequatur qui asperiores.',4795,1,'2019-02-20 15:09:17',10,0,20,11,'2019-02-20 15:09:18','2019-02-20 15:09:18'),(30,'Fugiat voluptate quidem rerum laborum.','fugiat-voluptate-quidem-rerum-laborum','Natus possimus omnis provident architecto et ut animi inventore tempore nobis.',3766,1,'2019-02-20 15:09:17',10,0,6,9,'2019-02-20 15:09:18','2019-02-20 15:09:18'),(31,'Ut quae dolorum et expedita ut.','ut-quae-dolorum-et-expedita-ut','Eligendi id molestias sapiente voluptas molestiae rerum placeat similique quisquam perferendis eveniet iure eum eos expedita sit voluptatum.',1507,1,'2019-02-20 15:09:17',10,0,23,21,'2019-02-20 15:09:18','2019-02-20 15:09:18'),(32,'Laboriosam quas ut labore quia doloremque.','laboriosam-quas-ut-labore-quia-doloremque','Nobis sit repellendus minima non qui harum omnis neque voluptas omnis.',3249,1,'2019-02-20 15:09:17',10,0,30,47,'2019-02-20 15:09:18','2019-02-20 15:09:18'),(33,'Consequatur dolores dolor.','consequatur-dolores-dolor','Voluptatem enim dolor nostrum veritatis cumque enim libero mollitia facilis quia dolorem amet excepturi animi qui saepe labore harum dicta.',3410,1,'2019-02-20 15:09:17',10,0,30,23,'2019-02-20 15:09:18','2019-02-20 15:09:18'),(34,'Voluptatem aspernatur ad.','voluptatem-aspernatur-ad','Est laborum ut sint fugit accusamus officia aut est beatae qui voluptatem aut.',4270,1,'2019-02-20 15:09:17',10,0,7,43,'2019-02-20 15:09:18','2019-02-20 15:09:18'),(35,'Sunt soluta et et.','sunt-soluta-et-et','Quo ipsum voluptatem officia sunt ut quia eos est earum.',4300,1,'2019-02-20 15:09:17',10,0,23,42,'2019-02-20 15:09:18','2019-02-20 15:09:18'),(36,'Minus ad soluta molestiae in.','minus-ad-soluta-molestiae-in','Reiciendis culpa est eos quia provident sunt voluptatem eum ab ipsam nihil alias inventore.',1732,1,'2019-02-20 15:09:17',10,0,27,21,'2019-02-20 15:09:18','2019-02-20 15:09:18'),(37,'Est totam rem.','est-totam-rem','Molestias eos vel consectetur dolorum deserunt et laudantium sint officia quibusdam eveniet dolore qui est tempora pariatur.',1606,1,'2019-02-20 15:09:17',10,0,17,27,'2019-02-20 15:09:18','2019-02-20 15:09:18'),(38,'Necessitatibus cupiditate perspiciatis iste consequatur saepe.','necessitatibus-cupiditate-perspiciatis-iste-consequatur-saepe','Minus perspiciatis nisi rerum vel sequi provident dolor numquam qui et doloremque aperiam autem nemo voluptas animi ea omnis nam quod.',3554,1,'2019-02-20 15:09:17',10,0,21,16,'2019-02-20 15:09:18','2019-02-20 15:09:18'),(39,'Hic voluptatibus expedita.','hic-voluptatibus-expedita','Illum libero natus modi neque et sint officiis provident harum sint et harum sit ab saepe voluptatum optio quaerat sapiente.',4330,1,'2019-02-20 15:09:17',10,0,16,35,'2019-02-20 15:09:18','2019-02-20 15:09:18'),(40,'Et reiciendis ad voluptatem.','et-reiciendis-ad-voluptatem','Mollitia velit ut pariatur occaecati provident saepe vitae aperiam id aut ut.',1906,1,'2019-02-20 15:09:17',10,0,6,48,'2019-02-20 15:09:18','2019-02-20 15:09:18'),(41,'Repudiandae corporis illo voluptates iure.','repudiandae-corporis-illo-voluptates-iure','Consequatur quia corrupti alias beatae minima nesciunt harum hic aliquid.',2708,1,'2019-02-20 15:09:17',10,0,25,26,'2019-02-20 15:09:18','2019-02-20 15:09:18'),(42,'Sapiente voluptas qui architecto.','sapiente-voluptas-qui-architecto','Soluta vel dolorem esse rerum non consequuntur qui voluptas esse enim perspiciatis a eius modi officiis deleniti nostrum minima in praesentium.',4923,1,'2019-02-20 15:09:17',10,0,10,49,'2019-02-20 15:09:18','2019-02-20 15:09:18'),(43,'At fugiat omnis dolorem facilis.','at-fugiat-omnis-dolorem-facilis','Qui odio soluta nihil explicabo omnis quam et alias ut sed voluptatem.',1229,1,'2019-02-20 15:09:17',10,0,20,18,'2019-02-20 15:09:18','2019-02-20 15:09:18'),(44,'Omnis consequatur soluta.','omnis-consequatur-soluta','Autem et sed nobis accusantium ullam quasi molestiae non sunt.',2810,1,'2019-02-20 15:09:17',10,0,19,42,'2019-02-20 15:09:18','2019-02-20 15:09:18'),(45,'Aperiam quia reprehenderit.','aperiam-quia-reprehenderit','Perspiciatis nam qui consectetur adipisci sit blanditiis qui odio voluptates voluptas inventore nihil unde maiores nemo sint.',3234,1,'2019-02-20 15:09:17',10,0,15,12,'2019-02-20 15:09:18','2019-02-20 15:09:18'),(46,'Omnis magni nihil ut expedita.','omnis-magni-nihil-ut-expedita','Et illo accusamus sit incidunt nemo quis tenetur unde fuga quia officiis officiis unde est hic nulla beatae rerum.',1009,1,'2019-02-20 15:09:17',10,0,4,1,'2019-02-20 15:09:18','2019-02-20 15:09:18'),(47,'Culpa corrupti dignissimos non et molestiae.','culpa-corrupti-dignissimos-non-et-molestiae','Maxime optio culpa optio omnis cumque molestias quidem dolorum ipsum occaecati beatae tempora qui minima optio quibusdam inventore est itaque.',3970,1,'2019-02-20 15:09:17',10,0,8,38,'2019-02-20 15:09:18','2019-02-20 15:09:18'),(48,'Iste molestias optio deserunt vel et.','iste-molestias-optio-deserunt-vel-et','Dolor cum delectus excepturi sit eos animi quaerat eos quia eum rerum placeat omnis vel qui dolorum culpa vel laboriosam.',4083,1,'2019-02-20 15:09:17',10,0,9,35,'2019-02-20 15:09:18','2019-02-20 15:09:18'),(49,'Atque sed et ullam similique explicabo.','atque-sed-et-ullam-similique-explicabo','Nostrum autem corporis aliquid voluptas quae assumenda aut reprehenderit enim tempora incidunt magnam qui illum.',1954,1,'2019-02-20 15:09:17',10,0,19,30,'2019-02-20 15:09:18','2019-02-20 15:09:18'),(50,'Eum vero sunt laboriosam.','eum-vero-sunt-laboriosam','Ea nesciunt officia vel eum voluptas quidem eos odit est harum et placeat tempore dolorum velit veritatis.',3402,1,'2019-02-20 15:09:17',10,0,15,17,'2019-02-20 15:09:19','2019-02-20 15:09:19'),(51,'Asperiores vel aperiam.','asperiores-vel-aperiam','Vel est ut qui aut voluptas consectetur quia quia dolorem.',2577,1,'2019-02-20 15:09:17',10,0,25,50,'2019-02-20 15:09:19','2019-02-20 15:09:19'),(52,'Cum nisi laborum voluptas qui.','cum-nisi-laborum-voluptas-qui','Et qui unde doloremque pariatur officiis incidunt quas quibusdam corrupti a quasi incidunt et exercitationem doloremque doloribus tempore voluptate et rerum.',1184,1,'2019-02-20 15:09:17',10,0,15,1,'2019-02-20 15:09:19','2019-02-20 15:09:19'),(53,'Soluta magnam unde dolorem.','soluta-magnam-unde-dolorem','Commodi autem ut quis vel corrupti animi nobis expedita inventore dolore cum omnis est suscipit voluptas soluta fugiat.',4903,1,'2019-02-20 15:09:17',10,0,30,18,'2019-02-20 15:09:19','2019-02-20 15:09:19'),(54,'Sed aut labore ipsa.','sed-aut-labore-ipsa','Quia vitae sed vel ducimus quia vero qui veritatis aut et accusantium qui sint sed velit autem.',1662,1,'2019-02-20 15:09:17',10,0,24,48,'2019-02-20 15:09:19','2019-02-20 15:09:19'),(55,'Odio et magnam sit.','odio-et-magnam-sit','Magni aut voluptate modi fugiat aut voluptatem dolor fuga et aliquid.',2754,1,'2019-02-20 15:09:17',10,0,29,29,'2019-02-20 15:09:19','2019-02-20 15:09:19'),(56,'Totam numquam dolor sit.','totam-numquam-dolor-sit','Earum illo sed soluta mollitia velit incidunt id omnis repudiandae tempora cum commodi distinctio est in reiciendis.',2575,1,'2019-02-20 15:09:17',10,0,20,44,'2019-02-20 15:09:19','2019-02-20 15:09:19'),(57,'Non officiis id.','non-officiis-id','Tenetur aliquid quidem omnis asperiores nisi facilis et ex mollitia quidem nulla hic dolor quibusdam recusandae quibusdam ex dolores.',3700,1,'2019-02-20 15:09:17',10,0,9,42,'2019-02-20 15:09:19','2019-02-20 15:09:19'),(58,'Sequi ad repudiandae amet.','sequi-ad-repudiandae-amet','Omnis adipisci a mollitia corrupti laboriosam qui velit facere excepturi illo occaecati perspiciatis iste omnis quis amet omnis officiis aut.',3938,1,'2019-02-20 15:09:17',10,0,26,40,'2019-02-20 15:09:19','2019-02-20 15:09:19'),(59,'Expedita a dolorem veritatis.','expedita-a-dolorem-veritatis','Itaque atque cumque corporis a quod molestiae atque iure nihil eum nobis.',2720,1,'2019-02-20 15:09:17',10,0,21,28,'2019-02-20 15:09:19','2019-02-20 15:09:19'),(60,'Eos nemo aut non quas.','eos-nemo-aut-non-quas','Rerum molestiae a omnis possimus corrupti aut repellat quia maiores quo sint repellendus.',1601,1,'2019-02-20 15:09:17',10,0,7,21,'2019-02-20 15:09:19','2019-02-20 15:09:19'),(61,'Et nesciunt recusandae nihil voluptatibus.','et-nesciunt-recusandae-nihil-voluptatibus','Et velit ad quod dicta rem quia excepturi saepe dicta ad non.',3148,1,'2019-02-20 15:09:17',10,0,28,31,'2019-02-20 15:09:19','2019-02-20 15:09:19'),(62,'Corrupti ipsum nihil.','corrupti-ipsum-nihil','Ut quidem deleniti sint quisquam tenetur est qui explicabo minus quia modi illo.',4237,1,'2019-02-20 15:09:17',10,0,16,24,'2019-02-20 15:09:19','2019-02-20 15:09:19'),(63,'Fugit ut numquam qui voluptates.','fugit-ut-numquam-qui-voluptates','Odit recusandae ut a repudiandae sit est nostrum impedit nemo natus quia repellendus vel quam architecto.',1308,1,'2019-02-20 15:09:17',10,0,15,21,'2019-02-20 15:09:19','2019-02-20 15:09:19'),(64,'Voluptatem itaque minus doloribus dolorem consequuntur.','voluptatem-itaque-minus-doloribus-dolorem-consequuntur','Deserunt alias sit eum omnis quis quasi perferendis in quia quia.',2804,1,'2019-02-20 15:09:17',10,0,27,34,'2019-02-20 15:09:19','2019-02-20 15:09:19'),(65,'Nihil eveniet necessitatibus.','nihil-eveniet-necessitatibus','Eos ratione dolore quia consequuntur tempore velit magnam voluptates aliquid excepturi quam debitis provident odit voluptatem maxime voluptas non accusamus.',1266,1,'2019-02-20 15:09:17',10,0,1,15,'2019-02-20 15:09:19','2019-02-20 15:09:19'),(66,'Repudiandae perspiciatis eos labore sed.','repudiandae-perspiciatis-eos-labore-sed','Dolore facere odit quia aliquam rem ullam quis vel dolorem error reprehenderit doloribus fugiat voluptatum sed impedit et soluta neque.',3680,1,'2019-02-20 15:09:17',10,0,6,20,'2019-02-20 15:09:19','2019-02-20 15:09:19'),(67,'Harum ipsa qui.','harum-ipsa-qui','Iusto aut id aspernatur suscipit illo dolores hic doloribus blanditiis ipsam minima magnam laboriosam quia est et impedit provident aut et.',2667,1,'2019-02-20 15:09:17',10,0,16,15,'2019-02-20 15:09:19','2019-02-20 15:09:19'),(68,'Repudiandae ipsam quibusdam quisquam est suscipit.','repudiandae-ipsam-quibusdam-quisquam-est-suscipit','Sed soluta reprehenderit quo voluptas facilis et quas illo quis ut rem odio molestiae.',4686,1,'2019-02-20 15:09:17',10,0,12,27,'2019-02-20 15:09:19','2019-02-20 15:09:19'),(69,'Assumenda cum culpa labore dolorum.','assumenda-cum-culpa-labore-dolorum','Fuga aliquid eaque praesentium aut tenetur commodi similique voluptatem qui aut doloremque.',1837,1,'2019-02-20 15:09:17',10,0,18,27,'2019-02-20 15:09:19','2019-02-20 15:09:19'),(70,'Delectus dolor explicabo amet officiis.','delectus-dolor-explicabo-amet-officiis','Molestiae qui officia maiores maxime sapiente animi optio assumenda eos minus quia sed autem debitis assumenda sed voluptatem.',2418,1,'2019-02-20 15:09:17',10,0,5,18,'2019-02-20 15:09:19','2019-02-20 15:09:19'),(71,'Rerum iste eos.','rerum-iste-eos','Molestiae commodi ut totam qui ut quas optio deserunt porro est sequi animi unde officiis repellendus perferendis culpa at autem cumque.',4281,1,'2019-02-20 15:09:17',10,0,13,49,'2019-02-20 15:09:19','2019-02-20 15:09:19'),(72,'Aliquid repellat incidunt ad.','aliquid-repellat-incidunt-ad','Quia tempore nihil accusantium minima sint at soluta quidem voluptatem iusto libero ducimus quidem.',2573,1,'2019-02-20 15:09:17',10,0,25,38,'2019-02-20 15:09:19','2019-02-20 15:09:19'),(73,'Quaerat est voluptas dolores quas.','quaerat-est-voluptas-dolores-quas','Earum rem labore sapiente quos accusantium nulla delectus harum distinctio est veniam delectus magnam nihil excepturi voluptas cupiditate optio.',4387,1,'2019-02-20 15:09:17',10,0,19,26,'2019-02-20 15:09:19','2019-02-20 15:09:19'),(74,'Et quis animi.','et-quis-animi','In sunt qui quaerat repellendus reiciendis sit ad nesciunt consequatur debitis aut nobis deleniti nostrum aliquid corrupti sequi ut porro.',4343,1,'2019-02-20 15:09:17',10,0,7,31,'2019-02-20 15:09:19','2019-02-20 15:09:19'),(75,'Laudantium maiores sunt voluptatem culpa.','laudantium-maiores-sunt-voluptatem-culpa','Debitis vel voluptas saepe atque omnis excepturi dolores quo harum labore a quia omnis quo.',2996,1,'2019-02-20 15:09:17',10,0,20,49,'2019-02-20 15:09:19','2019-02-20 15:09:19'),(76,'Commodi quos dolores commodi.','commodi-quos-dolores-commodi','Expedita adipisci sit sequi nemo vel officiis corporis facilis quis sed.',4018,1,'2019-02-20 15:09:17',10,0,18,11,'2019-02-20 15:09:19','2019-02-20 15:09:19'),(77,'Voluptatem velit reprehenderit et.','voluptatem-velit-reprehenderit-et','Est numquam dolor aliquid perferendis ea aliquam sit sunt eaque et aspernatur.',2992,1,'2019-02-20 15:09:17',10,0,6,32,'2019-02-20 15:09:19','2019-02-20 15:09:19'),(78,'Laboriosam corporis saepe similique.','laboriosam-corporis-saepe-similique','Sunt consequatur voluptas qui et pariatur excepturi est omnis et soluta quod ipsum totam.',4037,1,'2019-02-20 15:09:17',10,0,6,1,'2019-02-20 15:09:19','2019-02-20 15:09:19'),(79,'Repudiandae iure mollitia dolores sit.','repudiandae-iure-mollitia-dolores-sit','Adipisci ullam tempore sunt tempora qui aut ratione corporis consectetur ea esse nemo et iure voluptatem.',1771,1,'2019-02-20 15:09:17',10,0,26,12,'2019-02-20 15:09:19','2019-02-20 15:09:19'),(80,'Facere dolor qui consequatur nobis.','facere-dolor-qui-consequatur-nobis','Ullam expedita suscipit molestiae tempore odit quo nihil nulla sit culpa distinctio quia exercitationem accusantium ex consequuntur quod.',4082,1,'2019-02-20 15:09:17',10,0,11,31,'2019-02-20 15:09:19','2019-02-20 15:09:19'),(81,'Aspernatur enim ullam.','aspernatur-enim-ullam','Aut fuga sed qui maiores blanditiis iste ut quas recusandae excepturi blanditiis labore repudiandae distinctio delectus eaque.',4153,1,'2019-02-20 15:09:17',10,0,5,50,'2019-02-20 15:09:19','2019-02-20 15:09:19'),(82,'Beatae rerum ut.','beatae-rerum-ut','Harum quis a molestiae facilis sunt magnam reprehenderit molestiae nihil optio eos aut ipsam facilis quia qui.',3746,1,'2019-02-20 15:09:17',10,0,13,44,'2019-02-20 15:09:19','2019-02-20 15:09:19'),(83,'Dolorem atque est.','dolorem-atque-est','Aspernatur est facere dolorum qui dolore dolor vel recusandae in sapiente dolorem deleniti fugiat maiores quis sit et quas voluptas.',4416,1,'2019-02-20 15:09:17',10,0,22,46,'2019-02-20 15:09:19','2019-02-20 15:09:19'),(84,'Quasi voluptates et consequuntur aut odit.','quasi-voluptates-et-consequuntur-aut-odit','Maiores totam nam ab mollitia commodi dolorum eligendi voluptates voluptatem quaerat ut.',4813,1,'2019-02-20 15:09:17',10,0,6,3,'2019-02-20 15:09:19','2019-02-20 15:09:19'),(85,'Officiis autem ut doloribus.','officiis-autem-ut-doloribus','Et eos alias et quas nisi aliquam rerum quo at sed.',1903,1,'2019-02-20 15:09:17',10,0,24,19,'2019-02-20 15:09:19','2019-02-20 15:09:19'),(86,'Dolores harum occaecati non voluptate corporis.','dolores-harum-occaecati-non-voluptate-corporis','Et quam omnis sit optio molestiae non deleniti nisi et accusantium officia.',1701,1,'2019-02-20 15:09:17',10,0,25,43,'2019-02-20 15:09:19','2019-02-20 15:09:19'),(87,'Et ullam adipisci ab corporis.','et-ullam-adipisci-ab-corporis','Qui doloremque aut quod nisi asperiores voluptas dignissimos et debitis sapiente eos.',4657,1,'2019-02-20 15:09:17',10,0,9,12,'2019-02-20 15:09:19','2019-02-20 15:09:19'),(88,'Et ut fuga ad facilis.','et-ut-fuga-ad-facilis','Voluptatibus eius id doloremque et nulla deserunt adipisci et quia nemo eaque adipisci eos sunt.',1779,1,'2019-02-20 15:09:17',10,0,22,43,'2019-02-20 15:09:19','2019-02-20 15:09:19'),(89,'Et expedita ut sed.','et-expedita-ut-sed','Ipsa iure tempore incidunt dolores ut laborum aliquid enim officia similique libero aut voluptas officiis illum sed.',2503,1,'2019-02-20 15:09:17',10,0,5,10,'2019-02-20 15:09:19','2019-02-20 15:09:19'),(90,'Consectetur sit dolor a quo.','consectetur-sit-dolor-a-quo','Error veritatis velit possimus quibusdam esse animi nisi tempora repellat.',4408,1,'2019-02-20 15:09:17',10,0,23,11,'2019-02-20 15:09:19','2019-02-20 15:09:19'),(91,'Voluptates nemo aspernatur tempora voluptatem facere.','voluptates-nemo-aspernatur-tempora-voluptatem-facere','Occaecati accusamus et distinctio non maiores atque dolorem et delectus officia eos quia eum fugit corporis iusto.',3890,1,'2019-02-20 15:09:17',10,0,15,7,'2019-02-20 15:09:19','2019-02-20 15:09:19'),(92,'Error sit maiores.','error-sit-maiores','Quia repudiandae perspiciatis nihil consequatur odit enim aliquid quis voluptas deserunt quisquam quaerat cumque sapiente inventore maiores cum.',1077,1,'2019-02-20 15:09:17',10,0,25,41,'2019-02-20 15:09:19','2019-02-20 15:09:19'),(93,'Maxime enim numquam dolor.','maxime-enim-numquam-dolor','Magnam distinctio qui rerum eius eligendi ex at aliquid nostrum necessitatibus molestiae voluptatem est rerum et perspiciatis molestias.',1085,1,'2019-02-20 15:09:17',10,0,7,1,'2019-02-20 15:09:19','2019-02-20 15:09:19'),(94,'Delectus neque error tenetur sequi.','delectus-neque-error-tenetur-sequi','Ad hic modi autem laboriosam adipisci accusamus temporibus eos minima.',2328,1,'2019-02-20 15:09:17',10,0,1,22,'2019-02-20 15:09:20','2019-02-20 15:09:20'),(95,'Quaerat est corrupti aut beatae.','quaerat-est-corrupti-aut-beatae','Id necessitatibus voluptatibus alias eos qui ut quis est nisi.',1806,1,'2019-02-20 15:09:17',10,0,29,38,'2019-02-20 15:09:20','2019-02-20 15:09:20'),(96,'Et quos dignissimos.','et-quos-dignissimos','Iste velit qui aliquam occaecati at quidem et temporibus sapiente quo libero velit.',2217,1,'2019-02-20 15:09:17',10,0,16,16,'2019-02-20 15:09:20','2019-02-20 15:09:20'),(97,'Accusamus debitis harum quidem sit.','accusamus-debitis-harum-quidem-sit','Praesentium at quasi dignissimos voluptatibus delectus veniam non voluptatem repellat.',3753,1,'2019-02-20 15:09:17',10,0,23,50,'2019-02-20 15:09:20','2019-02-20 15:09:20'),(98,'Dolor cum ad sint odio unde.','dolor-cum-ad-sint-odio-unde','Natus sit et velit earum neque numquam voluptatibus quisquam quisquam.',3712,1,'2019-02-20 15:09:17',10,0,4,46,'2019-02-20 15:09:20','2019-02-20 15:09:20'),(99,'Dolor eligendi totam.','dolor-eligendi-totam','Et enim repudiandae delectus doloribus et mollitia facere quos numquam id impedit dolor inventore et.',4948,1,'2019-02-20 15:09:17',10,0,25,4,'2019-02-20 15:09:20','2019-02-20 15:09:20'),(100,'Sed earum et ut similique fugit.','sed-earum-et-ut-similique-fugit','Id voluptates et vel omnis possimus itaque dolorem distinctio ratione rerum reiciendis dignissimos voluptatem nesciunt quaerat quidem accusantium itaque sit tempore aspernatur.',4047,1,'2019-02-20 15:09:17',10,0,9,24,'2019-02-20 15:09:20','2019-02-20 15:09:20'),(101,'Sed eum autem ea sapiente adipisci.','sed-eum-autem-ea-sapiente-adipisci','Ut natus natus mollitia ex molestias ut laudantium enim voluptatem et ut et quia iusto.',1955,1,'2019-02-20 15:09:17',10,0,8,25,'2019-02-20 15:09:20','2019-02-20 15:09:20'),(102,'Voluptas ducimus harum excepturi.','voluptas-ducimus-harum-excepturi','Dolore odit id quidem saepe dolorem cum culpa magni voluptatem nisi qui accusamus.',3253,1,'2019-02-20 15:09:17',10,0,26,46,'2019-02-20 15:09:20','2019-02-20 15:09:20'),(103,'Voluptas perferendis vero ea eos.','voluptas-perferendis-vero-ea-eos','Vero perferendis dolore itaque recusandae doloribus sunt officiis qui doloribus aut quia consequuntur deleniti ut ab id ut beatae.',2525,1,'2019-02-20 15:09:17',10,0,28,43,'2019-02-20 15:09:20','2019-02-20 15:09:20'),(104,'Natus nulla autem ea quia.','natus-nulla-autem-ea-quia','Perspiciatis qui animi tenetur ab quia cumque eius similique blanditiis qui quam laudantium ducimus nulla molestiae iusto dolorem odio.',4676,1,'2019-02-20 15:09:17',10,0,25,18,'2019-02-20 15:09:20','2019-02-20 15:09:20'),(105,'Delectus nulla est quas.','delectus-nulla-est-quas','Corrupti eum architecto cumque dicta libero velit perferendis est commodi quia corrupti cumque.',3168,1,'2019-02-20 15:09:17',10,0,10,5,'2019-02-20 15:09:20','2019-02-20 15:09:20'),(106,'Eum qui tempore laudantium.','eum-qui-tempore-laudantium','Et ducimus vel fugiat et velit eum in qui omnis dolores.',1704,1,'2019-02-20 15:09:17',10,0,30,49,'2019-02-20 15:09:20','2019-02-20 15:09:20'),(107,'Quam recusandae voluptate nam.','quam-recusandae-voluptate-nam','Ducimus eius nobis quia saepe voluptate consequatur ducimus ratione magnam molestiae corrupti et nemo voluptas impedit pariatur est nostrum.',3019,1,'2019-02-20 15:09:17',10,0,6,43,'2019-02-20 15:09:20','2019-02-20 15:09:20'),(108,'Tenetur error eum velit recusandae.','tenetur-error-eum-velit-recusandae','Quasi in iste ex libero sit blanditiis autem amet impedit.',2463,1,'2019-02-20 15:09:17',10,0,30,6,'2019-02-20 15:09:20','2019-02-20 15:09:20'),(109,'Non tempore et sed quia.','non-tempore-et-sed-quia','Et sunt rerum consequuntur aut cupiditate molestias non esse ullam rerum eos.',3007,1,'2019-02-20 15:09:17',10,0,5,9,'2019-02-20 15:09:20','2019-02-20 15:09:20'),(110,'Et voluptatem architecto sequi.','et-voluptatem-architecto-sequi','Facilis reprehenderit sit sed libero qui autem debitis velit ipsum repellendus possimus.',2065,1,'2019-02-20 15:09:17',10,0,16,37,'2019-02-20 15:09:20','2019-02-20 15:09:20'),(111,'Explicabo aspernatur voluptas.','explicabo-aspernatur-voluptas','Reiciendis laudantium facere quis sit laudantium vel fuga amet voluptatem eius.',2924,1,'2019-02-20 15:09:17',10,0,18,20,'2019-02-20 15:09:20','2019-02-20 15:09:20'),(112,'Eum fugiat rerum.','eum-fugiat-rerum','Nesciunt voluptatem et distinctio quia exercitationem facilis modi sed occaecati distinctio eum ipsam amet ut est doloribus aut voluptate maxime.',2938,1,'2019-02-20 15:09:17',10,0,23,42,'2019-02-20 15:09:20','2019-02-20 15:09:20'),(113,'Est illum ipsam optio cum.','est-illum-ipsam-optio-cum','Aspernatur esse eum qui ab consectetur ea dolores illo aut soluta voluptatum totam voluptatem perferendis dignissimos ut reprehenderit.',1033,1,'2019-02-20 15:09:17',10,0,22,21,'2019-02-20 15:09:20','2019-02-20 15:09:20'),(114,'Est provident ut exercitationem at quisquam.','est-provident-ut-exercitationem-at-quisquam','Est quas qui dolores modi eius sed aspernatur voluptatem voluptas laborum ducimus accusantium vero et.',4940,1,'2019-02-20 15:09:17',10,0,2,6,'2019-02-20 15:09:20','2019-02-20 15:09:20'),(115,'Possimus distinctio velit.','possimus-distinctio-velit','Eveniet adipisci illo recusandae necessitatibus debitis doloremque animi expedita quae.',4499,1,'2019-02-20 15:09:17',10,0,29,26,'2019-02-20 15:09:20','2019-02-20 15:09:20'),(116,'Quia impedit natus.','quia-impedit-natus','Quis similique praesentium atque at consectetur illum neque est laboriosam nostrum enim asperiores recusandae.',1902,1,'2019-02-20 15:09:17',10,0,4,35,'2019-02-20 15:09:20','2019-02-20 15:09:20'),(117,'Totam at repellat voluptas.','totam-at-repellat-voluptas','Consequatur enim commodi officia eaque et qui omnis et architecto dolor sint optio consequatur nostrum aut dolore voluptatem accusantium.',3621,1,'2019-02-20 15:09:17',10,0,10,38,'2019-02-20 15:09:20','2019-02-20 15:09:20'),(118,'Quis laboriosam qui debitis.','quis-laboriosam-qui-debitis','Aliquid ut corporis velit iure eum molestiae facilis rerum amet quo a maxime alias omnis et est.',1764,1,'2019-02-20 15:09:17',10,0,10,33,'2019-02-20 15:09:20','2019-02-20 15:09:20'),(119,'Est in est.','est-in-est','Dicta quidem ut ab placeat fugit ratione nihil hic aliquam debitis vero fuga sed corporis.',3319,1,'2019-02-20 15:09:17',10,0,17,21,'2019-02-20 15:09:20','2019-02-20 15:09:20'),(120,'Eum modi magnam officia.','eum-modi-magnam-officia','Optio consequuntur itaque fugit tempora similique soluta velit modi atque possimus dolor.',3290,1,'2019-02-20 15:09:17',10,0,7,38,'2019-02-20 15:09:20','2019-02-20 15:09:20'),(121,'Sit ut magni.','sit-ut-magni','Dolores et in itaque enim animi dolores sequi vitae in expedita aut aut eum est.',2856,1,'2019-02-20 15:09:17',10,0,16,25,'2019-02-20 15:09:20','2019-02-20 15:09:20'),(122,'Quo error et est aperiam et.','quo-error-et-est-aperiam-et','Aut nostrum voluptate qui harum quidem enim rerum totam iusto eos minima eveniet.',3544,1,'2019-02-20 15:09:17',10,0,25,49,'2019-02-20 15:09:20','2019-02-20 15:09:20'),(123,'Voluptatum molestiae ipsa fugiat aperiam.','voluptatum-molestiae-ipsa-fugiat-aperiam','Dolorem omnis minima minus tenetur voluptatem corrupti voluptatem labore deserunt dolorum pariatur aut velit.',4508,1,'2019-02-20 15:09:17',10,0,14,31,'2019-02-20 15:09:20','2019-02-20 15:09:20'),(124,'Magni qui beatae a ab.','magni-qui-beatae-a-ab','Architecto libero cumque dolores sint ea earum et velit beatae.',3585,1,'2019-02-20 15:09:17',10,0,11,31,'2019-02-20 15:09:20','2019-02-20 15:09:20'),(125,'Natus eos libero aut.','natus-eos-libero-aut','Rem autem laudantium quis deserunt debitis quod voluptatem ut suscipit voluptatibus qui sapiente quod at magnam recusandae id iure.',4881,1,'2019-02-20 15:09:17',10,0,22,15,'2019-02-20 15:09:20','2019-02-20 15:09:20'),(126,'Possimus ab debitis voluptates.','possimus-ab-debitis-voluptates','Cupiditate qui aperiam blanditiis provident non illum qui ea mollitia consequatur laborum sit voluptas aliquid dolores sint incidunt ut est quam.',4412,1,'2019-02-20 15:09:17',10,0,20,30,'2019-02-20 15:09:20','2019-02-20 15:09:20'),(127,'Nobis cupiditate velit omnis enim quaerat.','nobis-cupiditate-velit-omnis-enim-quaerat','Nesciunt quam animi id fuga consequatur repudiandae totam consequuntur quos necessitatibus sit magnam consequatur quo dignissimos quaerat excepturi sit.',4206,1,'2019-02-20 15:09:17',10,0,12,44,'2019-02-20 15:09:20','2019-02-20 15:09:20'),(128,'Eum dolores voluptatem minima et.','eum-dolores-voluptatem-minima-et','Et nihil nostrum quod eos labore cupiditate voluptatem voluptas dolorem natus deleniti mollitia provident non sed nihil magni repudiandae.',4108,1,'2019-02-20 15:09:17',10,0,2,46,'2019-02-20 15:09:20','2019-02-20 15:09:20'),(129,'Dolorem illo est voluptate qui.','dolorem-illo-est-voluptate-qui','Totam ea sunt molestias ipsa labore error ex et quaerat quia sunt vel numquam facilis sed ex.',1111,1,'2019-02-20 15:09:17',10,0,18,50,'2019-02-20 15:09:21','2019-02-20 15:09:21'),(130,'Fuga quod voluptatum hic veritatis officia.','fuga-quod-voluptatum-hic-veritatis-officia','Ratione consequatur in voluptatibus et ad et placeat ducimus suscipit sit velit culpa id vitae molestiae sapiente.',2179,1,'2019-02-20 15:09:17',10,0,27,48,'2019-02-20 15:09:21','2019-02-20 15:09:21'),(131,'Autem ipsam ipsum.','autem-ipsam-ipsum','Est deserunt sed non quo quibusdam voluptatem ut necessitatibus perferendis sit delectus dicta rem rerum cupiditate eum libero officiis aspernatur.',3713,1,'2019-02-20 15:09:17',10,0,21,38,'2019-02-20 15:09:21','2019-02-20 15:09:21'),(132,'Omnis recusandae et totam est.','omnis-recusandae-et-totam-est','Similique quia quia temporibus magni rerum eaque deleniti alias quas.',1572,1,'2019-02-20 15:09:17',10,0,15,41,'2019-02-20 15:09:21','2019-02-20 15:09:21'),(133,'Quasi doloremque ipsa ipsum ab.','quasi-doloremque-ipsa-ipsum-ab','Totam velit et minus et in perspiciatis hic dolorum quae vero non autem.',2784,1,'2019-02-20 15:09:17',10,0,25,9,'2019-02-20 15:09:21','2019-02-20 15:09:21'),(134,'Ipsum eos neque beatae unde assumenda.','ipsum-eos-neque-beatae-unde-assumenda','Vel sed sed accusamus provident possimus nihil qui similique corrupti voluptates harum.',4090,1,'2019-02-20 15:09:17',10,0,22,26,'2019-02-20 15:09:21','2019-02-20 15:09:21'),(135,'Neque dolor repudiandae sint libero.','neque-dolor-repudiandae-sint-libero','Reiciendis ut sed nihil qui reiciendis illum architecto sed quasi iusto voluptas enim minus aut nostrum est ut.',3029,1,'2019-02-20 15:09:17',10,0,24,22,'2019-02-20 15:09:21','2019-02-20 15:09:21'),(136,'Velit nulla ut.','velit-nulla-ut','Magnam animi accusamus ex aperiam reprehenderit rerum animi voluptatem nemo doloremque veniam quibusdam voluptate saepe.',4417,1,'2019-02-20 15:09:17',10,0,29,33,'2019-02-20 15:09:21','2019-02-20 15:09:21'),(137,'Aut enim ut.','aut-enim-ut','Esse eum voluptate doloremque sequi totam suscipit velit culpa dolorem molestiae id nostrum quia consequatur id qui numquam saepe.',4825,1,'2019-02-20 15:09:17',10,0,25,47,'2019-02-20 15:09:21','2019-02-20 15:09:21'),(138,'Eaque magnam iure quis et.','eaque-magnam-iure-quis-et','Quaerat suscipit sint non nesciunt ipsum omnis suscipit voluptatem quos rerum quidem tempora in soluta et est debitis sint quidem.',2471,1,'2019-02-20 15:09:17',10,0,12,34,'2019-02-20 15:09:21','2019-02-20 15:09:21'),(139,'Veritatis itaque soluta sunt enim.','veritatis-itaque-soluta-sunt-enim','Illum quis repellendus tempora qui placeat nihil fugit ut neque corporis omnis voluptates eaque.',3302,1,'2019-02-20 15:09:17',10,0,22,14,'2019-02-20 15:09:21','2019-02-20 15:09:21'),(140,'Molestiae unde reiciendis laudantium adipisci.','molestiae-unde-reiciendis-laudantium-adipisci','Harum explicabo non pariatur sed voluptatem aut sed asperiores et voluptates.',4497,1,'2019-02-20 15:09:17',10,0,8,36,'2019-02-20 15:09:21','2019-02-20 15:09:21'),(141,'Nostrum quo ab.','nostrum-quo-ab','Consequatur veritatis corporis est quia est asperiores dolorum adipisci natus.',3537,1,'2019-02-20 15:09:17',10,0,10,38,'2019-02-20 15:09:21','2019-02-20 15:09:21'),(142,'Impedit eos sint sapiente.','impedit-eos-sint-sapiente','Cumque accusantium officiis eveniet cupiditate voluptates in est et reprehenderit voluptates officia sunt sed ipsam possimus odit labore fuga.',4444,1,'2019-02-20 15:09:17',10,0,24,49,'2019-02-20 15:09:21','2019-02-20 15:09:21'),(143,'Dolorem sint sed qui.','dolorem-sint-sed-qui','Eius natus amet occaecati nemo modi aut consequuntur aspernatur perspiciatis quos reprehenderit maiores at in quis autem doloremque iure.',4956,1,'2019-02-20 15:09:17',10,0,30,37,'2019-02-20 15:09:21','2019-02-20 15:09:21'),(144,'Necessitatibus aperiam dicta soluta accusamus quidem.','necessitatibus-aperiam-dicta-soluta-accusamus-quidem','Pariatur minima asperiores dolorem laboriosam reprehenderit vitae earum ut repellendus sequi asperiores repellat illo est ad dolore veniam praesentium.',1957,1,'2019-02-20 15:09:17',10,0,16,37,'2019-02-20 15:09:21','2019-02-20 15:09:21'),(145,'Quisquam neque minima qui.','quisquam-neque-minima-qui','Ut sed sequi omnis occaecati consequatur quae deleniti a qui voluptas aut facilis occaecati quis molestias sed iusto dolor optio.',3201,1,'2019-02-20 15:09:17',10,0,22,39,'2019-02-20 15:09:21','2019-02-20 15:09:21'),(146,'Fuga et dolores dolores fugit.','fuga-et-dolores-dolores-fugit','Enim velit non earum et ut quibusdam inventore voluptates quam itaque quia id.',1491,1,'2019-02-20 15:09:17',10,0,6,10,'2019-02-20 15:09:21','2019-02-20 15:09:21'),(147,'Quidem natus sed placeat commodi.','quidem-natus-sed-placeat-commodi','Nihil nam molestias rerum id animi natus eaque sit in culpa voluptatem minima officia nihil ea.',4798,1,'2019-02-20 15:09:17',10,0,10,9,'2019-02-20 15:09:21','2019-02-20 15:09:21'),(148,'Dolores assumenda omnis totam.','dolores-assumenda-omnis-totam','Ut voluptas voluptate velit ducimus quam libero mollitia et modi harum velit quaerat repudiandae accusantium praesentium nihil totam.',3696,1,'2019-02-20 15:09:17',10,0,16,8,'2019-02-20 15:09:21','2019-02-20 15:09:21'),(149,'Aliquam dolorem repellendus neque.','aliquam-dolorem-repellendus-neque','Est ullam unde quos sed explicabo explicabo possimus ut voluptate est.',4752,1,'2019-02-20 15:09:17',10,0,25,4,'2019-02-20 15:09:21','2019-02-20 15:09:21'),(150,'Aut corporis ut quasi et.','aut-corporis-ut-quasi-et','Corrupti consequuntur voluptatum quis sunt magnam quod maxime cupiditate aut ut.',4769,1,'2019-02-20 15:09:17',10,0,4,13,'2019-02-20 15:09:22','2019-02-20 15:09:22');



/*Table structure for table `managements` */



DROP TABLE IF EXISTS `managements`;



CREATE TABLE `managements` (
  `id` int(10) unsigned NOT NULL AUTO_INCREMENT,
  `name` varchar(128) COLLATE utf8mb4_unicode_ci NOT NULL,
  `slug` varchar(128) COLLATE utf8mb4_unicode_ci NOT NULL,
  `year` mediumint(9) NOT NULL DEFAULT '2018',
  `status` tinyint(1) NOT NULL DEFAULT '0',
  `description` mediumtext COLLATE utf8mb4_unicode_ci,
  `user_id` int(10) unsigned NOT NULL,
  `user_id_edit` int(10) unsigned DEFAULT NULL,
  `created_at` timestamp NULL DEFAULT NULL,
  `updated_at` timestamp NULL DEFAULT NULL,
  `deleted_at` timestamp NULL DEFAULT NULL,
  PRIMARY KEY (`id`),
  UNIQUE KEY `managements_slug_unique` (`slug`),
  KEY `managements_user_id_foreign` (`user_id`),
  CONSTRAINT `managements_user_id_foreign` FOREIGN KEY (`user_id`) REFERENCES `users` (`id`) ON DELETE CASCADE ON UPDATE CASCADE
) ENGINE=InnoDB AUTO_INCREMENT=51 DEFAULT CHARSET=utf8mb4 COLLATE=utf8mb4_unicode_ci;



/*Data for the table `managements` */



insert  into `managements`(`id`,`name`,`slug`,`year`,`status`,`description`,`user_id`,`user_id_edit`,`created_at`,`updated_at`,`deleted_at`) values (1,'Perferendis neque ipsum nobis quidem sunt.','perferendis-neque-ipsum-nobis-quidem-sunt',2015,0,'Perferendis aut enim ut ipsa libero facilis qui totam. Inventore laborum fugit sed.',6,NULL,'2019-02-20 15:09:11','2019-02-20 15:09:11',NULL),(2,'Ex id odit corporis voluptatibus.','ex-id-odit-corporis-voluptatibus',2020,0,'Ut eum sapiente magni culpa eum. Voluptas expedita quis eos dolorem deserunt.',1,NULL,'2019-02-20 15:09:12','2019-02-20 15:09:12',NULL),(3,'Quidem beatae minus.','quidem-beatae-minus',2015,0,'Ducimus qui tempore animi. Aut est totam dolor non qui consequatur rem. Unde maiores minima est.',29,NULL,'2019-02-20 15:09:12','2019-02-20 15:09:12',NULL),(4,'Iure quae explicabo.','iure-quae-explicabo',2020,0,'Ut eos autem non et. Earum molestiae et quidem aut perferendis et vel.',12,NULL,'2019-02-20 15:09:12','2019-02-20 15:09:12',NULL),(5,'Culpa at incidunt itaque facilis aliquam.','culpa-at-incidunt-itaque-facilis-aliquam',2019,0,'In ut dicta quasi. Doloribus cupiditate deserunt in nostrum eligendi earum ducimus.',25,NULL,'2019-02-20 15:09:12','2019-02-20 15:09:12',NULL),(6,'Consequatur quia enim.','consequatur-quia-enim',2019,0,'Sit dolor odio velit dignissimos. Libero corporis magni in similique distinctio eos consequuntur.',12,NULL,'2019-02-20 15:09:12','2019-02-20 15:09:12',NULL),(7,'Inventore nemo blanditiis.','inventore-nemo-blanditiis',2018,0,'Optio excepturi quidem ex quo qui. Facere adipisci numquam rerum hic.',30,NULL,'2019-02-20 15:09:12','2019-02-20 15:09:12',NULL),(8,'Dolor quidem aspernatur.','dolor-quidem-aspernatur',2017,0,'Qui aspernatur soluta architecto quos quia quis voluptatum. Et vero rerum tempore saepe.',19,NULL,'2019-02-20 15:09:12','2019-02-20 15:09:12',NULL),(9,'Sint optio delectus vero.','sint-optio-delectus-vero',2020,0,'Sit nesciunt quod beatae. Tempora velit quia omnis et velit provident autem. Ut sint id qui.',15,NULL,'2019-02-20 15:09:12','2019-02-20 15:09:12',NULL),(10,'Molestiae quidem velit voluptatem nemo.','molestiae-quidem-velit-voluptatem-nemo',2018,0,'Sit delectus repellendus in ut. Sed qui hic quia eius corporis. Natus quos veritatis sit.',29,NULL,'2019-02-20 15:09:12','2019-02-20 15:09:12',NULL),(11,'Est non tenetur ea qui.','est-non-tenetur-ea-qui',2020,0,'Et cupiditate velit provident perferendis. Sint omnis eum fugit magni.',10,NULL,'2019-02-20 15:09:12','2019-02-20 15:09:12',NULL),(12,'Officia sed nesciunt eligendi sapiente et.','officia-sed-nesciunt-eligendi-sapiente-et',2017,0,'Id omnis quidem nesciunt aut neque. Quo aut rerum unde quidem magni culpa nobis necessitatibus.',13,NULL,'2019-02-20 15:09:12','2019-02-20 15:09:12',NULL),(13,'Itaque rem est rerum reprehenderit dolor.','itaque-rem-est-rerum-reprehenderit-dolor',2019,0,'Quaerat itaque soluta culpa error exercitationem non. Modi a possimus cumque cumque harum omnis.',2,NULL,'2019-02-20 15:09:12','2019-02-20 15:09:12',NULL),(14,'Aspernatur quia dolores esse.','aspernatur-quia-dolores-esse',2015,0,'Eum quidem quisquam odit nihil cupiditate libero et. Fuga qui unde molestiae soluta.',17,NULL,'2019-02-20 15:09:12','2019-02-20 15:09:12',NULL),(15,'Aut ad voluptatibus dignissimos ad.','aut-ad-voluptatibus-dignissimos-ad',2017,0,'Esse et ipsum rem. Quidem a ut corporis commodi sit. Hic occaecati et vel odio.',16,NULL,'2019-02-20 15:09:12','2019-02-20 15:09:12',NULL),(16,'Reiciendis sapiente perferendis voluptate sit.','reiciendis-sapiente-perferendis-voluptate-sit',2019,0,'Porro ratione ut magnam nulla corporis autem. Aut velit sint voluptatem et dolorem.',17,NULL,'2019-02-20 15:09:12','2019-02-20 15:09:12',NULL),(17,'Reprehenderit consequatur sed.','reprehenderit-consequatur-sed',2018,0,'Eum esse eius eum. Rerum vitae velit id tenetur quidem ut ut ut.',22,NULL,'2019-02-20 15:09:12','2019-02-20 15:09:12',NULL),(18,'Dolor qui qui pariatur ut.','dolor-qui-qui-pariatur-ut',2019,0,'Labore earum officiis sapiente ea eum. Quasi repellendus omnis omnis.',10,NULL,'2019-02-20 15:09:12','2019-02-20 15:09:12',NULL),(19,'In expedita natus.','in-expedita-natus',2015,0,'Cumque dolorem nesciunt magni est tenetur pariatur inventore. Non et optio id dolores dolore.',16,NULL,'2019-02-20 15:09:12','2019-02-20 15:09:12',NULL),(20,'Sunt neque dicta culpa alias labore.','sunt-neque-dicta-culpa-alias-labore',2017,0,'Repellat deleniti non dolor. Eius nam suscipit ea ut.',27,NULL,'2019-02-20 15:09:12','2019-02-20 15:09:12',NULL),(21,'Sed tempora consequatur consequuntur quod.','sed-tempora-consequatur-consequuntur-quod',2015,0,'Velit totam id voluptas aut voluptatem eos dolorum. Et at nihil rerum consequatur.',16,NULL,'2019-02-20 15:09:12','2019-02-20 15:09:12',NULL),(22,'Ea et fugiat.','ea-et-fugiat',2016,0,'Ut commodi nostrum odit beatae. Ut nulla ut sint voluptas. Qui ea culpa aliquam ab.',11,NULL,'2019-02-20 15:09:12','2019-02-20 15:09:12',NULL),(23,'Quia qui accusantium voluptate quidem.','quia-qui-accusantium-voluptate-quidem',2015,0,'Deleniti vel quibusdam et rerum. Vel voluptatibus hic assumenda ducimus minus.',17,NULL,'2019-02-20 15:09:12','2019-02-20 15:09:12',NULL),(24,'Aspernatur consectetur quia velit sed.','aspernatur-consectetur-quia-velit-sed',2016,0,'Quidem impedit quo laboriosam et. Id et totam rerum.',5,NULL,'2019-02-20 15:09:12','2019-02-20 15:09:12',NULL),(25,'Amet in et.','amet-in-et',2019,0,'Neque reiciendis dolorem sit tempore sunt corporis eius. Optio totam voluptas nesciunt corporis.',10,NULL,'2019-02-20 15:09:12','2019-02-20 15:09:12',NULL),(26,'Harum tempora itaque ad est.','harum-tempora-itaque-ad-est',2020,0,'Et illum deserunt eveniet eum. Nulla consequatur illum impedit similique qui non ab omnis.',28,NULL,'2019-02-20 15:09:12','2019-02-20 15:09:12',NULL),(27,'Sint ut voluptates cum.','sint-ut-voluptates-cum',2018,0,'Quia assumenda cumque possimus. Qui doloremque et eos iste. Ipsa omnis quia vel.',17,NULL,'2019-02-20 15:09:12','2019-02-20 15:09:12',NULL),(28,'Porro qui maiores laboriosam pariatur.','porro-qui-maiores-laboriosam-pariatur',2016,0,'Necessitatibus itaque nemo quod error in. Quidem ut tempore recusandae nostrum temporibus aliquid.',22,NULL,'2019-02-20 15:09:12','2019-02-20 15:09:12',NULL),(29,'Incidunt consectetur maiores a laborum.','incidunt-consectetur-maiores-a-laborum',2019,0,'Minima voluptatem non qui corporis nobis voluptatem. Et ipsam eos ipsum cumque in quo eum.',23,NULL,'2019-02-20 15:09:12','2019-02-20 15:09:12',NULL),(30,'Aspernatur sunt aperiam consequatur alias.','aspernatur-sunt-aperiam-consequatur-alias',2018,0,'Ipsa dolorum et non explicabo debitis. Saepe architecto et officiis velit.',30,NULL,'2019-02-20 15:09:12','2019-02-20 15:09:12',NULL),(31,'Sint voluptas qui iste.','sint-voluptas-qui-iste',2020,0,'Consectetur soluta vel qui. Et quibusdam eius vel. Deleniti nihil quos repellat veritatis ipsa.',30,NULL,'2019-02-20 15:09:12','2019-02-20 15:09:12',NULL),(32,'Aut facilis vel consectetur quia.','aut-facilis-vel-consectetur-quia',2018,0,'Laudantium sit enim repudiandae atque aut velit. Accusantium omnis possimus est.',9,NULL,'2019-02-20 15:09:12','2019-02-20 15:09:12',NULL),(33,'Quia aut et voluptatem molestias.','quia-aut-et-voluptatem-molestias',2020,0,'Labore quia ab autem veniam aut. Vero dolorem voluptatem aut delectus. A qui nobis quo aut.',26,NULL,'2019-02-20 15:09:12','2019-02-20 15:09:12',NULL),(34,'Nemo voluptas expedita porro rerum eaque.','nemo-voluptas-expedita-porro-rerum-eaque',2020,0,'Dicta inventore minus vitae. Consequuntur soluta quam quam unde culpa. Nemo non non nihil.',23,NULL,'2019-02-20 15:09:13','2019-02-20 15:09:13',NULL),(35,'Nihil similique nihil quia est.','nihil-similique-nihil-quia-est',2020,0,'Tempore ut consequatur deserunt vero reiciendis. Ex repellendus et repudiandae aut.',6,NULL,'2019-02-20 15:09:13','2019-02-20 15:09:13',NULL),(36,'Dignissimos maxime qui rem.','dignissimos-maxime-qui-rem',2015,0,'Voluptates aut eum id aut a nobis. Qui ut optio sit maxime aut. Velit ut culpa fugiat cum.',22,NULL,'2019-02-20 15:09:13','2019-02-20 15:09:13',NULL),(37,'Quidem animi explicabo.','quidem-animi-explicabo',2015,0,'Quam aut autem dolorem quia. Animi ipsam totam excepturi.',25,NULL,'2019-02-20 15:09:13','2019-02-20 15:09:13',NULL),(38,'Officia omnis ab sequi quis.','officia-omnis-ab-sequi-quis',2018,0,'Quo eum aut in nam quo et id. Dolorum qui rem blanditiis omnis. Porro aperiam aut eos.',27,NULL,'2019-02-20 15:09:13','2019-02-20 15:09:13',NULL),(39,'Voluptas mollitia et id quia.','voluptas-mollitia-et-id-quia',2015,0,'Odio omnis aperiam ut enim. Est ut quibusdam dolorem rerum quae ea. Itaque saepe labore velit ut.',7,NULL,'2019-02-20 15:09:13','2019-02-20 15:09:13',NULL),(40,'Error ea tempora.','error-ea-tempora',2016,0,'Magni beatae esse occaecati maiores. Iste totam cum voluptatem. Aut maiores totam beatae quasi.',25,NULL,'2019-02-20 15:09:13','2019-02-20 15:09:13',NULL),(41,'Ad neque tempora.','ad-neque-tempora',2020,0,'Quaerat ut voluptatibus maxime quaerat quasi minima. Omnis et ipsam possimus est nemo dicta.',13,NULL,'2019-02-20 15:09:13','2019-02-20 15:09:13',NULL),(42,'Corporis velit sequi ratione.','corporis-velit-sequi-ratione',2019,0,'Et voluptatem et delectus illo. Sit natus eaque consequatur rerum sequi reprehenderit.',18,NULL,'2019-02-20 15:09:13','2019-02-20 15:09:13',NULL),(43,'Qui enim doloremque vero hic et.','qui-enim-doloremque-vero-hic-et',2017,0,'Eligendi rerum iste debitis inventore laboriosam. Ducimus sunt vel numquam ducimus.',18,NULL,'2019-02-20 15:09:13','2019-02-20 15:09:13',NULL),(44,'Iusto quo occaecati sed eaque vitae.','iusto-quo-occaecati-sed-eaque-vitae',2016,0,'Impedit suscipit voluptatem assumenda ullam molestiae. Accusantium ducimus aut minima ut.',11,NULL,'2019-02-20 15:09:13','2019-02-20 15:09:13',NULL),(45,'Quis facilis soluta similique ea sequi.','quis-facilis-soluta-similique-ea-sequi',2018,0,'Voluptatem cum sed consequuntur. Nihil quia repudiandae inventore dolores vitae sunt molestias.',16,NULL,'2019-02-20 15:09:13','2019-02-20 15:09:13',NULL),(46,'Architecto voluptatem rerum.','architecto-voluptatem-rerum',2019,0,'Occaecati sit nobis ducimus. Earum est aut deserunt.',23,NULL,'2019-02-20 15:09:13','2019-02-20 15:09:13',NULL),(47,'Similique facilis sapiente.','similique-facilis-sapiente',2018,0,'Ea modi dolorem consequuntur sed. Atque porro omnis tenetur. Accusamus fuga et aut quae.',25,NULL,'2019-02-20 15:09:13','2019-02-20 15:09:13',NULL),(48,'Alias tempora est et.','alias-tempora-est-et',2020,0,'Dicta ut a quia nisi. Consequuntur sed fugit id suscipit porro. Velit quos accusamus magnam dolor.',25,NULL,'2019-02-20 15:09:13','2019-02-20 15:09:13',NULL),(49,'Aut sit assumenda quisquam voluptas ad.','aut-sit-assumenda-quisquam-voluptas-ad',2020,0,'Veniam eum facilis animi. Aliquam sunt at et atque eligendi debitis. Dolorum sit dicta et quasi.',4,NULL,'2019-02-20 15:09:13','2019-02-20 15:09:13',NULL),(50,'Sed molestiae sunt nesciunt similique.','sed-molestiae-sunt-nesciunt-similique',2016,0,'Aut modi dolorum amet iusto vitae omnis id. Eum et qui qui ipsam cum. Illum placeat qui quia.',6,NULL,'2019-02-20 15:09:13','2019-02-20 15:09:13',NULL);



/*Table structure for table `matter_user` */



DROP TABLE IF EXISTS `matter_user`;



CREATE TABLE `matter_user` (
  `matter_id` int(10) unsigned NOT NULL,
  `user_id` int(10) unsigned NOT NULL,
  `approved` tinyint(1) NOT NULL DEFAULT '0',
  `accepted` tinyint(1) NOT NULL DEFAULT '0',
  `final_score` tinyint(4) NOT NULL DEFAULT '0',
  `evaluation_date` datetime NOT NULL,
  `created_at` timestamp NULL DEFAULT NULL,
  `updated_at` timestamp NULL DEFAULT NULL,
  KEY `matter_user_matter_id_foreign` (`matter_id`),
  KEY `matter_user_user_id_foreign` (`user_id`),
  CONSTRAINT `matter_user_matter_id_foreign` FOREIGN KEY (`matter_id`) REFERENCES `matters` (`id`) ON DELETE CASCADE ON UPDATE CASCADE,
  CONSTRAINT `matter_user_user_id_foreign` FOREIGN KEY (`user_id`) REFERENCES `users` (`id`) ON DELETE CASCADE ON UPDATE CASCADE
) ENGINE=InnoDB DEFAULT CHARSET=utf8mb4 COLLATE=utf8mb4_unicode_ci;



/*Data for the table `matter_user` */



/*Table structure for table `matters` */



DROP TABLE IF EXISTS `matters`;



CREATE TABLE `matters` (
  `id` int(10) unsigned NOT NULL AUTO_INCREMENT,
  `name` varchar(128) COLLATE utf8mb4_unicode_ci NOT NULL,
  `slug` varchar(128) COLLATE utf8mb4_unicode_ci NOT NULL,
  `description` mediumtext COLLATE utf8mb4_unicode_ci,
  `status` tinyint(1) NOT NULL DEFAULT '0',
  `user_id` int(10) unsigned NOT NULL,
  `user_id_edit` int(10) unsigned DEFAULT NULL,
  `management_id` int(10) unsigned NOT NULL,
  `created_at` timestamp NULL DEFAULT NULL,
  `updated_at` timestamp NULL DEFAULT NULL,
  PRIMARY KEY (`id`),
  UNIQUE KEY `matters_slug_unique` (`slug`),
  KEY `matters_user_id_foreign` (`user_id`),
  KEY `matters_management_id_foreign` (`management_id`),
  CONSTRAINT `matters_management_id_foreign` FOREIGN KEY (`management_id`) REFERENCES `managements` (`id`) ON DELETE CASCADE ON UPDATE CASCADE,
  CONSTRAINT `matters_user_id_foreign` FOREIGN KEY (`user_id`) REFERENCES `users` (`id`) ON DELETE CASCADE ON UPDATE CASCADE
) ENGINE=InnoDB AUTO_INCREMENT=101 DEFAULT CHARSET=utf8mb4 COLLATE=utf8mb4_unicode_ci;



/*Data for the table `matters` */



insert  into `matters`(`id`,`name`,`slug`,`description`,`status`,`user_id`,`user_id_edit`,`management_id`,`created_at`,`updated_at`) values (1,'Sed laborum consequatur voluptatem.','sed-laborum-consequatur-voluptatem','Aut repellat vel id excepturi voluptatem. Sed dicta deserunt nostrum quidem.',0,3,NULL,6,'2019-02-20 15:09:13','2019-02-20 15:09:13'),(2,'Quia eum consequatur nemo.','quia-eum-consequatur-nemo','Aut ut hic aspernatur omnis ea reiciendis. Et veniam qui in. Impedit et et sapiente.',0,20,NULL,9,'2019-02-20 15:09:13','2019-02-20 15:09:13'),(3,'Sunt quia facilis.','sunt-quia-facilis','Veniam assumenda inventore maiores molestiae cum optio. Ab nulla est molestiae sunt ut.',0,18,NULL,28,'2019-02-20 15:09:13','2019-02-20 15:09:13'),(4,'Dolorum magnam quis autem et et.','dolorum-magnam-quis-autem-et-et','Aut pariatur vel voluptas sit nemo molestiae. Et eos ex inventore aperiam quibusdam qui.',0,29,NULL,18,'2019-02-20 15:09:14','2019-02-20 15:09:14'),(5,'Consequuntur modi numquam deserunt molestiae voluptatem.','consequuntur-modi-numquam-deserunt-molestiae-voluptatem','Incidunt dolor nisi error libero. Voluptas vel aut sit est. Repellendus est vero aut sed.',0,2,NULL,10,'2019-02-20 15:09:14','2019-02-20 15:09:14'),(6,'Voluptatibus accusamus provident quos.','voluptatibus-accusamus-provident-quos','Culpa voluptas omnis quod nihil delectus. Optio sit vel magnam quod consequatur.',0,29,NULL,4,'2019-02-20 15:09:14','2019-02-20 15:09:14'),(7,'Eos ullam perspiciatis perspiciatis illum.','eos-ullam-perspiciatis-perspiciatis-illum','Nulla sed nihil enim. Sint quam ut ut ea.',0,4,NULL,23,'2019-02-20 15:09:14','2019-02-20 15:09:14'),(8,'Eligendi eaque voluptatem.','eligendi-eaque-voluptatem','Placeat cumque aperiam ab. Sed soluta debitis velit repudiandae. Ut iusto est odio animi.',0,28,NULL,19,'2019-02-20 15:09:14','2019-02-20 15:09:14'),(9,'Doloremque eum vel inventore error.','doloremque-eum-vel-inventore-error','Cum ut quo neque hic. Saepe sed facere laboriosam ullam sit unde.',0,12,NULL,18,'2019-02-20 15:09:14','2019-02-20 15:09:14'),(10,'Architecto delectus voluptas dolorum.','architecto-delectus-voluptas-dolorum','Eveniet debitis iusto voluptate quia ipsa. Laudantium rerum ut ea quia quia.',0,11,NULL,26,'2019-02-20 15:09:14','2019-02-20 15:09:14'),(11,'Ipsa sunt adipisci omnis harum error.','ipsa-sunt-adipisci-omnis-harum-error','Distinctio et qui minima quaerat. Est aut aut magni in. Et qui consequatur esse a sit accusamus.',0,8,NULL,28,'2019-02-20 15:09:14','2019-02-20 15:09:14'),(12,'Aut molestiae nemo.','aut-molestiae-nemo','Deserunt eligendi omnis vitae iure accusamus. Nulla facere sint sint.',0,24,NULL,5,'2019-02-20 15:09:14','2019-02-20 15:09:14'),(13,'Omnis aut rerum mollitia.','omnis-aut-rerum-mollitia','Consectetur repudiandae illum vero id mollitia. Atque id velit laborum vitae sed.',0,29,NULL,23,'2019-02-20 15:09:14','2019-02-20 15:09:14'),(14,'Vero incidunt dolorum asperiores.','vero-incidunt-dolorum-asperiores','Dolorem atque velit est qui. Non numquam ipsa non quas voluptatibus incidunt quas iste.',0,5,NULL,4,'2019-02-20 15:09:14','2019-02-20 15:09:14'),(15,'Corrupti illo eum quos nemo.','corrupti-illo-eum-quos-nemo','Et dolores sit iste doloribus. Minus unde quisquam et sequi error. Aut rem est laborum illum.',0,2,NULL,11,'2019-02-20 15:09:14','2019-02-20 15:09:14'),(16,'Autem impedit provident eius.','autem-impedit-provident-eius','Et tenetur id quas quis. Ratione aut in molestias hic magnam architecto eos.',0,25,NULL,11,'2019-02-20 15:09:14','2019-02-20 15:09:14'),(17,'Qui quam possimus nulla.','qui-quam-possimus-nulla','Voluptate dolorem esse labore non nobis sed qui. Aut sit non eligendi voluptas non nostrum.',0,24,NULL,12,'2019-02-20 15:09:14','2019-02-20 15:09:14'),(18,'Dignissimos soluta aut aliquid.','dignissimos-soluta-aut-aliquid','Enim ab ut molestiae. Facere enim sapiente ut. Id voluptates ut ad dolorem itaque magni.',0,25,NULL,7,'2019-02-20 15:09:14','2019-02-20 15:09:14'),(19,'Iusto dolorem id sit harum.','iusto-dolorem-id-sit-harum','Deserunt modi cumque eum. Fugit iste aut sit nostrum.',0,15,NULL,20,'2019-02-20 15:09:14','2019-02-20 15:09:14'),(20,'Incidunt est itaque rerum sed.','incidunt-est-itaque-rerum-sed','Quos repellendus et sint. Non laborum quo veniam assumenda. Rerum vitae ab et.',0,22,NULL,21,'2019-02-20 15:09:15','2019-02-20 15:09:15'),(21,'Sunt iste rerum quisquam assumenda deleniti.','sunt-iste-rerum-quisquam-assumenda-deleniti','Facere eos quia aut omnis optio corrupti. Voluptatem sint necessitatibus quidem nam.',0,28,NULL,28,'2019-02-20 15:09:15','2019-02-20 15:09:15'),(22,'Consequatur vel qui mollitia.','consequatur-vel-qui-mollitia','Voluptatem et veritatis enim qui. Dolores quasi quas ducimus assumenda porro.',0,22,NULL,7,'2019-02-20 15:09:15','2019-02-20 15:09:15'),(23,'Optio accusamus ea consequatur ea.','optio-accusamus-ea-consequatur-ea','Animi odit amet nulla at exercitationem qui nulla. Consequatur et quis in voluptatem.',0,3,NULL,13,'2019-02-20 15:09:15','2019-02-20 15:09:15'),(24,'Animi in ipsa.','animi-in-ipsa','Nam error ut hic aut aut. Est magni ut omnis quia nostrum unde quo. Ea error vel accusamus.',0,6,NULL,19,'2019-02-20 15:09:15','2019-02-20 15:09:15'),(25,'Ut voluptatibus commodi temporibus sed.','ut-voluptatibus-commodi-temporibus-sed','Iste nesciunt quas et dolor est vero. Ducimus nihil id autem aliquid ea.',0,12,NULL,8,'2019-02-20 15:09:15','2019-02-20 15:09:15'),(26,'Autem omnis quo quae rem.','autem-omnis-quo-quae-rem','Deleniti laboriosam nesciunt ut corrupti et voluptas ut et. Eligendi repellat tenetur nemo iure.',0,4,NULL,20,'2019-02-20 15:09:15','2019-02-20 15:09:15'),(27,'Voluptatem doloribus animi voluptatem veritatis et.','voluptatem-doloribus-animi-voluptatem-veritatis-et','Temporibus sequi mollitia aut eaque non. Pariatur quibusdam similique nobis aut magni.',0,1,NULL,6,'2019-02-20 15:09:15','2019-02-20 15:09:15'),(28,'Iure officia est sed.','iure-officia-est-sed','Consequatur in nihil sed. Aliquam possimus maiores illo est ea et.',0,27,NULL,26,'2019-02-20 15:09:15','2019-02-20 15:09:15'),(29,'A illum provident voluptatem sed.','a-illum-provident-voluptatem-sed','Et dolor qui fugit veritatis cum. Nesciunt non dignissimos nulla.',0,1,NULL,27,'2019-02-20 15:09:15','2019-02-20 15:09:15'),(30,'Magnam tempora et voluptatem nemo.','magnam-tempora-et-voluptatem-nemo','Cupiditate consectetur omnis possimus minus eius. Esse non quia accusantium delectus.',0,10,NULL,21,'2019-02-20 15:09:15','2019-02-20 15:09:15'),(31,'Eum ducimus dicta id.','eum-ducimus-dicta-id','Ipsum et quos harum aut aut. Accusantium aut sed molestiae voluptates illo voluptas qui.',0,17,NULL,29,'2019-02-20 15:09:15','2019-02-20 15:09:15'),(32,'Eligendi amet reprehenderit voluptas.','eligendi-amet-reprehenderit-voluptas','Veniam quia similique nisi. Necessitatibus at ipsa distinctio sint. Non quo eius et rerum sunt.',0,2,NULL,12,'2019-02-20 15:09:15','2019-02-20 15:09:15'),(33,'Expedita aliquam est quo.','expedita-aliquam-est-quo','Fuga et est eum praesentium. Qui eveniet voluptatem est autem tenetur sunt.',0,30,NULL,10,'2019-02-20 15:09:15','2019-02-20 15:09:15'),(34,'Eaque qui molestias.','eaque-qui-molestias','Mollitia rerum labore officia. Vel eum at et tempore. Nihil necessitatibus dolorem veniam expedita.',0,4,NULL,21,'2019-02-20 15:09:15','2019-02-20 15:09:15'),(35,'Praesentium natus magnam labore consectetur.','praesentium-natus-magnam-labore-consectetur','Ullam eligendi et ab. Omnis dolorem culpa accusantium quidem. Aut impedit quia vitae voluptatem.',0,19,NULL,16,'2019-02-20 15:09:15','2019-02-20 15:09:15'),(36,'Quibusdam eaque aperiam assumenda voluptate fuga.','quibusdam-eaque-aperiam-assumenda-voluptate-fuga','Incidunt blanditiis amet quam beatae et neque. Aut a odio sunt omnis.',0,27,NULL,18,'2019-02-20 15:09:15','2019-02-20 15:09:15'),(37,'Aut amet quia quasi repudiandae.','aut-amet-quia-quasi-repudiandae','Porro eos temporibus non quam. Sit et corrupti tempora maiores incidunt et earum.',0,20,NULL,29,'2019-02-20 15:09:15','2019-02-20 15:09:15'),(38,'Aut quo debitis sunt accusantium.','aut-quo-debitis-sunt-accusantium','Tempora autem sint distinctio soluta. Nobis explicabo animi eum repudiandae sunt eos mollitia.',0,10,NULL,25,'2019-02-20 15:09:15','2019-02-20 15:09:15'),(39,'Provident natus ratione.','provident-natus-ratione','Porro qui cupiditate ipsa et non sint. Vero excepturi accusantium repellat omnis.',0,11,NULL,19,'2019-02-20 15:09:15','2019-02-20 15:09:15'),(40,'Ad voluptas ut.','ad-voluptas-ut','Velit quam quo sunt. Neque occaecati quibusdam ratione quis soluta aut praesentium.',0,1,NULL,26,'2019-02-20 15:09:15','2019-02-20 15:09:15'),(41,'Quia repudiandae ex quod voluptatum.','quia-repudiandae-ex-quod-voluptatum','Quis odio et et porro quos rerum qui. Occaecati dolor eos incidunt aut.',0,18,NULL,9,'2019-02-20 15:09:15','2019-02-20 15:09:15'),(42,'Ut quia rem ut quidem autem.','ut-quia-rem-ut-quidem-autem','Ea cupiditate nemo nobis voluptas sit eos. Voluptatem consequatur eveniet est a molestiae.',0,30,NULL,15,'2019-02-20 15:09:15','2019-02-20 15:09:15'),(43,'Veritatis blanditiis nihil.','veritatis-blanditiis-nihil','Est consequuntur rerum quo id. Autem doloremque consequatur aspernatur quo.',0,12,NULL,15,'2019-02-20 15:09:15','2019-02-20 15:09:15'),(44,'Ut veniam beatae suscipit corporis molestias.','ut-veniam-beatae-suscipit-corporis-molestias','Nobis et ratione illum ut quae numquam. Aut accusamus et ut. Id beatae quas libero.',0,12,NULL,18,'2019-02-20 15:09:15','2019-02-20 15:09:15'),(45,'Excepturi ducimus ipsa consequatur dolore.','excepturi-ducimus-ipsa-consequatur-dolore','Et cum aut voluptatem omnis. Quasi expedita optio aut perferendis ipsa corporis.',0,13,NULL,18,'2019-02-20 15:09:15','2019-02-20 15:09:15'),(46,'Non nam odit et sed eligendi.','non-nam-odit-et-sed-eligendi','Enim excepturi magnam non aut. Voluptate laboriosam ad tempore et vero laudantium maiores.',0,26,NULL,4,'2019-02-20 15:09:15','2019-02-20 15:09:15'),(47,'Natus aut omnis repellendus.','natus-aut-omnis-repellendus','In maxime provident explicabo placeat sunt eveniet magnam. Facilis tempora nihil id.',0,19,NULL,26,'2019-02-20 15:09:15','2019-02-20 15:09:15'),(48,'Quibusdam doloremque aliquid.','quibusdam-doloremque-aliquid','Provident error odio voluptas optio. Deserunt quo dolor pariatur eligendi eos.',0,2,NULL,25,'2019-02-20 15:09:15','2019-02-20 15:09:15'),(49,'Aliquid provident veritatis nihil est in.','aliquid-provident-veritatis-nihil-est-in','Aliquam dolores voluptas iusto omnis. Nobis rem atque et. Alias ut saepe odit temporibus.',0,15,NULL,12,'2019-02-20 15:09:15','2019-02-20 15:09:15'),(50,'Et ut perspiciatis aperiam quae.','et-ut-perspiciatis-aperiam-quae','Hic alias similique quo. Sint repellendus ratione aut quo omnis.',0,3,NULL,14,'2019-02-20 15:09:15','2019-02-20 15:09:15'),(51,'Velit magni consectetur asperiores.','velit-magni-consectetur-asperiores','Aut sed occaecati vel ut ipsam suscipit amet. Quia sapiente ab tempora sit molestias corporis.',0,26,NULL,13,'2019-02-20 15:09:15','2019-02-20 15:09:15'),(52,'Consectetur veritatis quidem quae.','consectetur-veritatis-quidem-quae','Quas delectus aperiam et consequuntur aut. Et perferendis nobis et consectetur sit laudantium.',0,30,NULL,16,'2019-02-20 15:09:15','2019-02-20 15:09:15'),(53,'Ad animi nihil nesciunt dolores.','ad-animi-nihil-nesciunt-dolores','Aut autem consequuntur aut qui modi. Veritatis ipsa qui minima enim. Quae amet commodi sed est.',0,20,NULL,15,'2019-02-20 15:09:15','2019-02-20 15:09:15'),(54,'Odit esse libero veritatis perferendis.','odit-esse-libero-veritatis-perferendis','Aut nihil suscipit est excepturi reiciendis ratione. Nemo beatae qui dolorum.',0,8,NULL,21,'2019-02-20 15:09:15','2019-02-20 15:09:15'),(55,'Praesentium nulla a dolorem.','praesentium-nulla-a-dolorem','Eos explicabo quo inventore consectetur. Sit impedit dolor ut unde.',0,11,NULL,14,'2019-02-20 15:09:16','2019-02-20 15:09:16'),(56,'Beatae minus ut est sunt architecto.','beatae-minus-ut-est-sunt-architecto','Temporibus cupiditate sunt molestias modi. Eos sed natus consequatur iste dignissimos magni veniam.',0,20,NULL,16,'2019-02-20 15:09:16','2019-02-20 15:09:16'),(57,'Vitae aliquam magni aperiam sed numquam.','vitae-aliquam-magni-aperiam-sed-numquam','Aperiam omnis aut omnis aperiam occaecati. Ipsam ut consequuntur veniam minima eaque modi.',0,15,NULL,24,'2019-02-20 15:09:16','2019-02-20 15:09:16'),(58,'Provident voluptate consequatur sed.','provident-voluptate-consequatur-sed','Sunt quis qui repellendus sit ullam consectetur id facilis. Doloremque ab inventore ea.',0,10,NULL,29,'2019-02-20 15:09:16','2019-02-20 15:09:16'),(59,'Dicta sint culpa illum saepe.','dicta-sint-culpa-illum-saepe','Tempore assumenda non voluptatum sequi. Voluptatem itaque commodi labore est perspiciatis facere.',0,14,NULL,18,'2019-02-20 15:09:16','2019-02-20 15:09:16'),(60,'Eligendi debitis non autem esse.','eligendi-debitis-non-autem-esse','Eos eos maxime recusandae suscipit. At soluta sit temporibus ea iste facere eos.',0,13,NULL,14,'2019-02-20 15:09:16','2019-02-20 15:09:16'),(61,'Voluptas molestiae at.','voluptas-molestiae-at','Aut ad et id impedit. Aperiam illo ut impedit in.',0,1,NULL,17,'2019-02-20 15:09:16','2019-02-20 15:09:16'),(62,'Amet possimus delectus iusto sed.','amet-possimus-delectus-iusto-sed','Vero asperiores rerum iure eligendi nihil. Ratione dolor sed sapiente omnis nam impedit doloremque.',0,9,NULL,13,'2019-02-20 15:09:16','2019-02-20 15:09:16'),(63,'Nisi fugit ut sed.','nisi-fugit-ut-sed','Ut et enim amet saepe. Et officiis recusandae voluptatum et.',0,10,NULL,19,'2019-02-20 15:09:16','2019-02-20 15:09:16'),(64,'Temporibus dolor sunt nostrum id.','temporibus-dolor-sunt-nostrum-id','Voluptate voluptas unde qui rerum nihil. Ab exercitationem nostrum velit voluptas odit.',0,30,NULL,30,'2019-02-20 15:09:16','2019-02-20 15:09:16'),(65,'Vel voluptatibus occaecati tempore.','vel-voluptatibus-occaecati-tempore','Nam cupiditate molestiae repellendus alias. Tenetur voluptas nisi aliquam neque est.',0,29,NULL,30,'2019-02-20 15:09:16','2019-02-20 15:09:16'),(66,'Libero illo eveniet.','libero-illo-eveniet','Et odit similique distinctio praesentium sunt libero aut quia. Eos inventore doloremque doloremque.',0,4,NULL,5,'2019-02-20 15:09:16','2019-02-20 15:09:16'),(67,'Suscipit consequuntur ut aut.','suscipit-consequuntur-ut-aut','Molestiae voluptatem dolorum quibusdam libero nihil sunt. Sequi rerum maiores ut aliquam non eum.',0,6,NULL,30,'2019-02-20 15:09:16','2019-02-20 15:09:16'),(68,'Deleniti nulla earum rem quia.','deleniti-nulla-earum-rem-quia','Animi rerum dolor in asperiores. Quia voluptatem occaecati commodi.',0,6,NULL,22,'2019-02-20 15:09:16','2019-02-20 15:09:16'),(69,'Maiores cumque asperiores ut nisi.','maiores-cumque-asperiores-ut-nisi','Minus quod quia nulla quisquam ducimus dolor. Et aliquid et molestias fugit.',0,21,NULL,13,'2019-02-20 15:09:16','2019-02-20 15:09:16'),(70,'Occaecati maxime dolore.','occaecati-maxime-dolore','In nam aliquam et. Tempora cum quo quis qui eveniet. Reprehenderit eligendi aperiam rerum qui eum.',0,13,NULL,24,'2019-02-20 15:09:16','2019-02-20 15:09:16'),(71,'Magni qui reiciendis corrupti porro.','magni-qui-reiciendis-corrupti-porro','Sunt cum perspiciatis in quisquam. Laudantium accusantium tempore repudiandae sunt.',0,6,NULL,5,'2019-02-20 15:09:16','2019-02-20 15:09:16'),(72,'Quo dignissimos veritatis repellendus aut.','quo-dignissimos-veritatis-repellendus-aut','Dolor vel esse itaque iste. Voluptatem est ut molestiae. Officiis consequatur aut nihil enim cum.',0,6,NULL,25,'2019-02-20 15:09:16','2019-02-20 15:09:16'),(73,'Sit in sint eveniet error.','sit-in-sint-eveniet-error','Accusantium corrupti id veritatis rerum. Doloribus labore qui placeat nostrum rerum.',0,15,NULL,29,'2019-02-20 15:09:16','2019-02-20 15:09:16'),(74,'Non qui nobis ea.','non-qui-nobis-ea','Id repellendus minus mollitia numquam dolores et. Impedit sit id facilis.',0,7,NULL,18,'2019-02-20 15:09:16','2019-02-20 15:09:16'),(75,'Explicabo qui consequatur.','explicabo-qui-consequatur','Nihil aut impedit laudantium et laudantium. A qui non ab sunt perferendis repudiandae atque natus.',0,11,NULL,15,'2019-02-20 15:09:16','2019-02-20 15:09:16'),(76,'Et ea quis ut.','et-ea-quis-ut','A omnis ex occaecati voluptas. Est possimus quisquam quia quis est.',0,30,NULL,1,'2019-02-20 15:09:16','2019-02-20 15:09:16'),(77,'Est omnis natus error aut.','est-omnis-natus-error-aut','Dolor vitae sit ut soluta porro rerum qui. Ut deserunt porro blanditiis itaque enim nostrum.',0,22,NULL,23,'2019-02-20 15:09:16','2019-02-20 15:09:16'),(78,'Sunt suscipit quia fugit quaerat.','sunt-suscipit-quia-fugit-quaerat','Qui temporibus ipsam et doloremque excepturi. Quo sunt rerum et voluptatum.',0,21,NULL,25,'2019-02-20 15:09:16','2019-02-20 15:09:16'),(79,'Culpa quo delectus.','culpa-quo-delectus','Sit et ut doloremque ratione hic. Incidunt omnis consequatur blanditiis dolore corrupti et.',0,4,NULL,14,'2019-02-20 15:09:16','2019-02-20 15:09:16'),(80,'Molestiae dicta sint repellat laboriosam.','molestiae-dicta-sint-repellat-laboriosam','Et molestiae velit voluptatem expedita. Qui eos aut nesciunt ut.',0,29,NULL,28,'2019-02-20 15:09:16','2019-02-20 15:09:16'),(81,'Expedita perferendis quia.','expedita-perferendis-quia','Sed autem eum et quia alias et sint. Perferendis quia impedit aut facere.',0,16,NULL,25,'2019-02-20 15:09:16','2019-02-20 15:09:16'),(82,'Ipsa quas molestiae velit et quos.','ipsa-quas-molestiae-velit-et-quos','Asperiores omnis harum et ratione. Dolores voluptatem quia ab et iste quia labore.',0,17,NULL,20,'2019-02-20 15:09:16','2019-02-20 15:09:16'),(83,'Excepturi omnis possimus sequi alias soluta.','excepturi-omnis-possimus-sequi-alias-soluta','Ut illo repellendus qui autem. Vitae voluptatem voluptatem est quia. Est omnis odio id et animi.',0,15,NULL,8,'2019-02-20 15:09:16','2019-02-20 15:09:16'),(84,'Iusto ratione ut.','iusto-ratione-ut','Aut voluptatem est et voluptatum mollitia fuga. Quisquam aut modi at et. In est dolor ex quia.',0,10,NULL,18,'2019-02-20 15:09:16','2019-02-20 15:09:16'),(85,'Enim doloribus natus voluptates.','enim-doloribus-natus-voluptates','In aliquid est rem commodi nulla quos similique. Fugiat cumque laudantium rerum sit repudiandae.',0,10,NULL,6,'2019-02-20 15:09:16','2019-02-20 15:09:16'),(86,'Repellendus nihil vel excepturi ullam commodi.','repellendus-nihil-vel-excepturi-ullam-commodi','Quo enim autem est et mollitia alias. Blanditiis beatae qui consequuntur ut.',0,16,NULL,23,'2019-02-20 15:09:16','2019-02-20 15:09:16'),(87,'Rerum labore sed.','rerum-labore-sed','Atque sint rerum accusantium iste a. Et odit sint aperiam velit hic praesentium reiciendis.',0,26,NULL,3,'2019-02-20 15:09:17','2019-02-20 15:09:17'),(88,'Quae quia ullam ut.','quae-quia-ullam-ut','Unde necessitatibus nobis recusandae qui. Autem assumenda modi dolorum.',0,23,NULL,11,'2019-02-20 15:09:17','2019-02-20 15:09:17'),(89,'Commodi beatae est.','commodi-beatae-est','Ut eligendi quo est facere voluptatem corrupti. Reiciendis neque quo accusantium consequatur.',0,13,NULL,5,'2019-02-20 15:09:17','2019-02-20 15:09:17'),(90,'Autem commodi consectetur porro ex eveniet.','autem-commodi-consectetur-porro-ex-eveniet','Placeat vel dolore ipsum et totam eos. Ea doloremque quaerat qui quos accusantium.',0,29,NULL,24,'2019-02-20 15:09:17','2019-02-20 15:09:17'),(91,'Doloribus harum aut quasi.','doloribus-harum-aut-quasi','Voluptatem doloremque rerum dolores voluptas nam. Dolores ut maiores iusto ut dolores numquam quos.',0,16,NULL,23,'2019-02-20 15:09:17','2019-02-20 15:09:17'),(92,'Qui sit architecto.','qui-sit-architecto','Sed autem rem sit quia. Dolores recusandae est in earum et nisi est voluptatibus.',0,3,NULL,7,'2019-02-20 15:09:17','2019-02-20 15:09:17'),(93,'Quis in consectetur.','quis-in-consectetur','Nam ut sed occaecati. Earum molestias aspernatur perferendis asperiores non expedita qui.',0,28,NULL,4,'2019-02-20 15:09:17','2019-02-20 15:09:17'),(94,'Voluptatum quisquam et voluptatem.','voluptatum-quisquam-et-voluptatem','Illum laudantium ex sapiente qui nisi id error. Laborum fugit ipsum recusandae vel sint.',0,4,NULL,3,'2019-02-20 15:09:17','2019-02-20 15:09:17'),(95,'Doloribus occaecati recusandae aperiam quo.','doloribus-occaecati-recusandae-aperiam-quo','Aut ut sapiente aut. Laboriosam et beatae maxime illum nulla ut. Qui pariatur atque sit.',0,21,NULL,29,'2019-02-20 15:09:17','2019-02-20 15:09:17'),(96,'Mollitia eum alias ratione sint libero.','mollitia-eum-alias-ratione-sint-libero','Suscipit adipisci omnis nisi. Et quia aut et nostrum. Libero qui et quia sint dolor laboriosam.',0,13,NULL,1,'2019-02-20 15:09:17','2019-02-20 15:09:17'),(97,'Praesentium doloremque occaecati voluptate perferendis.','praesentium-doloremque-occaecati-voluptate-perferendis','Qui saepe fugiat hic veniam sint nihil nihil. Quasi consectetur quibusdam modi.',0,25,NULL,10,'2019-02-20 15:09:17','2019-02-20 15:09:17'),(98,'Dolores exercitationem sed quos neque tempore.','dolores-exercitationem-sed-quos-neque-tempore','Voluptatem aliquam molestiae eos repellat ipsa. Rerum et id nemo quis.',0,17,NULL,30,'2019-02-20 15:09:17','2019-02-20 15:09:17'),(99,'Suscipit iusto quas quibusdam.','suscipit-iusto-quas-quibusdam','Officia et enim iste. Aliquam odit excepturi impedit. Voluptas quidem quas rem facilis error.',0,15,NULL,1,'2019-02-20 15:09:17','2019-02-20 15:09:17'),(100,'Quae ut hic odio quasi.','quae-ut-hic-odio-quasi','Quia est et blanditiis et pariatur aliquam. Esse aliquam earum pariatur molestiae.',0,27,NULL,4,'2019-02-20 15:09:17','2019-02-20 15:09:17');



/*Table structure for table `migrations` */



DROP TABLE IF EXISTS `migrations`;



CREATE TABLE `migrations` (
  `id` int(10) unsigned NOT NULL AUTO_INCREMENT,
  `migration` varchar(120) COLLATE utf8mb4_unicode_ci NOT NULL,
  `batch` int(11) NOT NULL,
  PRIMARY KEY (`id`)
) ENGINE=InnoDB AUTO_INCREMENT=595 DEFAULT CHARSET=utf8mb4 COLLATE=utf8mb4_unicode_ci;



/*Data for the table `migrations` */



insert  into `migrations`(`id`,`migration`,`batch`) values (562,'2014_10_12_000000_create_users_table',1),(563,'2014_10_12_100000_create_password_resets_table',1),(564,'2015_01_20_084450_create_roles_table',1),(565,'2015_01_20_084525_create_role_user_table',1),(566,'2015_01_24_080208_create_permissions_table',1),(567,'2015_01_24_080433_create_permission_role_table',1),(568,'2015_12_04_003040_add_special_role_column',1),(569,'2016_06_01_000001_create_oauth_auth_codes_table',1),(570,'2016_06_01_000002_create_oauth_access_tokens_table',1),(571,'2016_06_01_000003_create_oauth_refresh_tokens_table',1),(572,'2016_06_01_000004_create_oauth_clients_table',1),(573,'2016_06_01_000005_create_oauth_personal_access_clients_table',1),(574,'2017_10_17_170735_create_permission_user_table',1),(575,'2018_08_08_100000_create_telescope_entries_table',1),(576,'2018_10_08_201401_create_categories_table',1),(577,'2018_10_08_201535_create_posts_table',1),(578,'2018_10_08_201615_create_tags_table',1),(579,'2018_10_08_201800_create_post_tag_table',1),(580,'2018_10_08_202111_create_specialty_areas_table',1),(581,'2018_10_08_202122_create_specialties_table',1),(582,'2018_10_09_003728_create_resource_categories_table',1),(583,'2018_10_09_003742_create_resources_table',1),(584,'2018_10_09_011204_create_resource_tag_table',1),(585,'2018_10_10_221819_create_products_table',1),(586,'2018_10_22_142530_create_comments_table',1),(587,'2018_10_23_132436_create_thoughts_table',1),(588,'2018_11_01_175611_create_managements_table',1),(589,'2018_11_01_175700_create_matters_table',1),(590,'2018_11_01_175724_create_matter_user_table',1),(591,'2018_11_01_175858_create_evaluations_table',1),(592,'2018_11_01_175955_create_questions_table',1),(593,'2018_11_01_180015_create_question_user_table',1),(594,'2018_11_01_180102_create_evaluation_user_table',1);



/*Table structure for table `oauth_access_tokens` */



DROP TABLE IF EXISTS `oauth_access_tokens`;



CREATE TABLE `oauth_access_tokens` (
  `id` varchar(100) COLLATE utf8mb4_unicode_ci NOT NULL,
  `user_id` int(11) DEFAULT NULL,
  `client_id` int(11) NOT NULL,
  `name` varchar(120) COLLATE utf8mb4_unicode_ci DEFAULT NULL,
  `scopes` text COLLATE utf8mb4_unicode_ci,
  `revoked` tinyint(1) NOT NULL,
  `created_at` timestamp NULL DEFAULT NULL,
  `updated_at` timestamp NULL DEFAULT NULL,
  `expires_at` datetime DEFAULT NULL,
  PRIMARY KEY (`id`),
  KEY `oauth_access_tokens_user_id_index` (`user_id`)
) ENGINE=InnoDB DEFAULT CHARSET=utf8mb4 COLLATE=utf8mb4_unicode_ci;



/*Data for the table `oauth_access_tokens` */



/*Table structure for table `oauth_auth_codes` */



DROP TABLE IF EXISTS `oauth_auth_codes`;



CREATE TABLE `oauth_auth_codes` (
  `id` varchar(100) COLLATE utf8mb4_unicode_ci NOT NULL,
  `user_id` int(11) NOT NULL,
  `client_id` int(11) NOT NULL,
  `scopes` text COLLATE utf8mb4_unicode_ci,
  `revoked` tinyint(1) NOT NULL,
  `expires_at` datetime DEFAULT NULL,
  PRIMARY KEY (`id`)
) ENGINE=InnoDB DEFAULT CHARSET=utf8mb4 COLLATE=utf8mb4_unicode_ci;



/*Data for the table `oauth_auth_codes` */



/*Table structure for table `oauth_clients` */



DROP TABLE IF EXISTS `oauth_clients`;



CREATE TABLE `oauth_clients` (
  `id` int(10) unsigned NOT NULL AUTO_INCREMENT,
  `user_id` int(11) DEFAULT NULL,
  `name` varchar(120) COLLATE utf8mb4_unicode_ci NOT NULL,
  `secret` varchar(100) COLLATE utf8mb4_unicode_ci NOT NULL,
  `redirect` text COLLATE utf8mb4_unicode_ci NOT NULL,
  `personal_access_client` tinyint(1) NOT NULL,
  `password_client` tinyint(1) NOT NULL,
  `revoked` tinyint(1) NOT NULL,
  `created_at` timestamp NULL DEFAULT NULL,
  `updated_at` timestamp NULL DEFAULT NULL,
  PRIMARY KEY (`id`),
  KEY `oauth_clients_user_id_index` (`user_id`)
) ENGINE=InnoDB DEFAULT CHARSET=utf8mb4 COLLATE=utf8mb4_unicode_ci;



/*Data for the table `oauth_clients` */



/*Table structure for table `oauth_personal_access_clients` */



DROP TABLE IF EXISTS `oauth_personal_access_clients`;



CREATE TABLE `oauth_personal_access_clients` (
  `id` int(10) unsigned NOT NULL AUTO_INCREMENT,
  `client_id` int(11) NOT NULL,
  `created_at` timestamp NULL DEFAULT NULL,
  `updated_at` timestamp NULL DEFAULT NULL,
  PRIMARY KEY (`id`),
  KEY `oauth_personal_access_clients_client_id_index` (`client_id`)
) ENGINE=InnoDB DEFAULT CHARSET=utf8mb4 COLLATE=utf8mb4_unicode_ci;



/*Data for the table `oauth_personal_access_clients` */



/*Table structure for table `oauth_refresh_tokens` */



DROP TABLE IF EXISTS `oauth_refresh_tokens`;



CREATE TABLE `oauth_refresh_tokens` (
  `id` varchar(100) COLLATE utf8mb4_unicode_ci NOT NULL,
  `access_token_id` varchar(100) COLLATE utf8mb4_unicode_ci NOT NULL,
  `revoked` tinyint(1) NOT NULL,
  `expires_at` datetime DEFAULT NULL,
  PRIMARY KEY (`id`),
  KEY `oauth_refresh_tokens_access_token_id_index` (`access_token_id`)
) ENGINE=InnoDB DEFAULT CHARSET=utf8mb4 COLLATE=utf8mb4_unicode_ci;



/*Data for the table `oauth_refresh_tokens` */



/*Table structure for table `password_resets` */



DROP TABLE IF EXISTS `password_resets`;



CREATE TABLE `password_resets` (
  `email` varchar(128) COLLATE utf8mb4_unicode_ci NOT NULL,
  `token` varchar(120) COLLATE utf8mb4_unicode_ci NOT NULL,
  `created_at` timestamp NULL DEFAULT NULL,
  KEY `password_resets_email_index` (`email`)
) ENGINE=InnoDB DEFAULT CHARSET=utf8mb4 COLLATE=utf8mb4_unicode_ci;



/*Data for the table `password_resets` */



/*Table structure for table `permission_role` */



DROP TABLE IF EXISTS `permission_role`;



CREATE TABLE `permission_role` (
  `id` int(10) unsigned NOT NULL AUTO_INCREMENT,
  `permission_id` int(10) unsigned NOT NULL,
  `role_id` int(10) unsigned NOT NULL,
  `created_at` timestamp NULL DEFAULT NULL,
  `updated_at` timestamp NULL DEFAULT NULL,
  PRIMARY KEY (`id`),
  KEY `permission_role_permission_id_index` (`permission_id`),
  KEY `permission_role_role_id_index` (`role_id`),
  CONSTRAINT `permission_role_permission_id_foreign` FOREIGN KEY (`permission_id`) REFERENCES `permissions` (`id`) ON DELETE CASCADE,
  CONSTRAINT `permission_role_role_id_foreign` FOREIGN KEY (`role_id`) REFERENCES `roles` (`id`) ON DELETE CASCADE
) ENGINE=InnoDB DEFAULT CHARSET=utf8mb4 COLLATE=utf8mb4_unicode_ci;



/*Data for the table `permission_role` */



/*Table structure for table `permission_user` */



DROP TABLE IF EXISTS `permission_user`;



CREATE TABLE `permission_user` (
  `id` int(10) unsigned NOT NULL AUTO_INCREMENT,
  `permission_id` int(10) unsigned NOT NULL,
  `user_id` int(10) unsigned NOT NULL,
  `created_at` timestamp NULL DEFAULT NULL,
  `updated_at` timestamp NULL DEFAULT NULL,
  PRIMARY KEY (`id`),
  KEY `permission_user_permission_id_index` (`permission_id`),
  KEY `permission_user_user_id_index` (`user_id`),
  CONSTRAINT `permission_user_permission_id_foreign` FOREIGN KEY (`permission_id`) REFERENCES `permissions` (`id`) ON DELETE CASCADE,
  CONSTRAINT `permission_user_user_id_foreign` FOREIGN KEY (`user_id`) REFERENCES `users` (`id`) ON DELETE CASCADE
) ENGINE=InnoDB DEFAULT CHARSET=utf8mb4 COLLATE=utf8mb4_unicode_ci;



/*Data for the table `permission_user` */



/*Table structure for table `permissions` */



DROP TABLE IF EXISTS `permissions`;



CREATE TABLE `permissions` (
  `id` int(10) unsigned NOT NULL AUTO_INCREMENT,
  `name` varchar(120) COLLATE utf8mb4_unicode_ci NOT NULL,
  `slug` varchar(120) COLLATE utf8mb4_unicode_ci NOT NULL,
  `description` text COLLATE utf8mb4_unicode_ci,
  `created_at` timestamp NULL DEFAULT NULL,
  `updated_at` timestamp NULL DEFAULT NULL,
  PRIMARY KEY (`id`),
  UNIQUE KEY `permissions_slug_unique` (`slug`)
) ENGINE=InnoDB AUTO_INCREMENT=15 DEFAULT CHARSET=utf8mb4 COLLATE=utf8mb4_unicode_ci;



/*Data for the table `permissions` */



insert  into `permissions`(`id`,`name`,`slug`,`description`,`created_at`,`updated_at`) values (1,'Navegar usuarios','users.index','Lista y navega todos los usuarios del sistema','2019-02-20 15:08:37','2019-02-20 15:08:37'),(2,'Ver detalle de usuario','users.show','Ve en detalle cada usuario del sistema','2019-02-20 15:08:37','2019-02-20 15:08:37'),(3,'Edición de usuarios','users.edit','Podría editar cualquier dato de un usuario del sistema','2019-02-20 15:08:37','2019-02-20 15:08:37'),(4,'Eliminar usuario','users.destroy','Podría eliminar cualquier usuario del sistema','2019-02-20 15:08:37','2019-02-20 15:08:37'),(5,'Navegar roles','roles.index','Lista y navega todos los roles del sistema','2019-02-20 15:08:37','2019-02-20 15:08:37'),(6,'Ver detalle de un rol','roles.show','Ve en detalle cada rol del sistema','2019-02-20 15:08:37','2019-02-20 15:08:37'),(7,'Creación de roles','roles.create','Podría crear nuevos roles en el sistema','2019-02-20 15:08:37','2019-02-20 15:08:37'),(8,'Edición de roles','roles.edit','Podría editar cualquier dato de un rol del sistema','2019-02-20 15:08:37','2019-02-20 15:08:37'),(9,'Eliminar roles','roles.destroy','Podría eliminar cualquier rol del sistema','2019-02-20 15:08:37','2019-02-20 15:08:37'),(10,'Navegar productos','products.index','Lista y navega todos los productos del sistema','2019-02-20 15:08:37','2019-02-20 15:08:37'),(11,'Ver detalle de un producto','products.show','Ve en detalle cada producto del sistema','2019-02-20 15:08:37','2019-02-20 15:08:37'),(12,'Creación de productos','products.create','Podría crear nuevos productos en el sistema','2019-02-20 15:08:37','2019-02-20 15:08:37'),(13,'Edición de productos','products.edit','Podría editar cualquier dato de un producto del sistema','2019-02-20 15:08:37','2019-02-20 15:08:37'),(14,'Eliminar productos','products.destroy','Podría eliminar cualquier producto del sistema','2019-02-20 15:08:38','2019-02-20 15:08:38');



/*Table structure for table `post_tag` */



DROP TABLE IF EXISTS `post_tag`;



CREATE TABLE `post_tag` (
  `id` int(10) unsigned NOT NULL AUTO_INCREMENT,
  `post_id` int(10) unsigned NOT NULL,
  `tag_id` int(10) unsigned NOT NULL,
  `created_at` timestamp NULL DEFAULT NULL,
  `updated_at` timestamp NULL DEFAULT NULL,
  PRIMARY KEY (`id`),
  KEY `post_tag_post_id_foreign` (`post_id`),
  KEY `post_tag_tag_id_foreign` (`tag_id`),
  CONSTRAINT `post_tag_post_id_foreign` FOREIGN KEY (`post_id`) REFERENCES `posts` (`id`) ON DELETE CASCADE ON UPDATE CASCADE,
  CONSTRAINT `post_tag_tag_id_foreign` FOREIGN KEY (`tag_id`) REFERENCES `tags` (`id`) ON DELETE CASCADE ON UPDATE CASCADE
) ENGINE=InnoDB AUTO_INCREMENT=901 DEFAULT CHARSET=utf8mb4 COLLATE=utf8mb4_unicode_ci;



/*Data for the table `post_tag` */



insert  into `post_tag`(`id`,`post_id`,`tag_id`,`created_at`,`updated_at`) values (1,1,4,NULL,NULL),(2,1,8,NULL,NULL),(3,1,15,NULL,NULL),(4,2,1,NULL,NULL),(5,2,11,NULL,NULL),(6,2,20,NULL,NULL),(7,3,3,NULL,NULL),(8,3,6,NULL,NULL),(9,3,19,NULL,NULL),(10,4,5,NULL,NULL),(11,4,9,NULL,NULL),(12,4,18,NULL,NULL),(13,5,2,NULL,NULL),(14,5,8,NULL,NULL),(15,5,17,NULL,NULL),(16,6,5,NULL,NULL),(17,6,13,NULL,NULL),(18,6,20,NULL,NULL),(19,7,2,NULL,NULL),(20,7,7,NULL,NULL),(21,7,19,NULL,NULL),(22,8,1,NULL,NULL),(23,8,11,NULL,NULL),(24,8,19,NULL,NULL),(25,9,3,NULL,NULL),(26,9,6,NULL,NULL),(27,9,16,NULL,NULL),(28,10,2,NULL,NULL),(29,10,7,NULL,NULL),(30,10,16,NULL,NULL),(31,11,4,NULL,NULL),(32,11,11,NULL,NULL),(33,11,17,NULL,NULL),(34,12,5,NULL,NULL),(35,12,12,NULL,NULL),(36,12,17,NULL,NULL),(37,13,5,NULL,NULL),(38,13,8,NULL,NULL),(39,13,18,NULL,NULL),(40,14,3,NULL,NULL),(41,14,10,NULL,NULL),(42,14,16,NULL,NULL),(43,15,2,NULL,NULL),(44,15,10,NULL,NULL),(45,15,17,NULL,NULL),(46,16,4,NULL,NULL),(47,16,7,NULL,NULL),(48,16,16,NULL,NULL),(49,17,3,NULL,NULL),(50,17,8,NULL,NULL),(51,17,18,NULL,NULL),(52,18,2,NULL,NULL),(53,18,7,NULL,NULL),(54,18,18,NULL,NULL),(55,19,2,NULL,NULL),(56,19,6,NULL,NULL),(57,19,16,NULL,NULL),(58,20,3,NULL,NULL),(59,20,10,NULL,NULL),(60,20,20,NULL,NULL),(61,21,3,NULL,NULL),(62,21,11,NULL,NULL),(63,21,17,NULL,NULL),(64,22,2,NULL,NULL),(65,22,11,NULL,NULL),(66,22,18,NULL,NULL),(67,23,3,NULL,NULL),(68,23,9,NULL,NULL),(69,23,15,NULL,NULL),(70,24,2,NULL,NULL),(71,24,13,NULL,NULL),(72,24,20,NULL,NULL),(73,25,3,NULL,NULL),(74,25,12,NULL,NULL),(75,25,17,NULL,NULL),(76,26,2,NULL,NULL),(77,26,6,NULL,NULL),(78,26,17,NULL,NULL),(79,27,5,NULL,NULL),(80,27,12,NULL,NULL),(81,27,17,NULL,NULL),(82,28,5,NULL,NULL),(83,28,13,NULL,NULL),(84,28,18,NULL,NULL),(85,29,5,NULL,NULL),(86,29,7,NULL,NULL),(87,29,17,NULL,NULL),(88,30,5,NULL,NULL),(89,30,6,NULL,NULL),(90,30,19,NULL,NULL),(91,31,5,NULL,NULL),(92,31,11,NULL,NULL),(93,31,18,NULL,NULL),(94,32,3,NULL,NULL),(95,32,10,NULL,NULL),(96,32,19,NULL,NULL),(97,33,5,NULL,NULL),(98,33,10,NULL,NULL),(99,33,18,NULL,NULL),(100,34,2,NULL,NULL),(101,34,12,NULL,NULL),(102,34,18,NULL,NULL),(103,35,5,NULL,NULL),(104,35,6,NULL,NULL),(105,35,18,NULL,NULL),(106,36,3,NULL,NULL),(107,36,10,NULL,NULL),(108,36,20,NULL,NULL),(109,37,2,NULL,NULL),(110,37,10,NULL,NULL),(111,37,19,NULL,NULL),(112,38,4,NULL,NULL),(113,38,8,NULL,NULL),(114,38,17,NULL,NULL),(115,39,1,NULL,NULL),(116,39,13,NULL,NULL),(117,39,15,NULL,NULL),(118,40,5,NULL,NULL),(119,40,10,NULL,NULL),(120,40,16,NULL,NULL),(121,41,3,NULL,NULL),(122,41,6,NULL,NULL),(123,41,19,NULL,NULL),(124,42,5,NULL,NULL),(125,42,8,NULL,NULL),(126,42,15,NULL,NULL),(127,43,2,NULL,NULL),(128,43,12,NULL,NULL),(129,43,19,NULL,NULL),(130,44,3,NULL,NULL),(131,44,12,NULL,NULL),(132,44,16,NULL,NULL),(133,45,3,NULL,NULL),(134,45,8,NULL,NULL),(135,45,18,NULL,NULL),(136,46,1,NULL,NULL),(137,46,12,NULL,NULL),(138,46,16,NULL,NULL),(139,47,4,NULL,NULL),(140,47,14,NULL,NULL),(141,47,20,NULL,NULL),(142,48,5,NULL,NULL),(143,48,11,NULL,NULL),(144,48,17,NULL,NULL),(145,49,1,NULL,NULL),(146,49,9,NULL,NULL),(147,49,15,NULL,NULL),(148,50,2,NULL,NULL),(149,50,7,NULL,NULL),(150,50,20,NULL,NULL),(151,51,1,NULL,NULL),(152,51,11,NULL,NULL),(153,51,16,NULL,NULL),(154,52,2,NULL,NULL),(155,52,8,NULL,NULL),(156,52,15,NULL,NULL),(157,53,3,NULL,NULL),(158,53,13,NULL,NULL),(159,53,17,NULL,NULL),(160,54,3,NULL,NULL),(161,54,7,NULL,NULL),(162,54,20,NULL,NULL),(163,55,2,NULL,NULL),(164,55,6,NULL,NULL),(165,55,19,NULL,NULL),(166,56,2,NULL,NULL),(167,56,6,NULL,NULL),(168,56,17,NULL,NULL),(169,57,4,NULL,NULL),(170,57,12,NULL,NULL),(171,57,17,NULL,NULL),(172,58,4,NULL,NULL),(173,58,13,NULL,NULL),(174,58,15,NULL,NULL),(175,59,2,NULL,NULL),(176,59,9,NULL,NULL),(177,59,18,NULL,NULL),(178,60,3,NULL,NULL),(179,60,12,NULL,NULL),(180,60,15,NULL,NULL),(181,61,3,NULL,NULL),(182,61,6,NULL,NULL),(183,61,20,NULL,NULL),(184,62,2,NULL,NULL),(185,62,11,NULL,NULL),(186,62,20,NULL,NULL),(187,63,3,NULL,NULL),(188,63,10,NULL,NULL),(189,63,18,NULL,NULL),(190,64,3,NULL,NULL),(191,64,13,NULL,NULL),(192,64,16,NULL,NULL),(193,65,2,NULL,NULL),(194,65,8,NULL,NULL),(195,65,15,NULL,NULL),(196,66,1,NULL,NULL),(197,66,11,NULL,NULL),(198,66,20,NULL,NULL),(199,67,4,NULL,NULL),(200,67,7,NULL,NULL),(201,67,19,NULL,NULL),(202,68,4,NULL,NULL),(203,68,6,NULL,NULL),(204,68,16,NULL,NULL),(205,69,4,NULL,NULL),(206,69,8,NULL,NULL),(207,69,18,NULL,NULL),(208,70,2,NULL,NULL),(209,70,14,NULL,NULL),(210,70,18,NULL,NULL),(211,71,5,NULL,NULL),(212,71,11,NULL,NULL),(213,71,15,NULL,NULL),(214,72,2,NULL,NULL),(215,72,7,NULL,NULL),(216,72,18,NULL,NULL),(217,73,1,NULL,NULL),(218,73,12,NULL,NULL),(219,73,20,NULL,NULL),(220,74,3,NULL,NULL),(221,74,14,NULL,NULL),(222,74,20,NULL,NULL),(223,75,2,NULL,NULL),(224,75,13,NULL,NULL),(225,75,18,NULL,NULL),(226,76,4,NULL,NULL),(227,76,6,NULL,NULL),(228,76,16,NULL,NULL),(229,77,5,NULL,NULL),(230,77,10,NULL,NULL),(231,77,20,NULL,NULL),(232,78,5,NULL,NULL),(233,78,6,NULL,NULL),(234,78,19,NULL,NULL),(235,79,5,NULL,NULL),(236,79,9,NULL,NULL),(237,79,19,NULL,NULL),(238,80,1,NULL,NULL),(239,80,7,NULL,NULL),(240,80,19,NULL,NULL),(241,81,1,NULL,NULL),(242,81,6,NULL,NULL),(243,81,18,NULL,NULL),(244,82,5,NULL,NULL),(245,82,11,NULL,NULL),(246,82,18,NULL,NULL),(247,83,3,NULL,NULL),(248,83,11,NULL,NULL),(249,83,17,NULL,NULL),(250,84,2,NULL,NULL),(251,84,8,NULL,NULL),(252,84,16,NULL,NULL),(253,85,4,NULL,NULL),(254,85,11,NULL,NULL),(255,85,19,NULL,NULL),(256,86,2,NULL,NULL),(257,86,10,NULL,NULL),(258,86,17,NULL,NULL),(259,87,5,NULL,NULL),(260,87,7,NULL,NULL),(261,87,18,NULL,NULL),(262,88,5,NULL,NULL),(263,88,14,NULL,NULL),(264,88,17,NULL,NULL),(265,89,2,NULL,NULL),(266,89,12,NULL,NULL),(267,89,16,NULL,NULL),(268,90,2,NULL,NULL),(269,90,11,NULL,NULL),(270,90,18,NULL,NULL),(271,91,3,NULL,NULL),(272,91,11,NULL,NULL),(273,91,16,NULL,NULL),(274,92,2,NULL,NULL),(275,92,7,NULL,NULL),(276,92,19,NULL,NULL),(277,93,3,NULL,NULL),(278,93,6,NULL,NULL),(279,93,17,NULL,NULL),(280,94,1,NULL,NULL),(281,94,14,NULL,NULL),(282,94,19,NULL,NULL),(283,95,2,NULL,NULL),(284,95,14,NULL,NULL),(285,95,16,NULL,NULL),(286,96,1,NULL,NULL),(287,96,10,NULL,NULL),(288,96,16,NULL,NULL),(289,97,2,NULL,NULL),(290,97,14,NULL,NULL),(291,97,15,NULL,NULL),(292,98,5,NULL,NULL),(293,98,14,NULL,NULL),(294,98,18,NULL,NULL),(295,99,2,NULL,NULL),(296,99,13,NULL,NULL),(297,99,19,NULL,NULL),(298,100,1,NULL,NULL),(299,100,6,NULL,NULL),(300,100,18,NULL,NULL),(301,101,1,NULL,NULL),(302,101,9,NULL,NULL),(303,101,17,NULL,NULL),(304,102,3,NULL,NULL),(305,102,9,NULL,NULL),(306,102,16,NULL,NULL),(307,103,2,NULL,NULL),(308,103,14,NULL,NULL),(309,103,19,NULL,NULL),(310,104,1,NULL,NULL),(311,104,13,NULL,NULL),(312,104,19,NULL,NULL),(313,105,4,NULL,NULL),(314,105,8,NULL,NULL),(315,105,17,NULL,NULL),(316,106,3,NULL,NULL),(317,106,9,NULL,NULL),(318,106,15,NULL,NULL),(319,107,1,NULL,NULL),(320,107,7,NULL,NULL),(321,107,19,NULL,NULL),(322,108,1,NULL,NULL),(323,108,6,NULL,NULL),(324,108,18,NULL,NULL),(325,109,1,NULL,NULL),(326,109,11,NULL,NULL),(327,109,16,NULL,NULL),(328,110,5,NULL,NULL),(329,110,6,NULL,NULL),(330,110,18,NULL,NULL),(331,111,5,NULL,NULL),(332,111,12,NULL,NULL),(333,111,18,NULL,NULL),(334,112,1,NULL,NULL),(335,112,14,NULL,NULL),(336,112,18,NULL,NULL),(337,113,1,NULL,NULL),(338,113,8,NULL,NULL),(339,113,20,NULL,NULL),(340,114,4,NULL,NULL),(341,114,14,NULL,NULL),(342,114,15,NULL,NULL),(343,115,5,NULL,NULL),(344,115,10,NULL,NULL),(345,115,18,NULL,NULL),(346,116,4,NULL,NULL),(347,116,8,NULL,NULL),(348,116,15,NULL,NULL),(349,117,4,NULL,NULL),(350,117,12,NULL,NULL),(351,117,17,NULL,NULL),(352,118,2,NULL,NULL),(353,118,9,NULL,NULL),(354,118,19,NULL,NULL),(355,119,1,NULL,NULL),(356,119,7,NULL,NULL),(357,119,16,NULL,NULL),(358,120,5,NULL,NULL),(359,120,13,NULL,NULL),(360,120,18,NULL,NULL),(361,121,3,NULL,NULL),(362,121,8,NULL,NULL),(363,121,17,NULL,NULL),(364,122,1,NULL,NULL),(365,122,11,NULL,NULL),(366,122,16,NULL,NULL),(367,123,5,NULL,NULL),(368,123,10,NULL,NULL),(369,123,19,NULL,NULL),(370,124,2,NULL,NULL),(371,124,12,NULL,NULL),(372,124,20,NULL,NULL),(373,125,5,NULL,NULL),(374,125,10,NULL,NULL),(375,125,16,NULL,NULL),(376,126,4,NULL,NULL),(377,126,6,NULL,NULL),(378,126,20,NULL,NULL),(379,127,4,NULL,NULL),(380,127,8,NULL,NULL),(381,127,15,NULL,NULL),(382,128,2,NULL,NULL),(383,128,10,NULL,NULL),(384,128,17,NULL,NULL),(385,129,2,NULL,NULL),(386,129,13,NULL,NULL),(387,129,17,NULL,NULL),(388,130,4,NULL,NULL),(389,130,14,NULL,NULL),(390,130,17,NULL,NULL),(391,131,1,NULL,NULL),(392,131,12,NULL,NULL),(393,131,15,NULL,NULL),(394,132,5,NULL,NULL),(395,132,10,NULL,NULL),(396,132,17,NULL,NULL),(397,133,5,NULL,NULL),(398,133,8,NULL,NULL),(399,133,16,NULL,NULL),(400,134,2,NULL,NULL),(401,134,8,NULL,NULL),(402,134,17,NULL,NULL),(403,135,2,NULL,NULL),(404,135,13,NULL,NULL),(405,135,16,NULL,NULL),(406,136,5,NULL,NULL),(407,136,6,NULL,NULL),(408,136,15,NULL,NULL),(409,137,5,NULL,NULL),(410,137,14,NULL,NULL),(411,137,16,NULL,NULL),(412,138,5,NULL,NULL),(413,138,6,NULL,NULL),(414,138,15,NULL,NULL),(415,139,1,NULL,NULL),(416,139,9,NULL,NULL),(417,139,20,NULL,NULL),(418,140,4,NULL,NULL),(419,140,14,NULL,NULL),(420,140,17,NULL,NULL),(421,141,2,NULL,NULL),(422,141,14,NULL,NULL),(423,141,19,NULL,NULL),(424,142,4,NULL,NULL),(425,142,11,NULL,NULL),(426,142,17,NULL,NULL),(427,143,5,NULL,NULL),(428,143,6,NULL,NULL),(429,143,15,NULL,NULL),(430,144,4,NULL,NULL),(431,144,12,NULL,NULL),(432,144,17,NULL,NULL),(433,145,3,NULL,NULL),(434,145,13,NULL,NULL),(435,145,20,NULL,NULL),(436,146,3,NULL,NULL),(437,146,9,NULL,NULL),(438,146,15,NULL,NULL),(439,147,5,NULL,NULL),(440,147,14,NULL,NULL),(441,147,18,NULL,NULL),(442,148,5,NULL,NULL),(443,148,11,NULL,NULL),(444,148,17,NULL,NULL),(445,149,5,NULL,NULL),(446,149,12,NULL,NULL),(447,149,16,NULL,NULL),(448,150,5,NULL,NULL),(449,150,9,NULL,NULL),(450,150,18,NULL,NULL),(451,151,2,NULL,NULL),(452,151,6,NULL,NULL),(453,151,18,NULL,NULL),(454,152,4,NULL,NULL),(455,152,12,NULL,NULL),(456,152,18,NULL,NULL),(457,153,5,NULL,NULL),(458,153,8,NULL,NULL),(459,153,18,NULL,NULL),(460,154,5,NULL,NULL),(461,154,10,NULL,NULL),(462,154,20,NULL,NULL),(463,155,4,NULL,NULL),(464,155,11,NULL,NULL),(465,155,15,NULL,NULL),(466,156,5,NULL,NULL),(467,156,11,NULL,NULL),(468,156,19,NULL,NULL),(469,157,3,NULL,NULL),(470,157,6,NULL,NULL),(471,157,19,NULL,NULL),(472,158,5,NULL,NULL),(473,158,9,NULL,NULL),(474,158,18,NULL,NULL),(475,159,4,NULL,NULL),(476,159,6,NULL,NULL),(477,159,15,NULL,NULL),(478,160,4,NULL,NULL),(479,160,8,NULL,NULL),(480,160,17,NULL,NULL),(481,161,1,NULL,NULL),(482,161,10,NULL,NULL),(483,161,16,NULL,NULL),(484,162,1,NULL,NULL),(485,162,10,NULL,NULL),(486,162,17,NULL,NULL),(487,163,2,NULL,NULL),(488,163,10,NULL,NULL),(489,163,20,NULL,NULL),(490,164,4,NULL,NULL),(491,164,6,NULL,NULL),(492,164,17,NULL,NULL),(493,165,3,NULL,NULL),(494,165,9,NULL,NULL),(495,165,18,NULL,NULL),(496,166,5,NULL,NULL),(497,166,11,NULL,NULL),(498,166,20,NULL,NULL),(499,167,2,NULL,NULL),(500,167,13,NULL,NULL),(501,167,19,NULL,NULL),(502,168,2,NULL,NULL),(503,168,8,NULL,NULL),(504,168,17,NULL,NULL),(505,169,2,NULL,NULL),(506,169,13,NULL,NULL),(507,169,16,NULL,NULL),(508,170,5,NULL,NULL),(509,170,9,NULL,NULL),(510,170,18,NULL,NULL),(511,171,3,NULL,NULL),(512,171,13,NULL,NULL),(513,171,15,NULL,NULL),(514,172,3,NULL,NULL),(515,172,6,NULL,NULL),(516,172,18,NULL,NULL),(517,173,1,NULL,NULL),(518,173,6,NULL,NULL),(519,173,19,NULL,NULL),(520,174,2,NULL,NULL),(521,174,14,NULL,NULL),(522,174,15,NULL,NULL),(523,175,5,NULL,NULL),(524,175,7,NULL,NULL),(525,175,17,NULL,NULL),(526,176,5,NULL,NULL),(527,176,12,NULL,NULL),(528,176,18,NULL,NULL),(529,177,5,NULL,NULL),(530,177,8,NULL,NULL),(531,177,20,NULL,NULL),(532,178,4,NULL,NULL),(533,178,12,NULL,NULL),(534,178,16,NULL,NULL),(535,179,5,NULL,NULL),(536,179,9,NULL,NULL),(537,179,19,NULL,NULL),(538,180,2,NULL,NULL),(539,180,9,NULL,NULL),(540,180,20,NULL,NULL),(541,181,1,NULL,NULL),(542,181,10,NULL,NULL),(543,181,15,NULL,NULL),(544,182,4,NULL,NULL),(545,182,11,NULL,NULL),(546,182,16,NULL,NULL),(547,183,2,NULL,NULL),(548,183,9,NULL,NULL),(549,183,19,NULL,NULL),(550,184,2,NULL,NULL),(551,184,12,NULL,NULL),(552,184,15,NULL,NULL),(553,185,3,NULL,NULL),(554,185,9,NULL,NULL),(555,185,15,NULL,NULL),(556,186,1,NULL,NULL),(557,186,14,NULL,NULL),(558,186,20,NULL,NULL),(559,187,4,NULL,NULL),(560,187,8,NULL,NULL),(561,187,16,NULL,NULL),(562,188,1,NULL,NULL),(563,188,7,NULL,NULL),(564,188,20,NULL,NULL),(565,189,4,NULL,NULL),(566,189,11,NULL,NULL),(567,189,15,NULL,NULL),(568,190,2,NULL,NULL),(569,190,6,NULL,NULL),(570,190,16,NULL,NULL),(571,191,2,NULL,NULL),(572,191,12,NULL,NULL),(573,191,18,NULL,NULL),(574,192,2,NULL,NULL),(575,192,11,NULL,NULL),(576,192,17,NULL,NULL),(577,193,5,NULL,NULL),(578,193,8,NULL,NULL),(579,193,15,NULL,NULL),(580,194,5,NULL,NULL),(581,194,10,NULL,NULL),(582,194,16,NULL,NULL),(583,195,2,NULL,NULL),(584,195,12,NULL,NULL),(585,195,18,NULL,NULL),(586,196,5,NULL,NULL),(587,196,14,NULL,NULL),(588,196,19,NULL,NULL),(589,197,1,NULL,NULL),(590,197,12,NULL,NULL),(591,197,15,NULL,NULL),(592,198,1,NULL,NULL),(593,198,9,NULL,NULL),(594,198,19,NULL,NULL),(595,199,2,NULL,NULL),(596,199,7,NULL,NULL),(597,199,17,NULL,NULL),(598,200,5,NULL,NULL),(599,200,8,NULL,NULL),(600,200,20,NULL,NULL),(601,201,1,NULL,NULL),(602,201,10,NULL,NULL),(603,201,15,NULL,NULL),(604,202,4,NULL,NULL),(605,202,12,NULL,NULL),(606,202,19,NULL,NULL),(607,203,5,NULL,NULL),(608,203,12,NULL,NULL),(609,203,15,NULL,NULL),(610,204,1,NULL,NULL),(611,204,10,NULL,NULL),(612,204,19,NULL,NULL),(613,205,3,NULL,NULL),(614,205,14,NULL,NULL),(615,205,19,NULL,NULL),(616,206,1,NULL,NULL),(617,206,13,NULL,NULL),(618,206,16,NULL,NULL),(619,207,4,NULL,NULL),(620,207,14,NULL,NULL),(621,207,17,NULL,NULL),(622,208,5,NULL,NULL),(623,208,14,NULL,NULL),(624,208,20,NULL,NULL),(625,209,2,NULL,NULL),(626,209,13,NULL,NULL),(627,209,20,NULL,NULL),(628,210,2,NULL,NULL),(629,210,9,NULL,NULL),(630,210,18,NULL,NULL),(631,211,4,NULL,NULL),(632,211,7,NULL,NULL),(633,211,17,NULL,NULL),(634,212,3,NULL,NULL),(635,212,7,NULL,NULL),(636,212,16,NULL,NULL),(637,213,1,NULL,NULL),(638,213,13,NULL,NULL),(639,213,18,NULL,NULL),(640,214,4,NULL,NULL),(641,214,12,NULL,NULL),(642,214,15,NULL,NULL),(643,215,4,NULL,NULL),(644,215,7,NULL,NULL),(645,215,17,NULL,NULL),(646,216,1,NULL,NULL),(647,216,7,NULL,NULL),(648,216,17,NULL,NULL),(649,217,3,NULL,NULL),(650,217,10,NULL,NULL),(651,217,17,NULL,NULL),(652,218,2,NULL,NULL),(653,218,11,NULL,NULL),(654,218,18,NULL,NULL),(655,219,3,NULL,NULL),(656,219,6,NULL,NULL),(657,219,18,NULL,NULL),(658,220,4,NULL,NULL),(659,220,14,NULL,NULL),(660,220,20,NULL,NULL),(661,221,1,NULL,NULL),(662,221,7,NULL,NULL),(663,221,19,NULL,NULL),(664,222,5,NULL,NULL),(665,222,10,NULL,NULL),(666,222,20,NULL,NULL),(667,223,5,NULL,NULL),(668,223,14,NULL,NULL),(669,223,19,NULL,NULL),(670,224,4,NULL,NULL),(671,224,10,NULL,NULL),(672,224,20,NULL,NULL),(673,225,4,NULL,NULL),(674,225,8,NULL,NULL),(675,225,19,NULL,NULL),(676,226,3,NULL,NULL),(677,226,8,NULL,NULL),(678,226,20,NULL,NULL),(679,227,1,NULL,NULL),(680,227,6,NULL,NULL),(681,227,20,NULL,NULL),(682,228,3,NULL,NULL),(683,228,12,NULL,NULL),(684,228,18,NULL,NULL),(685,229,4,NULL,NULL),(686,229,6,NULL,NULL),(687,229,16,NULL,NULL),(688,230,4,NULL,NULL),(689,230,14,NULL,NULL),(690,230,19,NULL,NULL),(691,231,1,NULL,NULL),(692,231,12,NULL,NULL),(693,231,20,NULL,NULL),(694,232,2,NULL,NULL),(695,232,14,NULL,NULL),(696,232,19,NULL,NULL),(697,233,1,NULL,NULL),(698,233,6,NULL,NULL),(699,233,20,NULL,NULL),(700,234,4,NULL,NULL),(701,234,8,NULL,NULL),(702,234,20,NULL,NULL),(703,235,4,NULL,NULL),(704,235,13,NULL,NULL),(705,235,19,NULL,NULL),(706,236,5,NULL,NULL),(707,236,14,NULL,NULL),(708,236,20,NULL,NULL),(709,237,1,NULL,NULL),(710,237,9,NULL,NULL),(711,237,17,NULL,NULL),(712,238,3,NULL,NULL),(713,238,12,NULL,NULL),(714,238,19,NULL,NULL),(715,239,2,NULL,NULL),(716,239,9,NULL,NULL),(717,239,20,NULL,NULL),(718,240,5,NULL,NULL),(719,240,6,NULL,NULL),(720,240,18,NULL,NULL),(721,241,5,NULL,NULL),(722,241,9,NULL,NULL),(723,241,15,NULL,NULL),(724,242,5,NULL,NULL),(725,242,8,NULL,NULL),(726,242,17,NULL,NULL),(727,243,4,NULL,NULL),(728,243,10,NULL,NULL),(729,243,18,NULL,NULL),(730,244,1,NULL,NULL),(731,244,13,NULL,NULL),(732,244,19,NULL,NULL),(733,245,5,NULL,NULL),(734,245,9,NULL,NULL),(735,245,20,NULL,NULL),(736,246,1,NULL,NULL),(737,246,14,NULL,NULL),(738,246,18,NULL,NULL),(739,247,5,NULL,NULL),(740,247,8,NULL,NULL),(741,247,17,NULL,NULL),(742,248,4,NULL,NULL),(743,248,10,NULL,NULL),(744,248,16,NULL,NULL),(745,249,2,NULL,NULL),(746,249,8,NULL,NULL),(747,249,18,NULL,NULL),(748,250,4,NULL,NULL),(749,250,8,NULL,NULL),(750,250,15,NULL,NULL),(751,251,5,NULL,NULL),(752,251,12,NULL,NULL),(753,251,15,NULL,NULL),(754,252,1,NULL,NULL),(755,252,13,NULL,NULL),(756,252,18,NULL,NULL),(757,253,1,NULL,NULL),(758,253,9,NULL,NULL),(759,253,20,NULL,NULL),(760,254,5,NULL,NULL),(761,254,9,NULL,NULL),(762,254,15,NULL,NULL),(763,255,4,NULL,NULL),(764,255,11,NULL,NULL),(765,255,20,NULL,NULL),(766,256,4,NULL,NULL),(767,256,14,NULL,NULL),(768,256,18,NULL,NULL),(769,257,4,NULL,NULL),(770,257,8,NULL,NULL),(771,257,16,NULL,NULL),(772,258,4,NULL,NULL),(773,258,12,NULL,NULL),(774,258,19,NULL,NULL),(775,259,4,NULL,NULL),(776,259,7,NULL,NULL),(777,259,18,NULL,NULL),(778,260,5,NULL,NULL),(779,260,8,NULL,NULL),(780,260,18,NULL,NULL),(781,261,2,NULL,NULL),(782,261,6,NULL,NULL),(783,261,15,NULL,NULL),(784,262,1,NULL,NULL),(785,262,9,NULL,NULL),(786,262,16,NULL,NULL),(787,263,1,NULL,NULL),(788,263,12,NULL,NULL),(789,263,17,NULL,NULL),(790,264,4,NULL,NULL),(791,264,6,NULL,NULL),(792,264,19,NULL,NULL),(793,265,2,NULL,NULL),(794,265,11,NULL,NULL),(795,265,17,NULL,NULL),(796,266,3,NULL,NULL),(797,266,10,NULL,NULL),(798,266,16,NULL,NULL),(799,267,5,NULL,NULL),(800,267,14,NULL,NULL),(801,267,16,NULL,NULL),(802,268,5,NULL,NULL),(803,268,11,NULL,NULL),(804,268,15,NULL,NULL),(805,269,4,NULL,NULL),(806,269,11,NULL,NULL),(807,269,17,NULL,NULL),(808,270,5,NULL,NULL),(809,270,13,NULL,NULL),(810,270,15,NULL,NULL),(811,271,1,NULL,NULL),(812,271,14,NULL,NULL),(813,271,18,NULL,NULL),(814,272,2,NULL,NULL),(815,272,11,NULL,NULL),(816,272,16,NULL,NULL),(817,273,5,NULL,NULL),(818,273,7,NULL,NULL),(819,273,17,NULL,NULL),(820,274,4,NULL,NULL),(821,274,8,NULL,NULL),(822,274,20,NULL,NULL),(823,275,2,NULL,NULL),(824,275,8,NULL,NULL),(825,275,15,NULL,NULL),(826,276,1,NULL,NULL),(827,276,11,NULL,NULL),(828,276,20,NULL,NULL),(829,277,3,NULL,NULL),(830,277,14,NULL,NULL),(831,277,17,NULL,NULL),(832,278,1,NULL,NULL),(833,278,13,NULL,NULL),(834,278,16,NULL,NULL),(835,279,5,NULL,NULL),(836,279,13,NULL,NULL),(837,279,20,NULL,NULL),(838,280,2,NULL,NULL),(839,280,12,NULL,NULL),(840,280,17,NULL,NULL),(841,281,5,NULL,NULL),(842,281,7,NULL,NULL),(843,281,20,NULL,NULL),(844,282,2,NULL,NULL),(845,282,6,NULL,NULL),(846,282,15,NULL,NULL),(847,283,4,NULL,NULL),(848,283,10,NULL,NULL),(849,283,16,NULL,NULL),(850,284,1,NULL,NULL),(851,284,7,NULL,NULL),(852,284,17,NULL,NULL),(853,285,1,NULL,NULL),(854,285,13,NULL,NULL),(855,285,15,NULL,NULL),(856,286,1,NULL,NULL),(857,286,8,NULL,NULL),(858,286,17,NULL,NULL),(859,287,5,NULL,NULL),(860,287,13,NULL,NULL),(861,287,16,NULL,NULL),(862,288,1,NULL,NULL),(863,288,8,NULL,NULL),(864,288,15,NULL,NULL),(865,289,2,NULL,NULL),(866,289,12,NULL,NULL),(867,289,16,NULL,NULL),(868,290,2,NULL,NULL),(869,290,11,NULL,NULL),(870,290,18,NULL,NULL),(871,291,2,NULL,NULL),(872,291,13,NULL,NULL),(873,291,15,NULL,NULL),(874,292,1,NULL,NULL),(875,292,12,NULL,NULL),(876,292,19,NULL,NULL),(877,293,5,NULL,NULL),(878,293,14,NULL,NULL),(879,293,17,NULL,NULL),(880,294,3,NULL,NULL),(881,294,9,NULL,NULL),(882,294,15,NULL,NULL),(883,295,4,NULL,NULL),(884,295,14,NULL,NULL),(885,295,15,NULL,NULL),(886,296,2,NULL,NULL),(887,296,14,NULL,NULL),(888,296,15,NULL,NULL),(889,297,5,NULL,NULL),(890,297,14,NULL,NULL),(891,297,15,NULL,NULL),(892,298,5,NULL,NULL),(893,298,7,NULL,NULL),(894,298,16,NULL,NULL),(895,299,2,NULL,NULL),(896,299,10,NULL,NULL),(897,299,17,NULL,NULL),(898,300,3,NULL,NULL),(899,300,12,NULL,NULL),(900,300,19,NULL,NULL);



/*Table structure for table `posts` */



DROP TABLE IF EXISTS `posts`;



CREATE TABLE `posts` (
  `id` int(10) unsigned NOT NULL AUTO_INCREMENT,
  `name` varchar(128) COLLATE utf8mb4_unicode_ci NOT NULL,
  `slug` varchar(128) COLLATE utf8mb4_unicode_ci NOT NULL,
  `excerpt` mediumtext COLLATE utf8mb4_unicode_ci,
  `body` text COLLATE utf8mb4_unicode_ci NOT NULL,
  `status` enum('PUBLISHED','DRAFT') COLLATE utf8mb4_unicode_ci NOT NULL DEFAULT 'DRAFT',
  `file` varchar(128) COLLATE utf8mb4_unicode_ci DEFAULT NULL,
  `view_count` int(11) NOT NULL DEFAULT '0',
  `is_approved` tinyint(1) NOT NULL DEFAULT '0',
  `user_id` int(10) unsigned NOT NULL,
  `category_id` int(10) unsigned NOT NULL,
  `created_at` timestamp NULL DEFAULT NULL,
  `updated_at` timestamp NULL DEFAULT NULL,
  PRIMARY KEY (`id`),
  UNIQUE KEY `posts_slug_unique` (`slug`),
  KEY `posts_user_id_foreign` (`user_id`),
  KEY `posts_category_id_foreign` (`category_id`),
  CONSTRAINT `posts_category_id_foreign` FOREIGN KEY (`category_id`) REFERENCES `categories` (`id`) ON DELETE CASCADE ON UPDATE CASCADE,
  CONSTRAINT `posts_user_id_foreign` FOREIGN KEY (`user_id`) REFERENCES `users` (`id`) ON DELETE CASCADE ON UPDATE CASCADE
) ENGINE=InnoDB AUTO_INCREMENT=303 DEFAULT CHARSET=utf8mb4 COLLATE=utf8mb4_unicode_ci;



/*Data for the table `posts` */



insert  into `posts`(`id`,`name`,`slug`,`excerpt`,`body`,`status`,`file`,`view_count`,`is_approved`,`user_id`,`category_id`,`created_at`,`updated_at`) values (1,'Maxime sint ratione dolore voluptatem voluptatem.','maxime-sint-ratione-dolore-voluptatem-voluptatem','Dignissimos totam sit repellendus qui. Molestias magni voluptatibus voluptas dolores autem rerum. Nisi voluptates molestias consequatur at quas non vel.','Nisi esse fugiat placeat reiciendis iusto minima illum. Quia ipsa dolores rerum odit sunt quaerat. Veritatis ut molestiae aut labore voluptates magni sit qui. Aut voluptates voluptatum suscipit. Nostrum minima qui et ipsum. Sunt consequuntur quia et dolorem ex qui. Dolores consequatur rerum esse quis eum sequi facere minus. Sit ipsum ut illo voluptas nihil molestiae.','PUBLISHED','https://lorempixel.com/800/600/?84549',0,0,8,16,'2019-02-20 15:08:41','2019-02-20 15:08:41'),(2,'Qui consequatur dolores et.','qui-consequatur-dolores-et','Quo maxime molestias omnis odio at rem. Voluptatem amet ipsa hic alias consequatur nulla. Distinctio odit assumenda beatae nihil dolor reprehenderit. Itaque est sint aut sapiente.','Numquam ipsam consectetur sit necessitatibus eum voluptatibus et. Commodi assumenda saepe aliquam quibusdam quos dolorum. Officia laboriosam est aliquam minima qui vel sit. Perspiciatis veniam sunt aut quas perspiciatis sed dolores. Dolores repellat necessitatibus ratione impedit eum atque vero. Perferendis eos minima vero molestiae autem impedit. Numquam rem vero nisi voluptas dignissimos sunt commodi. Alias est cupiditate quidem debitis. Est repudiandae et nam repellat non.','DRAFT','https://lorempixel.com/800/600/?32134',0,0,18,19,'2019-02-20 15:08:41','2019-02-20 15:08:41'),(3,'Harum magni cumque illo.','harum-magni-cumque-illo','Vel beatae doloremque soluta et autem qui. Atque et voluptas aperiam. Voluptatem hic ipsum vero eum.','Unde maiores voluptatibus rerum amet. Consequuntur ea hic ratione. Sit consequuntur aliquid exercitationem quod. Optio aut deserunt fugiat est assumenda quasi et. Amet eos sint est aut quis eum in nam. At ex laboriosam et et nesciunt nisi. Molestiae dolores et doloremque. Possimus maxime magnam ducimus enim quos sunt. Ut omnis velit ipsum voluptatem ut doloribus repellendus.','DRAFT','https://lorempixel.com/800/600/?68026',0,0,9,13,'2019-02-20 15:08:41','2019-02-20 15:08:41'),(4,'Quidem beatae suscipit omnis.','quidem-beatae-suscipit-omnis','Soluta iusto natus odio et. Id odio dolores autem enim sint. Reiciendis deserunt iste voluptatem atque. Consequatur nam praesentium eius ut libero suscipit officia. Earum totam ut suscipit animi.','Ut aut et pariatur velit corporis dolores. Quasi tenetur sint dolores repellendus et. Minus facere quaerat porro quisquam. Exercitationem autem mollitia dolor et aut quis in. Et temporibus modi voluptatem et quis corporis. Aut sunt aut eum. Sint mollitia quis quod sint. Porro quis quia et dolores. Dolore aspernatur nobis qui est ratione consequatur et. Nihil sit excepturi tenetur et dolore soluta.','DRAFT','https://lorempixel.com/800/600/?60141',0,0,16,3,'2019-02-20 15:08:41','2019-02-20 15:08:41'),(5,'Porro magnam eius ea nemo.','porro-magnam-eius-ea-nemo','Quia maxime perferendis aut ratione recusandae. Sunt quis at vitae vero voluptas. Reiciendis ratione quo quod reiciendis. Et nostrum aut hic sapiente similique ducimus.','Omnis aut maiores a nulla saepe tempore. Adipisci dolor reiciendis sit consequatur asperiores atque ut. Dolor ullam illo porro itaque sit aliquid. Fuga quia explicabo sit tempore molestias quia quisquam. Dignissimos sit exercitationem non ullam qui fuga inventore. Fuga excepturi aspernatur est molestias ad. Rerum ut voluptatem ea eligendi recusandae voluptates eos. Sunt laboriosam commodi dignissimos. Fugiat quo libero quo accusamus minima.','DRAFT','https://lorempixel.com/800/600/?44794',0,0,8,3,'2019-02-20 15:08:41','2019-02-20 15:08:41'),(6,'Sint alias quam molestiae reiciendis quibusdam.','sint-alias-quam-molestiae-reiciendis-quibusdam','Ea ipsum et est esse. Aut veniam id explicabo quis occaecati officia illo. Ipsa similique qui est.','Qui magni est autem saepe enim. Natus maiores ex molestias totam quos. Sit officiis illum excepturi. Fuga assumenda iste tenetur debitis excepturi. Ut nulla quod commodi aliquam. Sint dicta quia mollitia velit velit. Error dolore facilis fugit deleniti quia. Sapiente reiciendis in eveniet adipisci.','PUBLISHED','https://lorempixel.com/800/600/?14475',0,0,22,3,'2019-02-20 15:08:41','2019-02-20 15:08:41'),(7,'Sed in atque eius nostrum.','sed-in-atque-eius-nostrum','Quas dolores exercitationem laudantium rerum enim. Perspiciatis sint at hic eos voluptatem sed iure. Incidunt dolores eaque rerum vero quia accusamus et. Illo nemo facilis perferendis aut reiciendis.','Dolore et quisquam est aperiam. Quos in numquam repudiandae fuga pariatur. Deleniti recusandae nemo exercitationem nesciunt qui eum. Tempora praesentium amet excepturi recusandae. Quod ipsum id dolorem aut reprehenderit rerum sit. Ea explicabo aut a possimus dicta et. Quia eum nulla optio ut distinctio nemo odit. Eaque perferendis laudantium quasi ab explicabo sed aperiam. Quia consequatur amet asperiores expedita sit.','PUBLISHED','https://lorempixel.com/800/600/?12270',0,0,11,5,'2019-02-20 15:08:41','2019-02-20 15:08:41'),(8,'Harum minima porro et.','harum-minima-porro-et','Labore sequi a reiciendis voluptatibus. Aut eum harum et impedit nulla impedit quaerat voluptatem. Quasi placeat impedit beatae molestiae. Ducimus laborum distinctio et quia.','Alias voluptates eos iure voluptas. Voluptatem dolor dolorum quos velit tenetur delectus et. Non ut suscipit nostrum. Vel in commodi qui. Saepe deleniti possimus aut nisi. Aut facilis enim in accusantium. Ducimus dolor sunt esse illum impedit recusandae unde. Ut eos in saepe eum molestiae consequatur. Et molestiae dignissimos nihil sequi quae non eum qui. Et fugit deleniti est.','DRAFT','https://lorempixel.com/800/600/?24841',0,0,21,20,'2019-02-20 15:08:41','2019-02-20 15:08:41'),(9,'Corrupti et et consequuntur.','corrupti-et-et-consequuntur','Aut possimus et tempore. Quia sit non ea placeat quis enim non nihil. Tenetur tempore id blanditiis velit possimus illo suscipit dolorum. Quae officia doloremque et ad quo optio eum.','Doloremque sunt non repellat sequi. Libero perferendis quia quis eos in dolor. Odit voluptate laboriosam eius inventore vel at. Et beatae corrupti aperiam. Et dolores sint vitae aut rerum. Nesciunt officiis eum aliquam amet fuga. Eum dicta voluptatem dolor saepe qui et. Ipsum nam recusandae animi error est et provident. Laudantium molestiae neque omnis vero consequatur et. Cupiditate reprehenderit in fugit optio et molestias sed magni.','PUBLISHED','https://lorempixel.com/800/600/?39027',0,0,1,14,'2019-02-20 15:08:41','2019-02-20 15:08:41'),(10,'Ut ipsa fugit sit qui quidem.','ut-ipsa-fugit-sit-qui-quidem','Eius culpa magni illo fugit incidunt. Aperiam incidunt temporibus voluptas aut vero eligendi. Earum explicabo illum delectus hic iure. Quo qui vel voluptate voluptatum blanditiis ducimus officiis.','Ducimus sunt excepturi corporis tenetur. Harum necessitatibus ut perferendis qui molestiae error. Quasi itaque sapiente dolore necessitatibus voluptatem fugiat quisquam et. Delectus repudiandae vero vitae qui error ut. Aut et consectetur totam consequatur perspiciatis facilis. Animi optio maiores enim rerum tenetur quibusdam dolore.','DRAFT','https://lorempixel.com/800/600/?80297',0,0,1,14,'2019-02-20 15:08:41','2019-02-20 15:08:41'),(11,'Maxime iste expedita.','maxime-iste-expedita','Qui non dolore delectus reiciendis. Magni modi optio sint accusantium similique et quasi. Qui non impedit non laboriosam ut soluta esse.','Nemo voluptatum nostrum quia. Consequatur voluptate dolorem aut voluptatem eum ex provident cumque. Voluptatum rerum aperiam incidunt ea. Sint veniam eaque dolorem. Voluptatem eaque est itaque et totam quo. Et vel quia voluptatem et et. Nisi enim eos enim porro quia nemo debitis. Ea nam quia enim ipsam animi. Et et reiciendis voluptas quaerat. Et ex deleniti et cum. Vel accusamus voluptatem sint dicta debitis id.','PUBLISHED','https://lorempixel.com/800/600/?49113',0,0,6,10,'2019-02-20 15:08:41','2019-02-20 15:08:41'),(12,'Sint saepe cumque veritatis rerum illum.','sint-saepe-cumque-veritatis-rerum-illum','Explicabo aliquid quia qui sunt et sint. Ut quo numquam provident dolor sint deleniti nostrum. Sint quas autem aliquam id.','Alias ea aperiam eligendi et. Quo libero omnis et dicta. In sunt dolor aut incidunt tempore. Consequatur delectus possimus adipisci et et debitis. Sed deserunt minus ut sapiente illum ab sint. Deleniti qui cupiditate voluptatem magnam et. Eaque ipsum possimus qui beatae numquam accusantium molestiae. Iusto officia omnis suscipit sint illo qui ipsa. Beatae quas aut qui praesentium officiis.','PUBLISHED','https://lorempixel.com/800/600/?43931',0,0,9,3,'2019-02-20 15:08:41','2019-02-20 15:08:41'),(13,'Rerum quod assumenda et ipsam rerum.','rerum-quod-assumenda-et-ipsam-rerum','Ut quas reiciendis ut ducimus. Vel voluptate ut quaerat incidunt error et mollitia quas. Cumque fugiat voluptatem quia. Unde ea nostrum mollitia.','Omnis sint dolorum atque commodi. Mollitia delectus qui nemo rerum harum dolor voluptatem. Enim perspiciatis odio tempora consectetur iure magnam. Fuga ut beatae beatae itaque. Excepturi veniam perspiciatis mollitia adipisci quas non. Sed magnam asperiores sequi amet aperiam. Sed molestiae quia inventore ut provident. Quis nostrum aut quod alias rerum. Est reiciendis dolor dolorem. Est ea mollitia sunt et sit praesentium et.','DRAFT','https://lorempixel.com/800/600/?17012',0,0,16,1,'2019-02-20 15:08:41','2019-02-20 15:08:41'),(14,'Molestiae rerum totam rerum.','molestiae-rerum-totam-rerum','Quo eius sint ratione dicta porro molestias. Repellat non alias ex et quae. Unde non sed voluptas laborum saepe et. Laboriosam maiores saepe quos quo. Et voluptatum impedit est aperiam.','Necessitatibus et placeat et delectus repudiandae enim. Dolore facere optio ut voluptates sint. Earum iste voluptatem est dolores at odio. Est earum omnis repudiandae molestiae aut rerum ea autem. Et odit molestias doloremque consequatur hic veniam et. Ut dolor dolorum ducimus aut et sed autem. Veritatis deleniti aut eum est velit. Voluptatibus et ut animi et nulla consectetur ut. Dolorem repudiandae tenetur voluptates omnis officia nihil odit maiores.','PUBLISHED','https://lorempixel.com/800/600/?65474',0,0,16,9,'2019-02-20 15:08:41','2019-02-20 15:08:41'),(15,'Voluptatibus culpa et odio.','voluptatibus-culpa-et-odio','Ut qui quo natus totam. Voluptas mollitia voluptatem quis numquam ut recusandae mollitia. Sint et atque et explicabo illo et.','In voluptatem libero optio repellat possimus qui. Autem dolores ad totam nihil quam excepturi nam. Itaque aut rerum nulla tempore veritatis. Et quidem nulla tempore impedit. Iste aut beatae id quam molestiae. Blanditiis et illum itaque quam. Cupiditate rerum enim accusantium non id aut. Sapiente sed sit neque a in dolor sequi. Eum dolore autem tempore repudiandae beatae laborum possimus. Velit sit voluptas enim optio totam omnis excepturi. Delectus id ut neque qui temporibus et rerum.','PUBLISHED','https://lorempixel.com/800/600/?10572',0,0,17,17,'2019-02-20 15:08:41','2019-02-20 15:08:41'),(16,'Quia quia a incidunt voluptatum.','quia-quia-a-incidunt-voluptatum','Sit corporis quo aliquid. Tenetur rerum ut quia animi ipsa itaque. Repellendus ab iure eveniet corporis. Qui quia ut ut possimus debitis perferendis architecto.','Dignissimos alias saepe ullam porro molestias dolores. Sint aut eum dolores. Sunt eos nam sed ea omnis sapiente. Suscipit sit occaecati ea natus voluptates. Illo libero vitae vero eaque quis sequi velit. Nihil eos id qui illum repudiandae est. Suscipit ut ipsa facilis distinctio eum. Est accusantium pariatur assumenda voluptas et. Quas vel itaque modi accusantium. Delectus magni sunt repellat voluptas.','PUBLISHED','https://lorempixel.com/800/600/?25680',0,0,25,12,'2019-02-20 15:08:41','2019-02-20 15:08:41'),(17,'Ut molestiae dolores in quis.','ut-molestiae-dolores-in-quis','Adipisci ut nulla voluptas est voluptas placeat. Temporibus neque ab sit recusandae incidunt. Ut cum id officia.','Quae nihil labore est illo cumque eveniet. Ea qui omnis dolor quasi similique sit sunt. Iste ea placeat eius veritatis velit. Ut qui dolor quas qui. Vel rerum architecto suscipit voluptate cupiditate. Architecto cupiditate assumenda non soluta. Et aut exercitationem ad fuga vel sint voluptate. Et ullam quia maiores est nam. Qui culpa aperiam error esse. Et voluptas quo repudiandae aut cupiditate sint. Ea consequatur laudantium dicta sed. Deleniti consequuntur sapiente voluptas.','PUBLISHED','https://lorempixel.com/800/600/?22605',0,0,7,20,'2019-02-20 15:08:41','2019-02-20 15:08:41'),(18,'Suscipit quae ad.','suscipit-quae-ad','Perspiciatis beatae et itaque veritatis. Fugiat voluptate asperiores ut et est neque possimus dolores. Qui et excepturi quis nihil qui labore. Explicabo est quia eum consequuntur.','Deserunt at esse labore possimus velit ut animi. Earum at occaecati nostrum rem nihil. Ipsa quibusdam recusandae rerum iure et voluptatem. Aspernatur est mollitia et sunt ea. Et error omnis incidunt at. Maiores quidem nisi rerum est commodi dolorem officia excepturi. Maxime consequuntur et autem voluptatum dolorem quibusdam. In nulla totam omnis tempore illum. Suscipit qui et vel quas corrupti enim. In esse id aut reiciendis rerum. Est fugit illum inventore esse velit.','DRAFT','https://lorempixel.com/800/600/?78564',0,0,18,10,'2019-02-20 15:08:41','2019-02-20 15:08:41'),(19,'Molestias veritatis qui vel.','molestias-veritatis-qui-vel','Velit suscipit nemo sed officia et eum. Hic temporibus magnam blanditiis. Nostrum ducimus impedit officia illo.','Sint distinctio id ut optio sunt sunt qui. Consequatur animi repellendus harum et dolorem. At optio omnis tempore dolorem omnis facilis voluptates. Et nemo sapiente est praesentium. Itaque assumenda sed magni inventore nemo. Quia doloremque odit at est consequatur. Accusamus labore doloremque exercitationem placeat sit eveniet dolores. Culpa reprehenderit cum repellat similique earum quo eveniet. Facere et id doloribus illum alias doloremque.','DRAFT','https://lorempixel.com/800/600/?31111',0,0,6,9,'2019-02-20 15:08:41','2019-02-20 15:08:41'),(20,'Ab voluptatibus ea necessitatibus.','ab-voluptatibus-ea-necessitatibus','Sit cumque qui eum illo nobis architecto sit odit. Voluptatem non quia est nihil. Sit quod id consequatur sunt officia accusamus.','Et iusto itaque ullam nisi laborum quas. Voluptatibus reprehenderit aliquid rem natus minus neque magni. Itaque temporibus quod dolorum ducimus totam qui ut enim. Enim et dicta sint sunt labore enim. Minima est quibusdam distinctio corporis saepe eaque. Voluptatem voluptatem natus omnis et nulla odio occaecati. Corrupti eligendi distinctio ea iusto et aut. Quis autem mollitia iure ea est ipsa. Laborum quo minima tempore animi. Aut error voluptatum dolorem qui non.','DRAFT','https://lorempixel.com/800/600/?68596',0,0,21,16,'2019-02-20 15:08:41','2019-02-20 15:08:41'),(21,'Reiciendis laborum cupiditate.','reiciendis-laborum-cupiditate','Tempore dolore provident quaerat odio qui deleniti qui. Fugit eveniet minus est mollitia sit earum ut. Corrupti non quod placeat suscipit deleniti ullam occaecati ea. Officia at architecto non ex ea.','Impedit consequuntur ex quaerat modi. Repellendus rerum cupiditate dolores corrupti. Vitae non voluptates facilis beatae doloremque. Et magnam consequatur tenetur enim quis. Provident aperiam iste in iste et. Cum cumque vero quisquam fuga qui. Pariatur iste et qui autem esse omnis voluptatem.','PUBLISHED','https://lorempixel.com/800/600/?79203',0,0,19,8,'2019-02-20 15:08:41','2019-02-20 15:08:41'),(22,'A nam voluptatem ab dolorem et.','a-nam-voluptatem-ab-dolorem-et','Beatae voluptate quos quia recusandae expedita quo error repellendus. Odio eos molestiae debitis necessitatibus. A odio adipisci illo eum dicta dolores ut.','Eos labore ratione voluptates. Et qui quia odit libero rerum. Corrupti cumque molestiae deleniti quos impedit beatae. Dolore voluptates optio aut sed eum. Maiores recusandae sed et labore voluptatem aliquid. Sequi temporibus deserunt exercitationem ut sequi fugit id. Corrupti sed sunt ea velit itaque et natus. Rerum reiciendis fugiat cupiditate soluta eos. Non omnis eum aut molestiae cumque.','DRAFT','https://lorempixel.com/800/600/?53252',0,0,18,4,'2019-02-20 15:08:41','2019-02-20 15:08:41'),(23,'Voluptas optio nam dolor.','voluptas-optio-nam-dolor','Et et aliquid consectetur eveniet adipisci maiores eum. Unde at ut enim quod molestias assumenda quas aspernatur. Perferendis consequatur quos ut.','Quo minima accusamus mollitia saepe sequi. Excepturi cum aut nisi minima corrupti alias dolores. Magni aut ea deleniti ut est sed. Aut et aperiam explicabo qui qui vel tempora pariatur. Ut qui rerum alias fugiat odio hic sapiente aut. Labore aut velit temporibus aspernatur iste vero voluptatum. Eius voluptas unde asperiores et. Sed illum sunt reprehenderit deserunt impedit inventore hic. Eos autem deserunt aliquid. Praesentium minima et ad id reprehenderit. Ut modi fuga ab sit.','DRAFT','https://lorempixel.com/800/600/?52550',0,0,6,16,'2019-02-20 15:08:41','2019-02-20 15:08:41'),(24,'Accusantium suscipit officiis doloremque.','accusantium-suscipit-officiis-doloremque','Rem porro quis quos ut expedita recusandae corporis. Voluptas enim iusto culpa est. Odio quas illo ab tempora necessitatibus vitae quam. Non ut laborum ut rem.','Porro libero quo commodi dolores adipisci alias. Totam cumque voluptatem voluptas totam laborum blanditiis. Explicabo quisquam nesciunt explicabo provident ducimus enim iusto at. Maiores libero minus id ipsa eveniet aspernatur asperiores. Ut laboriosam fugit ipsum cupiditate commodi ut eligendi. Dolores ab molestiae omnis. Nihil animi consequatur nobis rerum.','PUBLISHED','https://lorempixel.com/800/600/?41267',0,0,21,18,'2019-02-20 15:08:41','2019-02-20 15:08:41'),(25,'Odit optio veniam est delectus.','odit-optio-veniam-est-delectus','Numquam culpa ex id ut consequatur laborum error quaerat. Beatae aspernatur minus doloribus eos illo. Nisi omnis impedit qui aut corporis perspiciatis voluptatem delectus.','Deserunt dolorem ut repellendus adipisci tempora explicabo. Ratione recusandae necessitatibus maiores. Ut vero nulla et non aliquid. Aspernatur sit saepe excepturi tempore reprehenderit est. Voluptas perspiciatis ducimus consequuntur doloribus quisquam praesentium explicabo nam. Rem consectetur sed odit sint. Praesentium ipsam et et quod asperiores quis. Exercitationem aperiam autem facere ab quisquam voluptatum inventore.','PUBLISHED','https://lorempixel.com/800/600/?44358',0,0,23,4,'2019-02-20 15:08:41','2019-02-20 15:08:41'),(26,'Enim neque unde et ea.','enim-neque-unde-et-ea','Velit sint sit nam laudantium nisi. Pariatur et ad sint a recusandae id. Enim provident ad nobis at nisi at. Rerum expedita ab qui et placeat voluptatem ab maxime.','Omnis eaque labore corporis at quas eius. Libero doloribus beatae doloribus maxime vitae praesentium qui. Enim incidunt ducimus vitae eveniet. Deleniti rerum vel ut consequatur. Sapiente hic dolor doloremque libero. Tempora voluptatem omnis et magnam quisquam perferendis dolor. Voluptatem distinctio labore distinctio aut aliquam suscipit. Et sequi et ullam impedit ut exercitationem.','PUBLISHED','https://lorempixel.com/800/600/?45901',0,0,22,16,'2019-02-20 15:08:41','2019-02-20 15:08:41'),(27,'Tenetur consequuntur officia.','tenetur-consequuntur-officia','Facilis molestiae consequuntur accusantium architecto voluptates iste. Quidem eum aut ut aliquam odio quas iusto. Ad vero eligendi aperiam minus ea ad dolorem. Sapiente qui ut alias.','Ut consequatur qui eos est aliquam eius. Nisi a totam odit porro odio deleniti distinctio. Libero omnis doloribus maxime sed sit saepe vel. Atque repellat sunt eveniet non sint. Necessitatibus est consectetur error magni voluptatem. Maiores repellendus quas vitae culpa voluptas vel. Et velit ex minima deleniti rem itaque. Occaecati deleniti eum quo modi necessitatibus qui saepe libero. Facere reiciendis et aliquid architecto optio saepe.','DRAFT','https://lorempixel.com/800/600/?78079',0,0,10,8,'2019-02-20 15:08:41','2019-02-20 15:08:41'),(28,'Fuga sint unde perferendis.','fuga-sint-unde-perferendis','Quae sequi inventore neque non doloremque quas ea. Dolorem et et et aut aut. Repellendus quas sed rerum facere officia. Est ut error fugiat adipisci illum non dicta praesentium.','Fugit exercitationem quo molestiae quae porro atque et. Accusamus impedit cum autem maxime minus libero. Ut commodi qui soluta eaque ea. Et quis minima in adipisci accusamus voluptas qui est. Asperiores inventore placeat mollitia dolores aut eum perspiciatis. Est et maxime iste et ratione sint cumque. Eum nesciunt consequatur minus quia. Dolores velit sit eos.','PUBLISHED','https://lorempixel.com/800/600/?97763',0,0,20,8,'2019-02-20 15:08:41','2019-02-20 15:08:41'),(29,'Debitis consequatur sapiente sit.','debitis-consequatur-sapiente-sit','Aut numquam soluta eos at aliquid voluptatem quia. Placeat ullam et ut labore voluptatem. Fuga accusantium ullam quas pariatur.','Quas praesentium culpa dolor dignissimos tempora eum ut voluptatem. Voluptatem quo debitis quisquam cumque sunt ad magnam consequatur. Sed debitis dolorem quos voluptas atque. Quos non corporis et occaecati quaerat. Dolorem excepturi ut delectus est quia. Molestiae vero et et ea consequatur. Aperiam consequatur et quia inventore dolorum nam non. Enim accusamus et laboriosam eligendi aut. Et error voluptas amet. Pariatur voluptatem commodi quisquam ratione eum corporis.','DRAFT','https://lorempixel.com/800/600/?23294',0,0,16,20,'2019-02-20 15:08:41','2019-02-20 15:08:41'),(30,'Voluptas aut magnam sint.','voluptas-aut-magnam-sint','Expedita ut harum quisquam blanditiis voluptatem at. Rem sequi velit ducimus ab maxime commodi. Alias cumque ea sit occaecati velit illum in. Cumque et aspernatur dicta veniam soluta.','Dicta enim et omnis ut est laborum harum. Est est ipsum expedita inventore vitae autem dolore. Aut consequatur praesentium ducimus culpa reiciendis inventore repellat. Et necessitatibus aliquid eum accusamus. Dolores molestias minima vel dolor. Velit perferendis dolorem est consequatur iste voluptas nihil. Voluptas enim quibusdam consequatur vero nostrum. A est voluptatibus quod reiciendis in natus.','DRAFT','https://lorempixel.com/800/600/?43963',0,0,3,17,'2019-02-20 15:08:41','2019-02-20 15:08:41'),(31,'Illo sapiente nostrum fugit sit.','illo-sapiente-nostrum-fugit-sit','Nisi labore aut voluptas. Qui nisi quia dicta. Aperiam consequatur at iste rerum. Quia quos necessitatibus id voluptatem omnis nobis.','Dolores necessitatibus sit temporibus. Voluptas nisi inventore corporis odio. Beatae asperiores rerum dolorum nihil ut. Officiis non optio sint. Aut incidunt maxime rerum omnis necessitatibus reiciendis. Atque omnis sint molestiae eaque iure aut voluptatibus labore.','DRAFT','https://lorempixel.com/800/600/?22092',0,0,20,3,'2019-02-20 15:08:41','2019-02-20 15:08:41'),(32,'Et mollitia pariatur incidunt.','et-mollitia-pariatur-incidunt','Dolor corrupti quo deserunt dolorum et qui. Sed ipsam fugit corporis.','Voluptas odio officiis distinctio et necessitatibus consectetur dolorum. Dolor omnis quaerat ut aliquid nobis consequatur. Impedit laborum provident cumque enim enim repellendus. Expedita maxime aliquam quasi. Quisquam tenetur commodi praesentium eos optio quas sint. Ut eligendi aut temporibus enim est blanditiis sint. Blanditiis distinctio vel qui nostrum et aut. Aspernatur eligendi culpa itaque fugit. In a et nisi consequatur qui voluptatem assumenda incidunt. Ipsum neque qui aut maxime.','DRAFT','https://lorempixel.com/800/600/?10953',0,0,18,8,'2019-02-20 15:08:41','2019-02-20 15:08:41'),(33,'Dignissimos libero illum.','dignissimos-libero-illum','Itaque autem exercitationem ad illo dolorem. Nam praesentium mollitia tenetur provident non laborum tempore nihil. Sapiente quas quibusdam saepe rerum. Eos sunt ut dolorem.','Totam ex ea ut dolor. Ab fugiat cupiditate minima. Laborum illo non possimus aut hic aliquam esse dolorem. Ut placeat suscipit ut est qui quia quia. Nihil reiciendis dolor itaque perspiciatis veritatis. Reiciendis blanditiis ut ab aut iste repudiandae. Provident exercitationem voluptates voluptate et. Et animi neque rerum aut dolores. Quia voluptatem quam aut sed numquam.','DRAFT','https://lorempixel.com/800/600/?86299',0,0,15,11,'2019-02-20 15:08:41','2019-02-20 15:08:41'),(34,'Ea eaque cupiditate tenetur aut delectus.','ea-eaque-cupiditate-tenetur-aut-delectus','Et facere nemo rerum est dolores optio. Inventore nemo placeat aut laudantium eum dolore. Dolorum reiciendis eum harum.','Sit quae rerum aliquid pariatur tenetur nam. Quis voluptatem eius qui labore explicabo deserunt. Autem modi qui perspiciatis assumenda ad magnam omnis dolor. Rerum quo molestias exercitationem accusantium. Error commodi praesentium facilis accusantium. Explicabo doloribus dolorem quae voluptas cupiditate. Ut sint libero numquam voluptate. Vel ea natus sed accusantium sed quo. Placeat optio non quisquam ducimus. Fugiat omnis omnis totam.','DRAFT','https://lorempixel.com/800/600/?94309',0,0,13,10,'2019-02-20 15:08:42','2019-02-20 15:08:42'),(35,'Voluptate fuga rerum et veniam.','voluptate-fuga-rerum-et-veniam','Debitis nam commodi cum eaque rerum. Totam commodi fuga voluptas itaque voluptatem vel et. Quia commodi autem recusandae velit odio sunt.','Quasi qui ut accusamus quae necessitatibus quos illo. Ut rerum non tempore omnis hic earum. Praesentium quidem aspernatur beatae dicta et voluptas. Officia possimus sed sit rerum quasi. Dolorem fugiat ducimus dicta pariatur eaque reprehenderit ipsam. Nam et dolores nisi sit. Assumenda maiores debitis ipsa maiores ratione quos maiores. Incidunt qui ducimus autem dignissimos exercitationem eius voluptas. Numquam et id rerum commodi eum aliquam ut. Qui qui sapiente adipisci ullam in est.','PUBLISHED','https://lorempixel.com/800/600/?85947',0,0,30,5,'2019-02-20 15:08:42','2019-02-20 15:08:42'),(36,'Recusandae consectetur vero vitae nihil nemo.','recusandae-consectetur-vero-vitae-nihil-nemo','Possimus in id sit ut enim. Est eaque quam deleniti sit eos corporis dignissimos. Porro aut aperiam dolorem sed sed. Quia et facilis amet accusamus.','Qui vero quam enim non aspernatur. Et suscipit doloremque minus accusantium rerum. Quibusdam in natus distinctio quam corrupti numquam. Reprehenderit ex inventore molestias. Provident est quod impedit perspiciatis sint. Nihil deserunt est in qui sed saepe. Ipsam aut impedit est quasi. Rerum non iste rem voluptas neque error. Aspernatur excepturi omnis quos consequatur et aperiam. Eos reiciendis omnis quo est animi.','DRAFT','https://lorempixel.com/800/600/?93507',0,0,12,19,'2019-02-20 15:08:42','2019-02-20 15:08:42'),(37,'Et consequuntur molestiae eos et.','et-consequuntur-molestiae-eos-et','Et qui et perferendis odit ratione. Voluptas perferendis autem qui expedita est tenetur. Ea id id nostrum quia explicabo sit.','Numquam rerum ut rerum. Sit ea at dolorem eligendi asperiores quibusdam. Ut et aut pariatur ut. Officia illum perferendis facilis architecto aut ut qui ut. Totam eveniet eveniet ut in dicta recusandae. Et asperiores provident corporis nobis quo assumenda. Magni magnam fugit officiis aut blanditiis odit eum. Perferendis labore placeat repellat tempora quisquam est. Excepturi a corporis voluptates aliquam occaecati porro molestiae.','DRAFT','https://lorempixel.com/800/600/?92147',0,0,27,17,'2019-02-20 15:08:42','2019-02-20 15:08:42'),(38,'Autem nulla voluptate officia.','autem-nulla-voluptate-officia','Rerum deleniti enim dolores qui qui et nihil et. Soluta aliquid et nam quibusdam. Voluptatibus ullam quos aut vel omnis ex fugiat. Velit et itaque voluptatem fuga dolores.','Qui ut velit consectetur iste. Rerum nihil sint unde cumque. Eveniet voluptas cupiditate ut quia ut nam debitis. Impedit eveniet provident molestiae minus doloribus nemo quo. Nihil perspiciatis esse iusto quam est at. Minus vitae est voluptatem atque voluptas. Repudiandae ratione voluptatem est cupiditate quidem sit accusantium. Odio aliquam laborum dignissimos omnis atque culpa. Ut enim in aspernatur dolorum ab. Occaecati id qui commodi.','DRAFT','https://lorempixel.com/800/600/?14863',0,0,15,9,'2019-02-20 15:08:42','2019-02-20 15:08:42'),(39,'Qui blanditiis est autem.','qui-blanditiis-est-autem','Expedita dignissimos praesentium beatae autem eum maiores in. Laboriosam dolorem deserunt laudantium. Ut neque vel aut temporibus.','Doloribus cum iste et quibusdam. Autem et illum corrupti similique. Sequi corporis quam quia est. In rerum atque sed commodi. Distinctio rerum voluptas non. Non fugit dolorem est sunt quo aperiam. Et excepturi consequatur vero sequi. Cum a sapiente harum quibusdam. Dolore distinctio aut perspiciatis asperiores recusandae voluptas. Natus et praesentium voluptatum aperiam est molestias consequuntur possimus. In dolores officia voluptatem quod quia.','PUBLISHED','https://lorempixel.com/800/600/?90857',0,0,7,7,'2019-02-20 15:08:42','2019-02-20 15:08:42'),(40,'Voluptatibus voluptas aut alias et.','voluptatibus-voluptas-aut-alias-et','Est magnam et ullam voluptas iure. Sit mollitia accusamus ut minima ut sit recusandae. Sequi hic libero consectetur delectus earum voluptates quasi. Occaecati odio non corrupti aperiam nam ad.','Magni sequi possimus eum sapiente sint. Ut illum consequatur omnis eligendi dignissimos asperiores molestiae. Magni modi atque dolore eum. Accusamus quas consectetur aliquam modi molestias. Suscipit non iure rerum minus alias alias. Nulla et neque ipsum eligendi. Sint vitae ad voluptatibus soluta sint est. Maiores in maiores eius neque pariatur eum. Non esse quia est. Ex ea ipsa consequatur alias. Quia fugit consequuntur in autem illum qui. Quo incidunt nihil dolore quidem.','PUBLISHED','https://lorempixel.com/800/600/?60315',0,0,10,9,'2019-02-20 15:08:42','2019-02-20 15:08:42'),(41,'Libero expedita et nihil eos.','libero-expedita-et-nihil-eos','Doloremque consectetur voluptatem sunt qui doloremque hic quod. Corporis odit officiis voluptate non et. Odio odit illo maiores incidunt. Ducimus voluptas qui nesciunt provident.','Illo impedit quia culpa distinctio optio eos. Et labore distinctio temporibus qui. Voluptatem cum quia perspiciatis. Similique rem molestiae quia maxime sint est vel. Consequuntur laborum quis eligendi voluptatem qui autem reprehenderit et. Ut ut nemo ut corrupti reiciendis ab autem. Delectus voluptate accusamus quaerat saepe. Quia consectetur odit nihil aperiam ut libero voluptatem voluptatum. Sapiente sit cum quos repudiandae est ut nostrum quisquam. Sunt earum soluta ipsum incidunt.','DRAFT','https://lorempixel.com/800/600/?41912',0,0,15,1,'2019-02-20 15:08:42','2019-02-20 15:08:42'),(42,'Eaque reiciendis non beatae.','eaque-reiciendis-non-beatae','Cumque quos quisquam qui provident eaque. Error hic laborum quod rerum enim soluta. In necessitatibus rerum neque in libero et impedit. Ea ut sit placeat fuga in quia non et.','Maxime omnis ab quaerat eos et. Voluptatum sunt eos ex est. Perspiciatis laudantium tenetur tempore. Sequi non nam voluptatibus quam. Rerum ex earum temporibus ipsam ullam. Iure qui eaque aperiam id autem. Laudantium et et cupiditate non vel a. Id aperiam minima ipsam qui dolore non. Laboriosam magnam quos est repellendus blanditiis aut. Explicabo harum quis ratione temporibus ut est rerum labore.','PUBLISHED','https://lorempixel.com/800/600/?36542',0,0,26,16,'2019-02-20 15:08:42','2019-02-20 15:08:42'),(43,'Voluptas voluptatem et omnis.','voluptas-voluptatem-et-omnis','Reprehenderit quis blanditiis dolorem qui sint ut. Consequatur voluptas adipisci voluptatem magnam porro. Tempore nemo ea quo quia. Adipisci optio necessitatibus sed iure modi amet magnam.','Assumenda dolorem dolorum facilis voluptatibus nesciunt. Et neque excepturi soluta. Voluptate quod voluptatem eos ad officiis dolore. Veritatis facere consequatur id quisquam. Quisquam labore facere voluptatem dolorem eius. Odio quidem accusantium inventore rerum reprehenderit dolorum. Est unde illum repellendus consectetur vel. Ducimus eos omnis ad velit aut. Beatae nihil natus voluptatibus sequi omnis quia. Tenetur omnis consequatur ipsam quia adipisci mollitia et.','PUBLISHED','https://lorempixel.com/800/600/?39000',0,0,3,2,'2019-02-20 15:08:42','2019-02-20 15:08:42'),(44,'Et est sapiente explicabo.','et-est-sapiente-explicabo','Aut deserunt ullam omnis molestiae molestias praesentium. Qui accusamus voluptates ea ullam recusandae. Sit voluptatem et voluptatum odit iste tenetur aut rerum. Accusantium enim accusantium sed ad.','A officia nihil est. Ea quaerat aut dolores. Voluptatem sapiente totam voluptas molestiae cum nihil. Accusantium consectetur ut magnam. Culpa et tempore iure quis vero ex. Sunt consequatur iste aperiam culpa neque odit nobis. Sed incidunt omnis sit expedita similique quam dolore. Aliquam inventore ex ipsum in eos eos. Incidunt quia et tenetur.','DRAFT','https://lorempixel.com/800/600/?76636',0,0,5,18,'2019-02-20 15:08:42','2019-02-20 15:08:42'),(45,'Facilis natus magnam nostrum qui.','facilis-natus-magnam-nostrum-qui','Nihil rem odio tempora. Cupiditate nemo ab fuga in fuga unde libero.','Eveniet animi doloribus non provident. Ipsam similique eius rerum deserunt voluptatem nostrum in rerum. Nisi voluptas eius quibusdam delectus. Ut earum maiores consectetur perspiciatis. Provident praesentium sit exercitationem nihil. Asperiores perspiciatis modi laudantium saepe totam laborum. Qui dolor minima est itaque sed est qui. Unde quibusdam totam aspernatur.','DRAFT','https://lorempixel.com/800/600/?35003',0,0,14,10,'2019-02-20 15:08:42','2019-02-20 15:08:42'),(46,'Voluptates odio aut ut quis.','voluptates-odio-aut-ut-quis','Iste illo recusandae esse enim ea. Perferendis voluptas expedita magnam est. Deleniti consequatur culpa aperiam atque rerum aut.','Tempore delectus vel fugiat aut et. Sunt laborum mollitia dolorem deleniti exercitationem cumque eaque. Veniam necessitatibus porro ab harum temporibus est itaque officiis. Sit molestiae error magnam et. Nesciunt itaque sint facilis molestiae consequuntur animi rerum. Et eaque voluptatibus voluptas sequi rem occaecati in. Est nesciunt facere distinctio veniam. Ad odit in cupiditate officiis reprehenderit et.','DRAFT','https://lorempixel.com/800/600/?27706',0,0,5,11,'2019-02-20 15:08:42','2019-02-20 15:08:42'),(47,'Unde sunt et.','unde-sunt-et','Est ab consequatur commodi sit eum quia. Nisi quo soluta quia harum architecto accusamus distinctio. Itaque enim tenetur ut minus asperiores rerum.','Animi qui cum autem alias totam nesciunt doloribus nihil. Quidem quos distinctio est aut. Quasi et maiores reprehenderit eos molestiae. Commodi culpa qui animi iusto temporibus magnam sequi. Ut aliquid non totam. Ea animi hic impedit ipsam. Et voluptatem vitae error dolor similique necessitatibus ut ut. Laborum et maxime quis.','PUBLISHED','https://lorempixel.com/800/600/?50763',0,0,22,20,'2019-02-20 15:08:42','2019-02-20 15:08:42'),(48,'Dolorem deserunt cupiditate autem.','dolorem-deserunt-cupiditate-autem','Autem distinctio quod ea sit et. Voluptatum amet sed laboriosam eligendi dolores. Sapiente error animi et optio.','Aut qui voluptas at minima assumenda. Ea quidem totam quasi et non natus. Dolor consequatur consequatur perferendis aut doloribus sit est. Ut vero ex cupiditate eos. Et ea voluptatem ut maiores quibusdam. Vero quo nemo qui consectetur quidem ullam at. Et facere error amet magni aut. Facilis sed delectus impedit non. In nostrum voluptas quisquam voluptatem. Repudiandae distinctio sit consequatur incidunt non. Nesciunt illum dolores unde.','DRAFT','https://lorempixel.com/800/600/?19433',0,0,26,11,'2019-02-20 15:08:42','2019-02-20 15:08:42'),(49,'Corrupti expedita saepe atque tenetur.','corrupti-expedita-saepe-atque-tenetur','Quia eaque omnis nisi consequatur quia autem omnis. Ea nemo magni repellendus sed. Et velit a excepturi dolore sunt tempore.','Id fuga perspiciatis iure reprehenderit rerum error et. Consequatur consequatur sint quo. Officiis et ut nihil ut voluptas culpa sint animi. Tenetur unde corrupti ex et ea laborum. Quasi vitae accusantium nulla rerum laborum delectus aut. Ex molestiae et qui molestiae. In sequi in et nemo nisi praesentium qui cumque. Qui cumque ea excepturi error amet rerum similique. Rerum laboriosam ullam minima et reiciendis. Aliquid quo totam ratione explicabo exercitationem nostrum.','PUBLISHED','https://lorempixel.com/800/600/?55169',0,0,2,4,'2019-02-20 15:08:42','2019-02-20 15:08:42'),(50,'Error et ea.','error-et-ea','Voluptatibus qui voluptatibus voluptas deleniti tenetur repellat nulla. Sunt quia officiis impedit est.','Rerum et accusantium sed. Eveniet quo possimus maxime quo quibusdam. Quia harum eum hic. Iste distinctio voluptates in laboriosam. Occaecati deserunt natus ut id officiis facilis at magni. Veniam unde maxime adipisci quaerat qui error velit. Inventore maxime delectus dolores consequatur id qui. Ea sapiente mollitia vel dolor et. Omnis laboriosam qui aut quam voluptas itaque. Hic iste omnis nobis voluptatum aut. Nulla quo architecto magni harum maxime voluptas fugit.','PUBLISHED','https://lorempixel.com/800/600/?39045',0,0,20,11,'2019-02-20 15:08:42','2019-02-20 15:08:42'),(51,'Commodi explicabo veritatis blanditiis.','commodi-explicabo-veritatis-blanditiis','Aliquid laborum dolor dolorem quibusdam. Rem incidunt aut voluptatum quasi quos. Voluptas aliquam maiores velit alias aut qui eveniet.','Odit repudiandae et dolores. Consequatur modi sed quo deserunt id ut natus. Consequatur sapiente ut doloribus accusamus et. Minima et ut aut et aliquam perspiciatis est corrupti. Quam in dolore voluptatem recusandae omnis. Consectetur voluptatem at consequatur quia deserunt et. Esse provident possimus ut vero sint ut quam. Soluta rerum alias aut rem. Labore quod officia itaque laudantium vitae.','PUBLISHED','https://lorempixel.com/800/600/?15746',0,0,4,5,'2019-02-20 15:08:42','2019-02-20 15:08:42'),(52,'Iure et nobis.','iure-et-nobis','Quos et natus ut blanditiis. Qui voluptas nisi doloremque vel harum facere. Numquam consequuntur quae cum nihil repellendus. Qui quisquam ipsum voluptatem et magnam harum sequi.','Natus dolores reprehenderit aliquam nihil. Ipsa maiores aut quia cumque quibusdam. Fugiat quidem laborum sunt consequatur vel. Beatae accusantium laboriosam qui eveniet tempore sapiente. Expedita quibusdam ad praesentium quibusdam culpa ea voluptas. Consequuntur ducimus vero sint omnis voluptas aut amet. Voluptatum et laborum officia odio totam et velit. At voluptatem animi ea saepe quo aut.','DRAFT','https://lorempixel.com/800/600/?35081',0,0,7,11,'2019-02-20 15:08:42','2019-02-20 15:08:42'),(53,'Dolor iusto veritatis quas.','dolor-iusto-veritatis-quas','Ut et quo itaque voluptatem quis veritatis. Consequatur eum beatae perspiciatis eos. Quia aliquid voluptatum expedita voluptas sapiente. Dignissimos perferendis totam temporibus sed.','Quas sit laboriosam perspiciatis facere cupiditate iusto et. Repudiandae id dolorem dolores hic voluptates a. Saepe sed eum aliquid et aut quia dolorem. Nemo vel quasi ut explicabo. Cumque quisquam neque aut aliquid quas similique sequi. Praesentium ipsum sit quibusdam voluptas labore quis quia inventore. Numquam nostrum ut aliquid quod sunt rem harum. Nulla mollitia deleniti vel inventore nisi quia. Voluptas dolor sunt ipsum corporis.','DRAFT','https://lorempixel.com/800/600/?73262',0,0,7,15,'2019-02-20 15:08:42','2019-02-20 15:08:42'),(54,'Corporis autem illum dolores aut cumque.','corporis-autem-illum-dolores-aut-cumque','Aut eos nulla sequi qui sit vel tenetur. Totam iusto quas culpa aperiam qui rerum. Reprehenderit et quae ab accusantium. Aut necessitatibus rem tempore.','Et nihil et ducimus velit aut voluptates est. Est tenetur culpa laudantium porro quia id qui nobis. Magni rerum voluptatem sit ut et sapiente. Adipisci impedit asperiores maiores occaecati magni delectus. Est dicta ducimus maxime doloribus occaecati voluptas aut. Culpa quia totam iste ut sit sit velit. Quis ab eveniet rerum ducimus et repudiandae qui. Deleniti quas incidunt fuga et iste aliquid et. Veniam iusto aliquid minus consequatur.','DRAFT','https://lorempixel.com/800/600/?87414',0,0,10,11,'2019-02-20 15:08:42','2019-02-20 15:08:42'),(55,'Libero qui atque.','libero-qui-atque','Nesciunt excepturi iusto nihil. Laboriosam placeat non soluta laudantium. Aut quis et qui illum repudiandae officia blanditiis. Sequi quo corrupti distinctio omnis.','Accusantium reiciendis similique quis repellat facilis autem ducimus. Reprehenderit facilis et non vero ea. Provident ut omnis placeat ut enim. Porro tempora quia nesciunt dignissimos ipsa aut blanditiis. Ut non dolorem eum voluptates necessitatibus omnis fugiat. Facilis tempora recusandae odio dolorem nemo blanditiis quis sed. Quia accusantium qui vero odio. Sint eum delectus consequatur natus a explicabo laboriosam.','PUBLISHED','https://lorempixel.com/800/600/?12552',0,0,3,6,'2019-02-20 15:08:42','2019-02-20 15:08:42'),(56,'Enim consequuntur culpa explicabo.','enim-consequuntur-culpa-explicabo','Omnis eum eum consequatur qui aut qui. Exercitationem voluptas laborum non odit. Non est nam debitis aut velit non laudantium nulla.','Ratione voluptas eveniet sit. Eaque quo voluptas omnis iure ut ea. Eius cum tempore facere voluptas rerum. Eaque eius iure impedit magnam perferendis. Esse fugit iure aut. Ipsum dolor ut asperiores aut. Est accusamus ipsum animi voluptatum asperiores. Suscipit facere rerum porro ad alias et. Nam architecto nihil sunt voluptatum. Minus omnis non magnam est quibusdam.','PUBLISHED','https://lorempixel.com/800/600/?78381',0,0,25,9,'2019-02-20 15:08:42','2019-02-20 15:08:42'),(57,'Omnis autem numquam aliquid ipsa.','omnis-autem-numquam-aliquid-ipsa','Eos aspernatur eaque ex cupiditate. Possimus delectus mollitia laborum. Unde voluptas voluptatum illo sapiente in et.','Cumque ut aut eveniet nostrum. Esse enim ad omnis omnis et suscipit. Animi eligendi consectetur veritatis officiis id autem assumenda. Cumque recusandae repellat tempora aut quae consequatur quam culpa. Voluptatem excepturi ipsa placeat nihil qui. Ea quidem perspiciatis dolor. Exercitationem architecto est quam a sequi aut. Dolores voluptatum et saepe doloremque.','DRAFT','https://lorempixel.com/800/600/?76834',0,0,30,15,'2019-02-20 15:08:42','2019-02-20 15:08:42'),(58,'Consequatur expedita saepe temporibus.','consequatur-expedita-saepe-temporibus','Tempora eaque maiores dolore. Autem non quo in unde. Pariatur voluptatum voluptatem ut.','Maiores aut aut nam. Voluptatem eveniet nulla quos illo quas reprehenderit. Architecto dignissimos suscipit labore sit expedita ex. Quisquam sed qui velit dolores eos. Illum reprehenderit ut voluptatem rerum numquam. Impedit recusandae nesciunt aut repudiandae quia est quos non. Aspernatur tempora ea libero doloribus. Sit est non eius. Autem quaerat ut explicabo nobis veniam. Harum et a consequatur quam hic optio.','PUBLISHED','https://lorempixel.com/800/600/?17824',0,0,9,8,'2019-02-20 15:08:42','2019-02-20 15:08:42'),(59,'Quaerat eaque harum accusamus non.','quaerat-eaque-harum-accusamus-non','Vero numquam sequi commodi consequatur explicabo aliquam tempore corrupti. Impedit possimus maiores sed dolor. Distinctio autem odit cupiditate sint fugit libero autem.','Et aut est tempora laudantium. Quisquam qui praesentium reiciendis. Est est reiciendis explicabo. Aut ipsa deleniti repudiandae sit dolor corrupti reprehenderit. Necessitatibus similique eum sit voluptatem aut est. Quas sit fugit sunt sed voluptas. Quia autem numquam reiciendis doloremque hic molestiae vel. Ullam impedit corporis accusantium id est molestiae dignissimos.','PUBLISHED','https://lorempixel.com/800/600/?39229',0,0,5,14,'2019-02-20 15:08:42','2019-02-20 15:08:42'),(60,'Nobis nihil inventore nihil ea aut.','nobis-nihil-inventore-nihil-ea-aut','Perferendis sed illo qui voluptas libero ut. Qui dolorum accusantium vel libero et. Ipsam expedita qui omnis accusantium libero. Quis est voluptatum ad iure est.','Sed et eos id. Voluptatem magnam aliquam nulla omnis enim veniam. Ipsum ut quod et expedita nesciunt praesentium consequuntur. Dolorem placeat soluta laudantium sit velit. Odit facilis non sint in. Omnis dolores beatae consequatur magni et temporibus voluptatem voluptas. Iusto maxime enim enim sit et tempore quia. Porro officiis commodi porro placeat in. Laudantium officiis nam quo cumque corporis delectus voluptas. Non aliquid quia aut et et enim numquam et.','PUBLISHED','https://lorempixel.com/800/600/?91992',0,0,14,1,'2019-02-20 15:08:42','2019-02-20 15:08:42'),(61,'Veritatis laudantium et voluptas neque.','veritatis-laudantium-et-voluptas-neque','Et eveniet quia nihil. Ea sunt officiis quasi in dolor quam iure. Exercitationem et sapiente suscipit aut. Quisquam est vero accusantium.','Asperiores iste iusto rerum. Necessitatibus molestiae quis et quo. Et dolores vel sint veniam. Et repellendus id iure dolorem. Omnis animi omnis voluptatem aliquam unde repellendus. Accusamus placeat et quod repellat libero ab aut. Laudantium aut delectus doloremque sunt omnis doloremque id. Quo sequi rem eos quas qui. Numquam eveniet assumenda et earum consequatur consequuntur.','DRAFT','https://lorempixel.com/800/600/?47182',0,0,17,13,'2019-02-20 15:08:42','2019-02-20 15:08:42'),(62,'Beatae tenetur ut aspernatur veniam autem.','beatae-tenetur-ut-aspernatur-veniam-autem','Sint voluptate incidunt ad sed sed perspiciatis. Nam vel ex dolores quia dolores. Voluptates sed optio iste ipsam. Commodi eligendi quia ducimus maxime provident maxime repellendus.','Consequatur suscipit voluptatibus dolorum aut reprehenderit ipsum aut similique. Ratione blanditiis ut quia vel facere. Molestiae consequatur repellat cumque illum iure voluptas at. Tempore exercitationem sunt ab velit aliquid. Aut voluptatem incidunt dignissimos sed iure ipsum dolorem. Rem sunt velit atque asperiores consectetur illo vero. Doloribus occaecati dolor eligendi cupiditate.','PUBLISHED','https://lorempixel.com/800/600/?54995',0,0,16,11,'2019-02-20 15:08:42','2019-02-20 15:08:42'),(63,'Voluptas at ipsa autem tempora.','voluptas-at-ipsa-autem-tempora','Fuga incidunt enim est. Reiciendis enim aut et quam tempore facere ipsam alias. Ut vel quis id vitae et.','Sint voluptas quos vel accusamus. Libero in ea consectetur odit quisquam aut. Perspiciatis magnam quam recusandae officia enim deleniti. Non explicabo eum sed exercitationem. Quae sunt quia voluptatem quaerat. Ipsa et deserunt itaque deleniti ut omnis. Non dolor rem voluptatibus consequatur laborum quia. Et consequatur in qui deleniti. Facilis officiis est facilis qui labore nihil quae autem. Et in in quas et. Illo dolor ab pariatur. Eum voluptates eligendi voluptas eligendi.','PUBLISHED','https://lorempixel.com/800/600/?97004',0,0,30,13,'2019-02-20 15:08:42','2019-02-20 15:08:42'),(64,'Dicta sunt animi error nihil.','dicta-sunt-animi-error-nihil','Sit omnis ut excepturi possimus. Ut soluta repudiandae eos saepe. Et earum est fugiat nesciunt eos. Itaque facere qui fugiat numquam. Consequuntur in voluptatem doloremque sapiente odio quam.','Sint alias facilis tempora excepturi tempora voluptates. Et perspiciatis accusamus dolor magni non eos facilis. Unde aperiam magnam veniam ea non aut. Porro commodi perferendis voluptatum aut quis debitis. Ullam harum cupiditate impedit ut aspernatur doloremque eaque. Et maiores id reprehenderit deserunt. Velit repudiandae facilis quibusdam quia. Quia id laborum ut qui quisquam quo ratione.','DRAFT','https://lorempixel.com/800/600/?38436',0,0,5,14,'2019-02-20 15:08:42','2019-02-20 15:08:42'),(65,'Suscipit fugiat velit dignissimos expedita in.','suscipit-fugiat-velit-dignissimos-expedita-in','Eos aspernatur harum ratione voluptas dolores accusamus quasi. Suscipit vitae eum officia. Aliquid voluptatem eos voluptatem repellat.','Sunt provident qui non omnis dicta rerum. Fugit eius quia est fuga quod. Saepe natus quia quis facilis illum. Corrupti a vitae corporis nobis. Dicta exercitationem cupiditate aut eveniet culpa qui id. Recusandae fugiat expedita laborum porro. Dolores sapiente qui velit provident consequatur deleniti aut. Quaerat placeat autem adipisci necessitatibus aut cupiditate omnis. A voluptatem id dolorem non mollitia qui qui. At saepe eum vitae et cumque commodi atque vitae.','PUBLISHED','https://lorempixel.com/800/600/?83436',0,0,8,4,'2019-02-20 15:08:42','2019-02-20 15:08:42'),(66,'Earum voluptatem ducimus voluptatem quidem.','earum-voluptatem-ducimus-voluptatem-quidem','Ratione ut ipsum earum eius doloribus voluptates. Qui sit totam ullam vel. Et et sunt repellat animi ducimus quis rerum. Hic dolor a similique porro quia velit enim.','Voluptate aspernatur magni numquam qui. Repudiandae voluptas in et modi. Aliquam est nihil mollitia eligendi iure accusamus. Ipsum labore ut explicabo similique explicabo rerum consequuntur. Omnis nihil et quis dignissimos tenetur. Ut labore modi et ullam. Iusto dolor eum qui ratione nihil. Repellendus placeat laboriosam sit exercitationem. Beatae vero placeat reprehenderit veritatis velit.','DRAFT','https://lorempixel.com/800/600/?76448',0,0,21,17,'2019-02-20 15:08:42','2019-02-20 15:08:42'),(67,'Aut rem odit velit.','aut-rem-odit-velit','Eveniet facere aut consectetur et ea et. Modi in asperiores quibusdam est ipsam nulla.','Consequatur adipisci nisi dolor aut praesentium officiis. Tempora esse unde ratione libero aspernatur sit. Qui aut rem eum ipsam omnis officiis ad. Quia ipsa sunt magni non odio. Aut nulla consequatur pariatur eveniet eum et alias perspiciatis. Illo magni quia ut magni qui eveniet. Molestiae occaecati in mollitia exercitationem earum quaerat vel. Nemo iste rem commodi quibusdam placeat accusamus libero. Sint labore ea natus officia numquam enim et.','DRAFT','https://lorempixel.com/800/600/?33923',0,0,29,17,'2019-02-20 15:08:42','2019-02-20 15:08:42'),(68,'Ut voluptatibus qui quasi recusandae et.','ut-voluptatibus-qui-quasi-recusandae-et','Earum quia ut enim aut dolorem. Omnis optio est non iure. Repellat suscipit perspiciatis ducimus aspernatur enim.','Dolorem tenetur similique laudantium dolore. Ullam quaerat amet dignissimos. Saepe minus ratione hic dolores dolore eos est vel. Aliquam commodi qui nesciunt mollitia quis officia. Vel veritatis et deserunt et. Aut voluptatem nulla vero sit ad non. Quia sed in iure odio quasi. Facere occaecati et autem optio vero nihil repellat illo. Tenetur dicta accusamus quaerat molestiae.','PUBLISHED','https://lorempixel.com/800/600/?91268',0,0,30,16,'2019-02-20 15:08:42','2019-02-20 15:08:42'),(69,'Saepe molestiae ad.','saepe-molestiae-ad','Quos ipsum sed cum sed vel unde cupiditate ad. Atque quasi placeat rerum et. Quidem aut officia cupiditate iusto.','Maiores odit molestiae illo repellendus omnis. Quod non similique enim praesentium blanditiis dolores qui quasi. Dolor quis et dolorem deserunt. Dolor tempore vel facere fugiat. Omnis aut et autem saepe. Aliquid consequatur beatae ut magnam. Et ut tempora id earum laudantium quia reiciendis. Et ad hic aut laborum. Adipisci natus ipsum nostrum reiciendis sint quo et. Itaque qui a ut fugiat aut dignissimos. Et ipsum velit eos maiores.','DRAFT','https://lorempixel.com/800/600/?86739',0,0,12,15,'2019-02-20 15:08:42','2019-02-20 15:08:42'),(70,'Unde harum ea modi quam.','unde-harum-ea-modi-quam','Deserunt aliquam id aut itaque incidunt vel aspernatur. Ut non consequatur id aut vitae blanditiis. Autem inventore sit qui atque.','Repellendus quaerat perferendis placeat necessitatibus ipsa. Laborum officia accusantium sunt unde voluptatem voluptates sed. Quasi dicta tempora sint tempora consequatur quas ullam. Nulla iusto iste ea ullam. Praesentium ipsam rerum distinctio est molestiae. Nulla dolore facere ut sapiente aliquam. Minus doloremque optio consequatur sit iure.','DRAFT','https://lorempixel.com/800/600/?57634',0,0,3,3,'2019-02-20 15:08:42','2019-02-20 15:08:42'),(71,'Est voluptates corporis numquam vitae.','est-voluptates-corporis-numquam-vitae','Occaecati voluptates est aspernatur. Nesciunt magni nisi repellat et fuga. Temporibus voluptas sed maxime qui. Nesciunt sit harum et expedita sit quod.','Rem quibusdam praesentium quidem corrupti omnis inventore. Enim autem accusantium et eligendi. Necessitatibus ipsum est nisi molestias perspiciatis et et. Commodi inventore ipsum aut nisi consequuntur et illum. Quia quia sit sed placeat voluptas dolorem voluptatem est. Quam perferendis sunt laboriosam enim aut aliquam aliquid dolorem. Atque perferendis blanditiis veritatis non. Vel voluptas totam assumenda aliquam est. Quos repellendus consequuntur at eos ad impedit tenetur.','DRAFT','https://lorempixel.com/800/600/?20831',0,0,6,10,'2019-02-20 15:08:42','2019-02-20 15:08:42'),(72,'Nemo nihil omnis ullam reprehenderit soluta.','nemo-nihil-omnis-ullam-reprehenderit-soluta','Ut non ad asperiores culpa aut. Mollitia est magni hic numquam quasi molestiae. Aliquam quia pariatur sit eum et adipisci et. Natus et nobis et ducimus praesentium reiciendis tenetur eius.','Et et voluptas eum et architecto dolore. Eveniet inventore minima sit animi dignissimos id delectus. Ut eaque error aut voluptatum autem vitae. Ea voluptas accusantium in et id dolores eligendi distinctio. Saepe qui repellat eaque quis quae voluptates id. Debitis aut blanditiis nulla earum assumenda accusamus fuga. Neque et dolore quia id ut. Dignissimos beatae qui illum autem quidem maxime.','DRAFT','https://lorempixel.com/800/600/?15334',0,0,22,8,'2019-02-20 15:08:42','2019-02-20 15:08:42'),(73,'Veritatis repellat hic.','veritatis-repellat-hic','Suscipit beatae ex nihil ipsum et hic vero. Doloribus excepturi qui est voluptas libero. Perspiciatis deserunt quis quia possimus voluptatem ut. Debitis qui recusandae exercitationem sit autem.','Dolorum officiis enim quo placeat recusandae at. Sequi quia debitis dolor nemo delectus et. Perferendis dicta aut aut in. Possimus ducimus laboriosam dolorem quia eum maxime. Voluptate molestiae optio magni eum nihil. Sed natus praesentium ad sint quia. Facere vel suscipit est soluta sint. Et id ipsum non et amet. Ut autem esse deleniti veritatis nihil.','DRAFT','https://lorempixel.com/800/600/?34218',0,0,5,11,'2019-02-20 15:08:42','2019-02-20 15:08:42'),(74,'Vero sed aut delectus cumque.','vero-sed-aut-delectus-cumque','Sint non laborum ipsam voluptates omnis error autem. Labore aut ipsum aut quia. Impedit numquam exercitationem distinctio iste tempora dolore. Possimus quasi rerum incidunt.','Quam quis cum repellat saepe. Et odio corporis occaecati. Rerum consequatur vel sunt amet voluptatibus eveniet voluptatibus. Quidem suscipit non voluptas harum sed qui. Omnis quas expedita fugit harum. Quidem voluptas qui facere totam odio quas eos. Eum quam ut ducimus quo. Minima velit ipsum ea dolore voluptas deleniti iure. Aut ut aut veniam fugiat suscipit eius excepturi aut. Libero esse quasi voluptatem consequatur quos.','DRAFT','https://lorempixel.com/800/600/?48190',0,0,18,14,'2019-02-20 15:08:42','2019-02-20 15:08:42'),(75,'Odit enim qui velit.','odit-enim-qui-velit','Esse recusandae assumenda facere. Laboriosam qui perspiciatis qui aut. Quod id fugit dolores nam dicta.','Voluptate quo rerum quam autem mollitia a praesentium. Nostrum repellendus velit quo qui. Recusandae qui aut et consequatur explicabo. Dolorem qui pariatur autem possimus quaerat tenetur. Aut corporis sapiente id et et expedita qui. Commodi totam non ex minus sit laborum labore et. Explicabo repellat dolor autem consequatur dolor.','DRAFT','https://lorempixel.com/800/600/?93395',0,0,4,15,'2019-02-20 15:08:42','2019-02-20 15:08:42'),(76,'Et sunt ex enim.','et-sunt-ex-enim','Tenetur nemo libero iste sequi provident ut modi. Consequuntur quisquam molestias labore distinctio ea dolorem nisi. Molestiae maiores dolores nam commodi culpa. Eum et odio doloribus omnis.','Accusantium fuga nihil dolores tenetur itaque nobis quis. Incidunt fugit aut consectetur consequatur placeat. Aut architecto suscipit tempora officia repudiandae repudiandae voluptatibus. Quis consequatur culpa repellendus aut et. Deserunt laudantium numquam dolorum vel quasi. Incidunt quam nihil labore porro ipsam eum.','DRAFT','https://lorempixel.com/800/600/?12650',0,0,10,16,'2019-02-20 15:08:42','2019-02-20 15:08:42'),(77,'Enim ut voluptatem eum.','enim-ut-voluptatem-eum','Voluptatum ipsum soluta porro ea quo ipsum. Delectus ex debitis temporibus quia magnam accusantium itaque est. Nemo itaque reprehenderit non rerum. Nobis asperiores unde veritatis qui.','Rerum voluptatem sapiente quis officiis. Aut provident ut molestias maiores culpa commodi alias. Doloremque assumenda sit nulla accusantium. Saepe saepe consequatur nemo vel. Vel autem deserunt ea architecto. Asperiores perspiciatis aspernatur cumque optio. In molestias molestiae veniam rerum repellat aut maiores eius. Pariatur sequi necessitatibus omnis nesciunt. Doloremque molestiae omnis quia esse est. Veritatis animi recusandae quod nam aut.','DRAFT','https://lorempixel.com/800/600/?50018',0,0,29,6,'2019-02-20 15:08:42','2019-02-20 15:08:42'),(78,'Sit fuga cumque architecto rerum praesentium.','sit-fuga-cumque-architecto-rerum-praesentium','Neque eius ullam delectus est porro. Nisi sequi ut ut odit nostrum soluta hic aliquam. Tempora dolor illo velit quaerat sint doloremque. Aut minus illum dolores libero adipisci qui alias.','Voluptatibus blanditiis molestiae vel blanditiis aperiam voluptas consectetur. Odio possimus quis tempora sit quibusdam error non. Veniam et quidem voluptatem magnam esse rerum qui. Et debitis non asperiores voluptatum et. Et unde alias hic ut rerum rerum eligendi. Tempore ipsam quaerat at. Ab aut amet esse officia est veritatis labore est. Vitae dolorem voluptas at voluptate saepe omnis nostrum. Iusto a quia rerum animi est qui.','PUBLISHED','https://lorempixel.com/800/600/?81835',0,0,11,2,'2019-02-20 15:08:42','2019-02-20 15:08:42'),(79,'Impedit molestias dolorem.','impedit-molestias-dolorem','Voluptates exercitationem veniam molestias non ut sed. Minus et praesentium autem maiores quam debitis fugiat. Facilis pariatur harum reprehenderit esse eligendi voluptatem.','Aliquid quibusdam enim exercitationem. Sequi ipsam fuga autem iste recusandae. Dolore eaque et perferendis tenetur dolorum. Voluptas error exercitationem natus nemo nam. At aut in eum ut omnis. Exercitationem et voluptas dolor. Omnis id odio est dolor. Nesciunt provident animi aut. Nihil voluptate repellendus fuga unde et velit repellat. Quibusdam sint qui sint neque aut. Voluptates et est numquam rerum iure excepturi sapiente.','PUBLISHED','https://lorempixel.com/800/600/?59386',0,0,17,1,'2019-02-20 15:08:42','2019-02-20 15:08:42'),(80,'Accusamus ea in minus harum saepe.','accusamus-ea-in-minus-harum-saepe','Et omnis quia corporis. Commodi architecto vitae totam eos provident. Amet iusto molestiae quas enim. Enim beatae officia sed a quam.','Odit ut expedita iure commodi. Et numquam qui accusamus soluta odit. Quos impedit voluptatem voluptas totam corrupti blanditiis praesentium. Ratione et voluptas possimus recusandae architecto dolor temporibus veniam. Fuga eos qui perspiciatis consectetur ut sapiente animi. Est cupiditate molestias unde facilis deserunt. Quos labore eligendi placeat debitis inventore rerum debitis. Dolorem quia quibusdam nam voluptatem mollitia suscipit officiis.','DRAFT','https://lorempixel.com/800/600/?47190',0,0,27,19,'2019-02-20 15:08:42','2019-02-20 15:08:42'),(81,'Laboriosam assumenda recusandae aut rerum aut.','laboriosam-assumenda-recusandae-aut-rerum-aut','Ut et quisquam dolorum officiis. Est voluptate veritatis omnis nisi. Sunt consequuntur tempora praesentium quo. Ullam quia natus quod molestiae. Quia animi quos reiciendis libero ipsa rerum.','Sequi autem quis molestiae tempora quos quibusdam. Aut vitae et id consequatur et. Eum voluptas est asperiores quia vel rerum ut qui. Id debitis qui voluptatibus minus tempore quam. Ullam debitis maxime cupiditate corporis. Omnis sed voluptatum rem. Eius consequatur tempora totam voluptates totam dolorum in. Aut modi voluptas saepe tempora aut consequatur enim. Eum cum ipsa et quibusdam. Voluptas quia tenetur ea ipsam porro quaerat sunt rem.','PUBLISHED','https://lorempixel.com/800/600/?98244',0,0,2,1,'2019-02-20 15:08:42','2019-02-20 15:08:42'),(82,'Omnis totam in.','omnis-totam-in','Omnis voluptatibus quo aut delectus. Officia unde rem officia omnis ad. Consequatur nisi sit et facere et magnam. Et est est voluptatem velit asperiores.','Provident maiores consequatur labore repellat odit. Iste non veritatis nesciunt est. Rerum expedita dolorem et eum autem eaque. Quo enim qui eum iure vero fugiat. Non accusamus omnis esse ut aut est. Earum autem vero minus ipsam soluta libero qui. Adipisci molestiae laborum commodi ipsa qui rerum. Dolores consequatur qui rerum.','PUBLISHED','https://lorempixel.com/800/600/?39673',0,0,24,13,'2019-02-20 15:08:42','2019-02-20 15:08:42'),(83,'Suscipit sed maiores dolorem quasi.','suscipit-sed-maiores-dolorem-quasi','Odit distinctio est occaecati et aut. Omnis voluptatibus quidem deleniti quod vel quam consectetur saepe. Necessitatibus ut eum illo id voluptatibus laborum.','Consectetur saepe velit alias dolorum quisquam esse aliquid. Quo doloremque at quisquam voluptatum aut. Inventore asperiores ut numquam officiis sed. Autem velit soluta ut ut quia officia. Laborum qui voluptas id amet odio perspiciatis aperiam ratione. Unde dolorem mollitia sunt. Repellendus amet ut ipsa magnam voluptates ipsam corrupti. Qui tenetur commodi veritatis est quidem. Cum pariatur suscipit molestiae deleniti possimus ut minus dignissimos.','PUBLISHED','https://lorempixel.com/800/600/?75301',0,0,21,6,'2019-02-20 15:08:43','2019-02-20 15:08:43'),(84,'Aut omnis veritatis recusandae non.','aut-omnis-veritatis-recusandae-non','Libero qui qui pariatur omnis in reprehenderit distinctio. Vel et et ut ut. Nobis dolorem omnis dignissimos quo non quod.','Sit sapiente reprehenderit nostrum a enim mollitia. Tempora rerum voluptas est laudantium atque. Perspiciatis dolorem maiores qui. Atque atque nihil dolorem. Facilis optio maxime non qui quos rerum minus. Quis dolorum laudantium eos dolores. Error eius mollitia eum similique. Reiciendis nesciunt eos fugit molestiae dolor.','DRAFT','https://lorempixel.com/800/600/?37014',0,0,23,2,'2019-02-20 15:08:43','2019-02-20 15:08:43'),(85,'Aliquid voluptas aut vero molestiae illo.','aliquid-voluptas-aut-vero-molestiae-illo','Sunt perspiciatis eum modi ipsa. Deleniti beatae eos nostrum deleniti officiis. Quia omnis corporis quod cupiditate. Recusandae incidunt facere perspiciatis ratione ut eos architecto.','Veniam quidem iste necessitatibus laborum id sed mollitia. Dolorem fugiat et omnis fugit dolor culpa. Earum temporibus voluptas consectetur autem rem vero neque. Nostrum hic illum rerum nisi deleniti laborum. Hic minus ad temporibus consequuntur ea. Fugit quia porro dolores rem asperiores illo. Exercitationem vel molestias asperiores. Odit ea aut libero quia ea consequatur aut. Nemo harum occaecati velit. Est provident cumque consectetur debitis molestiae.','PUBLISHED','https://lorempixel.com/800/600/?14978',0,0,15,17,'2019-02-20 15:08:43','2019-02-20 15:08:43'),(86,'Numquam dolorum doloribus.','numquam-dolorum-doloribus','Quidem sint repudiandae eos nisi laborum est dolorem sapiente. Omnis aut rerum itaque a dolorum hic voluptatem quas. Et voluptatem quae natus est earum facere.','Est maxime ut autem id et. Quidem dolore molestiae odio nemo minima. Nobis eos ut quos consectetur est. Magni ab labore id soluta voluptatum adipisci odio. Doloremque est deleniti quisquam reprehenderit quas. Et culpa ducimus blanditiis minima quam totam cum. Repellendus molestiae laborum ex voluptatem aperiam quia. Quidem ea doloribus facere voluptas ut et. Voluptas non officia debitis. Ipsum id voluptatibus ut beatae nihil dicta sapiente. Dolorem consequatur omnis neque magni vero.','PUBLISHED','https://lorempixel.com/800/600/?53342',0,0,25,2,'2019-02-20 15:08:43','2019-02-20 15:08:43'),(87,'Et atque tempore.','et-atque-tempore','Cupiditate iure qui et nihil dolorum eum. Quia magni voluptatibus autem aut sunt reprehenderit. Nihil ut molestias quasi nihil corporis dicta nesciunt.','Soluta deserunt et exercitationem harum. Ut at quis natus. Dignissimos rerum expedita sit rerum. Dolores quia sint molestias ut fugit iste incidunt. Fuga excepturi eum et laboriosam sunt occaecati repudiandae. Iste recusandae provident consectetur et officia ut nostrum. Veritatis incidunt animi dicta exercitationem velit. Fugiat dolores itaque dicta necessitatibus est et. Accusantium nostrum possimus blanditiis illum.','PUBLISHED','https://lorempixel.com/800/600/?70527',0,0,8,15,'2019-02-20 15:08:43','2019-02-20 15:08:43'),(88,'Autem voluptatem adipisci autem est.','autem-voluptatem-adipisci-autem-est','Dolor repellendus ipsum hic similique vero ipsum eveniet. Quia dignissimos sunt sunt quia est possimus aliquid. Error sapiente velit eius et laboriosam. Eveniet sequi et fugit culpa et.','Rem quo id possimus distinctio qui. Est ut cupiditate eveniet error omnis ut. Unde ut hic fugit iure. Facere sint saepe iste dolores ad magnam. Nulla ut cumque facilis veniam expedita laborum cupiditate. Est aut in et explicabo vel sed aut. Tempore autem excepturi aperiam quos repellendus quia. Perferendis temporibus omnis eveniet tempore ut sint temporibus. Facilis similique ratione consequatur odio sit sequi qui aut. Perferendis quod sed rerum sapiente omnis.','PUBLISHED','https://lorempixel.com/800/600/?47259',0,0,21,20,'2019-02-20 15:08:43','2019-02-20 15:08:43'),(89,'Praesentium vel qui.','praesentium-vel-qui','Nobis vitae recusandae sit. Veritatis maiores ratione adipisci. Aspernatur quaerat ullam consequatur dolor.','Nam sed deserunt ut. Voluptas deleniti nostrum laborum quaerat distinctio ut. Earum aut rerum odio ut. Sit asperiores nam ut deserunt officiis veritatis. Voluptatum fugiat qui repellat accusamus. Minima sunt ex ut explicabo quisquam sunt. Doloribus tempore et voluptatem vitae consequuntur. Architecto dolor earum blanditiis sed repellendus laborum. Exercitationem magni ut laborum. Earum consectetur enim sed reiciendis.','PUBLISHED','https://lorempixel.com/800/600/?92316',0,0,20,18,'2019-02-20 15:08:43','2019-02-20 15:08:43'),(90,'Molestiae omnis ut et omnis rerum.','molestiae-omnis-ut-et-omnis-rerum','Quod ut ut voluptates non sit accusantium animi. Molestiae dolorem molestias voluptas dolore. Officiis at et quo totam dolor nulla voluptatum dicta.','Dolorem sit unde tempora. Expedita aperiam quae eum repellendus velit necessitatibus ducimus. Laboriosam ut reprehenderit hic voluptas. Sequi consequatur vel officia provident officiis. Voluptatum numquam laudantium omnis rem dolore soluta veritatis. Possimus nihil rerum voluptatum rerum fuga praesentium deleniti. Suscipit in perspiciatis iste nostrum qui. Qui ea deleniti facilis qui. Nisi nostrum est sunt quae ea veritatis. Adipisci omnis aut enim ut debitis adipisci.','PUBLISHED','https://lorempixel.com/800/600/?65104',0,0,9,13,'2019-02-20 15:08:43','2019-02-20 15:08:43'),(91,'Sunt ducimus rerum distinctio nam.','sunt-ducimus-rerum-distinctio-nam','Rerum modi ducimus dolore omnis est. Sunt eius et explicabo aut architecto. Omnis ullam vel ipsa. Est aperiam eum dignissimos voluptas itaque accusantium quos.','Consequatur saepe deserunt quos cupiditate possimus. Debitis nam ipsa et ut laudantium. Voluptatem magni laudantium sit aut quidem rem. At ut facere dolore hic aut. Sit qui illo voluptatem doloremque ea ducimus nobis sit. Eius tempore animi quasi iusto velit nihil accusantium. Et corrupti veniam quia. Qui qui quam molestias rerum eius odit rerum commodi. Itaque facere accusantium voluptatem corporis ex. Voluptatum excepturi maxime et consequatur aliquid.','DRAFT','https://lorempixel.com/800/600/?91153',0,0,8,20,'2019-02-20 15:08:43','2019-02-20 15:08:43'),(92,'Soluta debitis voluptas sed.','soluta-debitis-voluptas-sed','Nisi provident quia consequuntur dolorum. Earum cumque reiciendis est aspernatur nobis dolor saepe expedita. Alias ut ut et modi. Quos dolores quia incidunt molestias.','Velit libero corporis qui et pariatur rem omnis. Accusamus pariatur possimus eum est. Eos accusamus excepturi voluptatem accusantium non iure. Tempore amet sint qui nostrum maxime aut debitis. Sed eligendi veritatis sed et dignissimos ad impedit. Voluptates perferendis sunt fuga assumenda eligendi amet. Porro iste sint quos. Illum unde non velit consequatur dignissimos incidunt. Atque omnis nulla animi voluptate aut. Vero quibusdam aut culpa natus distinctio et velit.','PUBLISHED','https://lorempixel.com/800/600/?12756',0,0,9,15,'2019-02-20 15:08:43','2019-02-20 15:08:43'),(93,'Repellat quos nostrum laboriosam.','repellat-quos-nostrum-laboriosam','Sunt voluptatem fugit libero. Maiores sit enim nemo facere placeat corrupti nemo et. Tenetur dolores sunt non cupiditate voluptatem nihil.','Amet soluta similique ut in est. Et distinctio nostrum consequatur est facere repellendus. Qui eos doloremque non voluptatem esse. Cum ut quas ea quis ipsum aperiam. Assumenda laboriosam iste libero repellendus. Vero excepturi fugit accusantium tenetur blanditiis quia officiis. Perferendis sed quas necessitatibus eum cumque iusto exercitationem. Ipsa est eaque dicta. Nesciunt dolor quae quasi sint.','DRAFT','https://lorempixel.com/800/600/?88063',0,0,13,2,'2019-02-20 15:08:43','2019-02-20 15:08:43'),(94,'Voluptatum placeat fugit vero reprehenderit ut.','voluptatum-placeat-fugit-vero-reprehenderit-ut','Nam aliquid aliquid maiores architecto facilis illum. Hic velit illum et id praesentium. Sint sit non atque dolores. Libero et ipsa sed hic repudiandae animi.','Et aut amet cupiditate odit qui aut. Officiis sequi delectus sunt aspernatur sed qui. Aut eligendi ad dolore consequatur. Sed quaerat ex delectus itaque. Tempore minus voluptatem cum vitae sit. Voluptate eveniet vel adipisci quod officiis. Rerum ab alias unde omnis et eaque. Ratione commodi voluptatem iusto eos. Quidem ut non libero et harum.','PUBLISHED','https://lorempixel.com/800/600/?49235',0,0,16,17,'2019-02-20 15:08:43','2019-02-20 15:08:43'),(95,'Aut quasi quo.','aut-quasi-quo','Sequi ut et similique quibusdam non necessitatibus qui. Assumenda qui ut optio. Iusto sit doloremque occaecati exercitationem aliquam numquam saepe. Expedita alias aut deleniti ut.','Eum ut excepturi enim blanditiis. Occaecati distinctio corrupti quo dolor id eum. Sequi id quo sapiente et voluptates optio. Omnis hic quidem harum perspiciatis qui. Reiciendis ut vitae cumque adipisci eaque qui exercitationem. Id explicabo omnis dolor minus. Sequi praesentium soluta inventore deserunt. Nobis laborum ea dolor saepe eos deleniti. Iusto et vel in non autem aliquam.','PUBLISHED','https://lorempixel.com/800/600/?61501',0,0,13,16,'2019-02-20 15:08:43','2019-02-20 15:08:43'),(96,'Est in dolores facilis fuga.','est-in-dolores-facilis-fuga','Voluptatum enim exercitationem quae eius eveniet est tempora. Aut illum expedita officia voluptas praesentium omnis voluptatem. Minima ut corporis distinctio maiores totam labore sequi.','Molestiae iure sit soluta totam. Expedita omnis dolor eligendi cupiditate quis corrupti facere sint. Omnis quis dolores ut nam nisi. Perferendis aliquid voluptates molestias voluptas sit. Magni blanditiis eos nobis deserunt ad doloremque adipisci. Sunt doloribus similique in molestiae tenetur quia sit sit. Omnis voluptatibus omnis et velit est iste quaerat officia. Et optio sequi tenetur cumque in eaque sed.','PUBLISHED','https://lorempixel.com/800/600/?15212',0,0,17,5,'2019-02-20 15:08:43','2019-02-20 15:08:43'),(97,'Aut eligendi sint rerum inventore.','aut-eligendi-sint-rerum-inventore','Nihil laborum ex doloremque minus. Similique adipisci et possimus. Ipsum modi recusandae autem dignissimos deleniti doloremque.','Modi deleniti qui nihil dolorum nihil corrupti sequi quis. Corrupti ut et laudantium eos accusamus quo eum sint. Totam fuga ducimus repellendus odio voluptatem facere delectus. Ut nisi error possimus dolore molestiae eum fugiat. Voluptas quo ut enim veritatis. Et corporis nobis itaque quasi optio maiores. Rerum necessitatibus et sint eveniet quasi impedit aperiam non. Amet vel est facilis laboriosam ad tempore. Qui autem laudantium architecto mollitia perspiciatis et.','DRAFT','https://lorempixel.com/800/600/?91947',0,0,7,5,'2019-02-20 15:08:43','2019-02-20 15:08:43'),(98,'Voluptatum ex non.','voluptatum-ex-non','Ducimus cum repellat id ut nam laudantium. Voluptas quaerat est ut eos recusandae. A adipisci minima voluptatum dolore.','Et sunt veritatis maiores aut. Enim et minus consectetur est saepe. Aut velit sit vel ipsam qui dolorem ea. Voluptas cupiditate expedita omnis similique aliquam dolor tempora. Consectetur in velit beatae voluptatum sed. Quo quo reiciendis voluptatem ullam error quia et. Laboriosam tenetur deserunt itaque rem quidem necessitatibus. Sit reprehenderit non consequatur ratione voluptatibus.','DRAFT','https://lorempixel.com/800/600/?88494',0,0,14,4,'2019-02-20 15:08:43','2019-02-20 15:08:43'),(99,'Sint rerum dolor magnam.','sint-rerum-dolor-magnam','Corporis est eos quam quod soluta vel accusantium dolorem. Quia dolores veritatis molestiae repellendus aut ducimus aut earum. Voluptas ab et quis id. Et id optio qui esse consequatur ut.','Modi autem qui nam laboriosam placeat officia nihil. Voluptatibus qui qui et iste ipsam. Voluptatem nihil vitae velit molestias iure et ut. Dolore sint voluptatem accusamus explicabo optio. Corrupti minus rerum voluptatem. Ut ut voluptates voluptas. Optio et assumenda maiores sunt ea ut in. Autem ea ut porro numquam. Dolor consectetur aut ut consequatur similique enim soluta.','PUBLISHED','https://lorempixel.com/800/600/?58286',0,0,7,1,'2019-02-20 15:08:43','2019-02-20 15:08:43'),(100,'Unde nesciunt maiores voluptate placeat.','unde-nesciunt-maiores-voluptate-placeat','Sed ut minima est nihil dicta eum optio. Sint est odit nemo quis reiciendis est recusandae. Velit necessitatibus ab voluptatem molestias non.','Voluptatem dolores facere est accusamus itaque sed earum quos. Et natus voluptate dignissimos voluptas eaque eos quidem eligendi. Mollitia quae laborum perspiciatis recusandae. Quaerat adipisci est voluptas neque quidem labore fugiat. Temporibus hic cupiditate iste rerum alias. Qui dicta mollitia enim culpa. Quia odio quibusdam blanditiis dolorem neque. Animi cumque odio est voluptatem quo suscipit. Enim error sit rerum quia esse. Fugiat provident quis omnis ut.','DRAFT','https://lorempixel.com/800/600/?95587',0,0,27,14,'2019-02-20 15:08:43','2019-02-20 15:08:43'),(101,'Facilis inventore quia nostrum.','facilis-inventore-quia-nostrum','Laudantium voluptatem eum non. Deserunt deserunt corporis nemo facilis est laborum facilis. Sunt aliquid debitis et et doloribus sunt.','Ut accusamus reprehenderit porro debitis. Enim autem qui perspiciatis id cupiditate molestiae. Vel ex id expedita nemo. Ducimus sed maiores veniam nulla quod illum doloribus. Unde facere exercitationem quibusdam et consequatur accusamus dolorum quia. Provident asperiores repudiandae doloremque voluptate. Labore aliquam temporibus aut recusandae. Eligendi minima et ullam est cum et. Minima cupiditate error aspernatur reprehenderit ab. In est dignissimos aut deleniti est.','DRAFT','https://lorempixel.com/800/600/?11715',0,0,23,17,'2019-02-20 15:08:43','2019-02-20 15:08:43'),(102,'Ullam aliquam sed veritatis nulla in.','ullam-aliquam-sed-veritatis-nulla-in','Aspernatur sit assumenda deserunt mollitia voluptatem. Sit minus sed eligendi et. Et tempora magni voluptatem.','Ea ratione maiores sit non voluptatem sed. Asperiores voluptatem eligendi illo enim dignissimos saepe. Repudiandae nemo corporis vero qui. Ab consequuntur hic laboriosam debitis et ipsa quia. Est repudiandae sed voluptatum commodi ullam. Voluptatem nisi reprehenderit earum corporis quam quas. Assumenda odit sed est iure. Similique libero amet et non et exercitationem itaque. Laborum reiciendis aut laudantium molestiae nihil error.','PUBLISHED','https://lorempixel.com/800/600/?53532',0,0,26,13,'2019-02-20 15:08:43','2019-02-20 15:08:43'),(103,'Ullam aut quia.','ullam-aut-quia','Tenetur et iste et distinctio. Aut illo non ex cumque non sunt quod. Expedita qui rerum recusandae. Dolor soluta optio architecto hic. Blanditiis velit deserunt blanditiis quisquam omnis.','Placeat tempora commodi eum expedita qui. Et non consequatur quo repudiandae. Autem nulla necessitatibus quas rerum modi. Ut sapiente minima placeat corporis. Voluptatem praesentium voluptatem nihil repellat sit dolor. Nobis et aut veritatis repudiandae. Ipsa dolores laboriosam doloribus et reprehenderit. Dicta hic qui nesciunt rerum et veniam blanditiis. Omnis ex deserunt et exercitationem est. Et quo officia qui pariatur voluptatem omnis maiores qui. Et sit cupiditate sint autem qui aliquam.','PUBLISHED','https://lorempixel.com/800/600/?55637',0,0,18,4,'2019-02-20 15:08:43','2019-02-20 15:08:43'),(104,'Sint et id porro ut.','sint-et-id-porro-ut','Enim sit quia est doloribus recusandae. Fugit odit molestiae sint aperiam sint ab. Et eaque similique qui assumenda facilis nobis. Ut qui est sit sint veritatis.','Iure asperiores qui temporibus. Et quos cum qui. Quas voluptatem odit officia est eum inventore et dolore. Quos impedit et praesentium eaque. Dolores velit fugiat mollitia voluptatibus incidunt aperiam voluptatum. Quis nostrum sint est et voluptates et. Sed sit alias quaerat a optio. Natus quis laboriosam et vel porro voluptatem repellat consequatur. Doloremque suscipit nulla atque similique. Id dolor ea omnis quos quaerat rem. Officia voluptatibus et suscipit nesciunt.','DRAFT','https://lorempixel.com/800/600/?78797',0,0,24,19,'2019-02-20 15:08:43','2019-02-20 15:08:43'),(105,'Ducimus ab non voluptate amet sapiente.','ducimus-ab-non-voluptate-amet-sapiente','Atque sit est quas. Minus corporis expedita facere eum maxime dolorem. Ut commodi labore vitae quas. Ducimus fugit sed est suscipit odit blanditiis aperiam. Consequuntur et consequuntur sequi.','Quia quia aut ipsam et quia inventore. Id aperiam omnis eaque laboriosam et. Repellat aut odit beatae asperiores dolores. Consequatur quam dolorem culpa nemo placeat debitis. Dignissimos quidem quo assumenda consequatur aliquam quod. Neque est et delectus dicta. Quas quibusdam quos et ut sit laudantium maiores. In iure voluptatem vitae maxime sit. Ullam minus qui laboriosam ex culpa fuga eum. Sunt blanditiis ipsa sit eos nostrum. Rerum error asperiores molestiae qui. Rerum error qui atque.','DRAFT','https://lorempixel.com/800/600/?11707',0,0,24,6,'2019-02-20 15:08:43','2019-02-20 15:08:43'),(106,'Qui rem sint at.','qui-rem-sint-at','Facere consequuntur quo qui voluptatum. Fuga dolores eius accusamus maxime voluptatem deserunt tenetur. Qui expedita quis ullam aut.','Et voluptates et explicabo unde. Voluptates eveniet cum pariatur voluptatem laborum. Et aliquid veniam tempore dolores itaque et. Illum velit ullam facere minus. Quidem aperiam iure et eum quis. Et laboriosam unde non est quis vero nihil. Sed minus fuga quasi molestiae quia sed expedita.','PUBLISHED','https://lorempixel.com/800/600/?36022',0,0,15,7,'2019-02-20 15:08:43','2019-02-20 15:08:43'),(107,'Quia sed alias velit.','quia-sed-alias-velit','Eum eius id iusto explicabo voluptatum aut at. Nemo repellendus praesentium illum inventore alias voluptatum velit alias. Deserunt et est ut at qui explicabo omnis.','Nihil earum ut rerum tempora. Vel sint ut vero nihil at. Corrupti omnis earum aperiam totam. Inventore et quasi eum soluta hic dolores amet temporibus. Qui autem sit voluptatem voluptatibus quam. Ipsa dolores in minus eum. Nihil distinctio velit impedit eum. Molestiae cum maiores nobis optio atque eligendi minus. Et cupiditate minus maxime odit aut voluptas quia sed. Consequatur quas magnam quis aut error optio. Dolores maiores inventore quia veritatis aut illo quibusdam.','DRAFT','https://lorempixel.com/800/600/?62162',0,0,15,1,'2019-02-20 15:08:43','2019-02-20 15:08:43'),(108,'Temporibus cumque omnis eum sed.','temporibus-cumque-omnis-eum-sed','Et minus id omnis a odio. Eos omnis ab saepe ad sit quia nihil autem. Velit et voluptates ea. Cupiditate iste inventore ratione neque et dolorum.','Perspiciatis nisi a facere suscipit neque quasi. Quos accusamus porro quod modi qui illo. Repellendus animi est molestiae nulla rerum facere. Laboriosam quo dolorem saepe aliquid. Enim tempore vitae sunt id veniam eum. Est rem explicabo repellendus repellat numquam debitis. In sed voluptatem laudantium vel qui accusamus. Perspiciatis ut asperiores distinctio non. Qui aut tempora labore.','DRAFT','https://lorempixel.com/800/600/?47761',0,0,2,8,'2019-02-20 15:08:43','2019-02-20 15:08:43'),(109,'Nulla facere itaque.','nulla-facere-itaque','Earum ratione ea minus totam quod rerum qui. Facilis blanditiis aut a minima tenetur quaerat. Iusto est similique sit sapiente occaecati nesciunt.','Reprehenderit ullam omnis modi qui. Ut minus sit illo in ab eos. Voluptatum enim aut qui qui ex maxime et aut. Eius necessitatibus officiis commodi sit sapiente veniam. Ab sit expedita maiores natus distinctio. Hic similique sunt dolor vel. Ut quis eligendi iure sint. Dolorem quia distinctio corrupti est. Quos tempore incidunt cumque est facere maxime repellendus. Facere quia officiis sint magni. Aut molestiae officiis magnam reprehenderit modi debitis.','PUBLISHED','https://lorempixel.com/800/600/?99841',0,0,20,14,'2019-02-20 15:08:43','2019-02-20 15:08:43'),(110,'Aut ipsum voluptates nesciunt sit.','aut-ipsum-voluptates-nesciunt-sit','Quis et dolores dolores eaque provident necessitatibus. Sed molestiae blanditiis animi libero. Voluptates earum qui et porro. Non soluta adipisci quidem rerum expedita.','Labore quam corporis ut aut. Ipsum tempora quia qui est. Consectetur ut repellat quo esse asperiores nam mollitia. Reprehenderit voluptates ea officia architecto tempora sed dolores. Rerum excepturi sequi harum. Et et velit sunt ut nihil in natus quia. Sed ut qui eius omnis veniam illo. Et aliquid aut doloribus eum minus omnis adipisci. Molestiae ipsum eos omnis sint deleniti facere. Et iure dolores suscipit asperiores. Fuga dignissimos necessitatibus nesciunt praesentium ut delectus.','PUBLISHED','https://lorempixel.com/800/600/?21790',0,0,7,14,'2019-02-20 15:08:43','2019-02-20 15:08:43'),(111,'Ipsam qui quas.','ipsam-qui-quas','Dolorem ipsam facilis repellat et autem ullam porro. Est eveniet praesentium non. Rerum a aspernatur vel ab. Nostrum aut tempore qui non autem laboriosam dolore.','Quod vero in recusandae aut saepe sed. Impedit sint molestiae suscipit et. Et est voluptate est nostrum tempora. Vel qui et exercitationem consequatur et. Saepe est nulla eligendi nobis excepturi ad beatae. Sit sit soluta odio nobis tempore. Minima adipisci nisi ut fuga quas explicabo. Voluptatum aut eligendi et amet non iste vel. Nesciunt saepe sed molestias non beatae numquam.','PUBLISHED','https://lorempixel.com/800/600/?99256',0,0,5,7,'2019-02-20 15:08:43','2019-02-20 15:08:43'),(112,'Praesentium tempore ratione est.','praesentium-tempore-ratione-est','Deserunt itaque qui odio aut officiis. Ipsam et in sed et eaque amet. Sed praesentium magnam ut et. Dicta odit sapiente provident sunt doloremque tempore ut est.','Reiciendis sint quisquam ipsa voluptas ea. Sed facere repellat et non non maxime incidunt incidunt. Totam exercitationem aut numquam quas beatae sit. Dolor qui necessitatibus aliquid culpa sit repellat voluptates quo. Sunt molestias quo voluptatem ut eos rerum facere sed. Voluptatem totam et voluptatem similique. Illum ea voluptate quia magnam sed dignissimos nam ut.','PUBLISHED','https://lorempixel.com/800/600/?22334',0,0,29,12,'2019-02-20 15:08:43','2019-02-20 15:08:43'),(113,'Accusantium dolores ullam mollitia.','accusantium-dolores-ullam-mollitia','Impedit veritatis nihil aut. Eos sit quis officia at et. Enim cum accusamus nam. Voluptates in laborum pariatur a quasi.','Harum voluptas porro quidem error eligendi. Esse dolores aut dolor tempora qui. Omnis et non sit cum quia ut illo aut. Exercitationem ea rerum ea tempore. Molestias explicabo aut aut ipsum vitae rerum. Sapiente voluptas ad quidem. Deleniti et voluptatem omnis rem illum quis. Exercitationem nihil ullam aliquid sunt a dolor quidem nihil.','DRAFT','https://lorempixel.com/800/600/?29792',0,0,2,9,'2019-02-20 15:08:43','2019-02-20 15:08:43'),(114,'Rerum dolores vel doloremque.','rerum-dolores-vel-doloremque','Reprehenderit similique rerum molestias qui fuga asperiores eum molestiae. Ea et nisi dolores fugit culpa voluptatum. Nobis commodi quia iure.','Excepturi veritatis aut vitae consectetur odit. Neque quis mollitia autem nihil. Facere nam assumenda adipisci facere inventore aut. Saepe blanditiis perspiciatis maiores consectetur. Ullam qui veritatis odio. Qui occaecati et et hic. Ipsam hic occaecati natus sunt. A voluptatem ullam rerum odit. Dolor qui consequatur et veniam ut saepe maiores. Hic accusamus quia magni quis.','PUBLISHED','https://lorempixel.com/800/600/?76290',0,0,30,14,'2019-02-20 15:08:43','2019-02-20 15:08:43'),(115,'Omnis delectus ipsa facere.','omnis-delectus-ipsa-facere','Odio et reiciendis magnam quos necessitatibus nam qui. Nobis voluptas optio eveniet dolorem voluptatum ullam. Et et beatae blanditiis ea. Reiciendis ratione non et est saepe.','Voluptates soluta qui ducimus aspernatur. Quas ducimus quidem nihil optio nulla quisquam. Et voluptatum voluptatem cupiditate qui. Quasi et et perspiciatis iusto iure incidunt laborum est. Quis consequuntur sequi aut esse quis molestias error. Soluta ut eum similique id dolores vel. Aut odio neque voluptate eaque hic minus beatae.','PUBLISHED','https://lorempixel.com/800/600/?82084',0,0,12,5,'2019-02-20 15:08:43','2019-02-20 15:08:43'),(116,'Quam maxime tempore possimus.','quam-maxime-tempore-possimus','Ut deleniti rem pariatur nam quia et. Quos omnis cupiditate blanditiis molestiae qui esse. Quaerat quia laudantium explicabo.','Eaque voluptatem nulla nobis. Ipsum commodi vel repudiandae. Non reiciendis error aut. Et porro impedit praesentium. Ratione et iste et omnis odit quod. Dolorum qui et aut et consequatur. Quibusdam dolorem nostrum voluptatem pariatur autem dolorem. Voluptatum et inventore est sunt nihil nihil et sint. Atque cumque illo consequatur nulla consectetur blanditiis voluptatum rem. Voluptas et aspernatur debitis et nulla.','PUBLISHED','https://lorempixel.com/800/600/?83197',0,0,13,10,'2019-02-20 15:08:43','2019-02-20 15:08:43'),(117,'Expedita qui velit cupiditate accusamus.','expedita-qui-velit-cupiditate-accusamus','Veniam iusto eius sint aliquid nostrum. Quo aut aperiam voluptatem mollitia. Impedit iusto tempore iste ipsum. Molestiae nesciunt dignissimos ea ipsam consequuntur.','Voluptatem eum et voluptas possimus provident error. Amet ipsam id voluptates sit. Sint totam dolor quam omnis provident porro. Et totam ipsam illo consequatur possimus sit qui. Tempore animi dolores debitis ratione quia quos ut. Excepturi dignissimos qui cupiditate nesciunt. Quibusdam maiores ratione omnis et ad iure. Veniam aliquam est totam non corporis. Aut cum ut dicta et. Modi illum fugit perspiciatis cupiditate fugit molestiae.','DRAFT','https://lorempixel.com/800/600/?12495',0,0,2,16,'2019-02-20 15:08:43','2019-02-20 15:08:43'),(118,'Inventore excepturi facilis itaque.','inventore-excepturi-facilis-itaque','Aut itaque atque aut error nemo. Omnis adipisci ut voluptates impedit vel corporis non quisquam. Non facilis aut quibusdam cum.','Sit alias est ducimus. Blanditiis rerum dolores nesciunt sequi animi. Laboriosam eligendi aut harum voluptatem numquam voluptatem. Culpa vel temporibus a omnis aliquid nihil inventore. Tempora soluta voluptatibus aut beatae et necessitatibus et. Quidem voluptatem inventore et ex rem quia quibusdam. Repellat inventore consequatur atque deleniti.','PUBLISHED','https://lorempixel.com/800/600/?92785',0,0,16,9,'2019-02-20 15:08:43','2019-02-20 15:08:43'),(119,'Quod vero aut reiciendis quaerat aut.','quod-vero-aut-reiciendis-quaerat-aut','Omnis explicabo itaque sapiente asperiores. Sint voluptatum est placeat rem perferendis ipsa. Non eos aut aliquid repellat neque nemo.','Magni corrupti cum illo occaecati dolores deserunt qui non. Nostrum aliquid aut commodi adipisci. Veniam sit debitis exercitationem. Laudantium occaecati quidem fugit autem natus occaecati. Possimus libero voluptas porro cupiditate sed. Animi itaque natus illum quia voluptatem eveniet. Consequatur voluptatem enim error natus temporibus. Molestias eos et non omnis sapiente ut consequatur. Qui vel cupiditate natus est. Repellat sunt est enim doloribus incidunt dolores.','PUBLISHED','https://lorempixel.com/800/600/?75420',0,0,11,17,'2019-02-20 15:08:43','2019-02-20 15:08:43'),(120,'Cum et consequuntur facilis.','cum-et-consequuntur-facilis','Suscipit vel sit vero omnis et. Cum ratione et esse in eum ut consequuntur. Rerum et modi quo qui quam vel beatae.','Expedita et aut ipsa sit. Voluptas nobis repellat exercitationem et delectus ratione eveniet. Qui ipsum culpa quo nostrum dignissimos fugit quia. Assumenda qui dignissimos consequuntur laudantium optio omnis consequatur. Pariatur omnis quos corporis aut placeat quis repellat dolorum. Ipsum sint sint et odio tempore dolorem et. Aut facere fuga possimus nam est. Dolorem enim beatae quo provident.','DRAFT','https://lorempixel.com/800/600/?99996',0,0,14,6,'2019-02-20 15:08:43','2019-02-20 15:08:43'),(121,'Et velit aut ut.','et-velit-aut-ut','Voluptatem aut et odio enim et. Minima eos assumenda officia necessitatibus voluptates pariatur. Deleniti dolor voluptates ut eligendi magni quis est qui.','Quae dolorem laboriosam et aut et quia aut ipsum. Aperiam rem ex unde aut sit. Dolore dolor eos totam numquam deserunt quia reprehenderit. Dolor repudiandae optio est. Maiores unde esse quae quidem asperiores. Iusto illum non odit. Reiciendis velit voluptas sed labore distinctio. Natus ut inventore voluptas.','PUBLISHED','https://lorempixel.com/800/600/?54618',0,0,3,19,'2019-02-20 15:08:43','2019-02-20 15:08:43'),(122,'Numquam quis rerum maiores sed voluptas.','numquam-quis-rerum-maiores-sed-voluptas','Veritatis dolore doloremque accusamus nobis dicta repellat neque. Perferendis labore ratione libero voluptate amet sapiente. Quo quis molestiae illum.','Cupiditate rerum recusandae et iusto. Voluptatem quia quo exercitationem quisquam maiores et. Facere sint perferendis provident. Veritatis eos impedit sed. Et sed aut est. Velit minima totam aliquid aut doloremque molestias. Quae accusantium id perferendis omnis. Perspiciatis reprehenderit magni quibusdam dolore porro et quaerat. Illum in beatae aut voluptas. Reiciendis doloribus quis illo amet et est. Libero in aspernatur et inventore aliquam voluptatem.','PUBLISHED','https://lorempixel.com/800/600/?88579',0,0,6,18,'2019-02-20 15:08:43','2019-02-20 15:08:43'),(123,'Reiciendis hic voluptates et sunt non.','reiciendis-hic-voluptates-et-sunt-non','Eos eum consectetur architecto. Nobis inventore rem molestiae corrupti vel laudantium quo. Occaecati molestiae praesentium suscipit animi autem dolorem quos eveniet.','Qui maxime iusto iste expedita. Aliquam earum consectetur consequatur et. Ipsa et facere voluptatem sunt repellat. Sed ipsum ea non maxime nam et facere distinctio. Temporibus illo ut nesciunt officiis necessitatibus. Veniam facilis eaque et architecto. Explicabo voluptatem debitis deserunt aut. Cum incidunt sed est reiciendis incidunt voluptatem.','PUBLISHED','https://lorempixel.com/800/600/?54550',0,0,24,8,'2019-02-20 15:08:43','2019-02-20 15:08:43'),(124,'Voluptatibus laudantium ut nesciunt voluptates.','voluptatibus-laudantium-ut-nesciunt-voluptates','Nisi qui velit commodi molestias veritatis. Quas deserunt eaque fugiat voluptatem. Totam eaque et rem rerum beatae aut. Sunt quia est beatae fugit beatae vitae.','Incidunt temporibus voluptatem consectetur veniam. Dolor labore porro voluptas facere. Ut autem pariatur a illo labore. Omnis voluptatibus mollitia ea est magnam ipsa molestiae. Dicta consequatur reprehenderit mollitia quam. Alias officiis ullam quod ducimus. Numquam qui itaque dignissimos. Sequi est ut nobis nostrum vero. Maiores qui soluta cum maiores nihil maxime tempore.','PUBLISHED','https://lorempixel.com/800/600/?47063',0,0,7,8,'2019-02-20 15:08:43','2019-02-20 15:08:43'),(125,'Distinctio tempore et.','distinctio-tempore-et','Similique debitis sunt cum deleniti odit in. Unde excepturi natus nemo fugit qui officiis quod. Unde sit et aliquid sequi dolorum modi ullam.','Eos rerum consequatur repellendus ipsum beatae. Est veniam eum qui dolorem. Dolorem et et qui architecto facere sit odit. Modi dolore dolores accusamus porro maiores. Illo accusamus aliquid aut inventore. Quo corrupti minus exercitationem non quod. Eos possimus et sint adipisci perspiciatis cum voluptatem enim. Ea quidem quo sint. Aut perferendis ex commodi ut rerum voluptatum.','PUBLISHED','https://lorempixel.com/800/600/?71874',0,0,20,17,'2019-02-20 15:08:44','2019-02-20 15:08:44'),(126,'Aut eos veritatis aliquam eum est.','aut-eos-veritatis-aliquam-eum-est','Quia placeat non rem totam. Ea eveniet at voluptatem est dolores quia ad. Deserunt perspiciatis voluptatum soluta esse molestiae ex. Porro et quisquam odit quae sit vero odit aliquam.','Fugit velit rerum doloremque repellat totam debitis. Earum accusamus corporis aut. Quod nobis sit cum quis corrupti ut sapiente occaecati. Architecto qui recusandae rerum soluta. Sed aliquid iusto adipisci enim. Commodi nesciunt itaque temporibus pariatur. Ipsam et odio quia minus. Ea non nemo quibusdam delectus ut voluptas dolorem dolores.','DRAFT','https://lorempixel.com/800/600/?72626',0,0,16,2,'2019-02-20 15:08:44','2019-02-20 15:08:44'),(127,'Qui quod repellat.','qui-quod-repellat','Rerum recusandae laboriosam velit illo qui et libero. Quo ipsa suscipit aliquid autem. Dolor quas esse sed atque sed. Ut aut voluptatum impedit et rerum deleniti qui nemo.','Qui deleniti et fuga voluptas et fugit. Ullam sapiente id harum soluta minima dolore. Quae culpa harum quas qui eum id eos accusamus. Sed quia voluptatum est tempora. Earum ut omnis rerum nulla iure est iste. Quis et qui aut et non iste rem. Iusto quo maxime odit illum quia est voluptas. Occaecati exercitationem tenetur doloribus est aliquid ea voluptatem. Ut impedit est aut dolor ipsam dignissimos. Doloremque quibusdam ex sequi harum nostrum sint.','PUBLISHED','https://lorempixel.com/800/600/?78295',0,0,2,12,'2019-02-20 15:08:44','2019-02-20 15:08:44'),(128,'Facilis quam laboriosam.','facilis-quam-laboriosam','Voluptatem cum accusantium ex sed perspiciatis natus est. Molestiae nesciunt id non aliquam esse laboriosam aliquid molestiae. Dolor porro et ut distinctio architecto maxime.','Repudiandae quisquam placeat consequatur et possimus. Nihil est voluptas officia possimus nemo dolor aut. Mollitia unde earum et non. Sit placeat accusamus necessitatibus eum. Dolores pariatur explicabo aut. Voluptas non eos ut sint maxime. Nisi numquam vel dicta necessitatibus alias sit adipisci. Et voluptatem minus aliquam et optio itaque et. Ducimus delectus sint et accusantium accusamus nam aut reiciendis. Maxime optio veniam ullam quidem blanditiis eos sint.','DRAFT','https://lorempixel.com/800/600/?85330',0,0,9,16,'2019-02-20 15:08:44','2019-02-20 15:08:44'),(129,'Consequatur amet quaerat repudiandae nihil.','consequatur-amet-quaerat-repudiandae-nihil','Occaecati adipisci est recusandae rem aut quibusdam. Porro in ipsa quia enim. Laborum magnam quae ipsum.','Amet iste dicta quidem ex sit accusamus molestiae. Molestiae dolores ducimus sit amet suscipit officia aut. Nisi repellendus temporibus aperiam ut. Est in maiores ipsam hic doloribus. Quo molestiae iste ducimus minus ipsum reiciendis. Quam non culpa sed velit doloremque corrupti. Ullam sapiente excepturi voluptate aliquid facere voluptatem. Ratione iusto molestiae eos hic sed. Ad ut maiores totam autem a consequatur dolor. Sit veniam maxime voluptatem sint natus.','PUBLISHED','https://lorempixel.com/800/600/?49538',0,0,20,8,'2019-02-20 15:08:44','2019-02-20 15:08:44'),(130,'Fugit quia quis doloribus eum.','fugit-quia-quis-doloribus-eum','Rem voluptatem soluta accusamus eius aperiam molestiae. Cupiditate non commodi quibusdam sed sint. Maxime ut labore aut.','Nulla facere corporis mollitia in neque explicabo officiis nam. Soluta sunt quia rerum enim. Eum nemo consequatur dolore voluptas. Natus eos sunt accusamus voluptatem ipsam consectetur. Voluptatum nisi quod et autem ducimus. Sed ea est voluptas voluptatem quia ipsum. Pariatur officiis veniam culpa. Sequi necessitatibus aut quia accusamus.','PUBLISHED','https://lorempixel.com/800/600/?47529',0,0,9,8,'2019-02-20 15:08:44','2019-02-20 15:08:44'),(131,'Dolorem earum et ut.','dolorem-earum-et-ut','Voluptatibus voluptas sunt et quas eos. Qui dolorem unde expedita nam voluptatem recusandae. Hic soluta voluptate repellat placeat hic magni.','Nam qui cupiditate non omnis laborum accusamus est vitae. Nobis et sunt itaque est pariatur iste voluptatibus. Et quisquam nobis quod nam enim. Hic accusamus maxime voluptatem rerum. Tempora dignissimos et tenetur iusto eius et. Eos consequatur et tempore in quae. Quis voluptas veritatis magnam vel quaerat est tempore magni. Consequatur qui distinctio qui quo. Culpa cumque omnis odit excepturi aut in aut ad.','DRAFT','https://lorempixel.com/800/600/?99782',0,0,10,2,'2019-02-20 15:08:44','2019-02-20 15:08:44'),(132,'Ea necessitatibus aut ut.','ea-necessitatibus-aut-ut','Ut quidem sit fuga hic aspernatur vel. Esse voluptatem sed natus ipsam. Commodi dicta occaecati quos. Dolorum magni beatae dicta.','Nam reiciendis aut dolores porro amet tenetur fuga. Aspernatur porro debitis exercitationem vero doloribus corrupti a. Inventore excepturi vero id assumenda. Cum laudantium sed numquam. Magnam quibusdam ratione ipsam asperiores in vero sed at. Quas est et reprehenderit molestias aut. Voluptas ut expedita eius asperiores enim repudiandae inventore. Delectus doloremque dolores qui omnis rerum nobis voluptatum qui.','DRAFT','https://lorempixel.com/800/600/?20786',0,0,7,20,'2019-02-20 15:08:44','2019-02-20 15:08:44'),(133,'Exercitationem in quibusdam qui non unde.','exercitationem-in-quibusdam-qui-non-unde','Reiciendis et ab non quo. Ut vero temporibus est maxime dolores ab. Aut architecto sed nihil id aut. Sunt et alias quaerat atque modi.','Tempore quibusdam aut labore animi molestiae atque laborum culpa. Optio maiores qui minima quae. Aut libero itaque id impedit nihil. Soluta qui omnis ut fugiat. Autem repudiandae rerum laborum blanditiis. Numquam ut architecto id. Voluptatibus repellendus deserunt quos nemo. Cumque accusantium aut praesentium nihil quaerat. Officia accusantium pariatur accusantium et perferendis eius. Suscipit ut ratione sunt consectetur quas. Aut autem quis velit. Autem quod cumque nobis.','PUBLISHED','https://lorempixel.com/800/600/?29565',0,0,4,13,'2019-02-20 15:08:44','2019-02-20 15:08:44'),(134,'Tenetur enim perspiciatis.','tenetur-enim-perspiciatis','Quia explicabo repellat eius a sit nihil unde. Quos maiores ea ut sed autem. Quaerat et tenetur ut iste perspiciatis voluptatum. Exercitationem ad recusandae similique mollitia quo eum id voluptas.','Optio quo quia accusantium quisquam rerum aut aspernatur. Atque ab culpa cumque ut. Sit reiciendis magni consectetur sit harum. Natus nemo nesciunt dolorem commodi. Deserunt accusamus omnis debitis accusantium deserunt. Eaque praesentium quos ut. Sed provident dignissimos sequi ullam quod voluptatem. Assumenda eveniet et voluptas autem voluptatem. Est dolorum sint perspiciatis assumenda ut et quasi. Magni sunt ut neque eos sunt veritatis non dolorum. Natus consequatur maiores aut quisquam in.','PUBLISHED','https://lorempixel.com/800/600/?94992',0,0,22,10,'2019-02-20 15:08:44','2019-02-20 15:08:44'),(135,'Voluptatem sapiente nisi non voluptates.','voluptatem-sapiente-nisi-non-voluptates','Nam possimus saepe esse aspernatur ratione. In maiores numquam suscipit inventore error facere est. Odit nesciunt incidunt voluptas quia qui.','Ut consequatur explicabo aliquam iusto. Quam ab illum accusantium quia et et. Qui similique velit non ut. Explicabo dolores tenetur tempora perferendis. Aperiam in enim ea illum dolorem. Sed rerum quas qui quidem vel. Ipsa libero iusto illo libero. Voluptatem omnis porro laudantium repellendus maiores ullam. Minus temporibus sequi expedita repellendus aut. Qui qui illo dolorem aspernatur ex ipsam.','DRAFT','https://lorempixel.com/800/600/?75887',0,0,25,16,'2019-02-20 15:08:44','2019-02-20 15:08:44'),(136,'Ut totam animi illo quia voluptatem.','ut-totam-animi-illo-quia-voluptatem','Labore debitis velit aperiam iusto delectus sed veniam et. Quis ut laborum eius corporis maiores officia reprehenderit quasi. Non adipisci deleniti non quas possimus.','Et rerum et ea ex quis. Aliquid recusandae sed aut minima. Eligendi officiis non optio. Rerum nobis iure sint. Soluta error aperiam distinctio aliquid debitis deleniti. Nulla enim et nesciunt nisi voluptatum ad. Vitae rem voluptatem doloribus corrupti. Placeat qui aperiam quam ipsum doloremque in quas. Odit deleniti laborum consequatur modi alias. Illo velit optio et eaque architecto.','DRAFT','https://lorempixel.com/800/600/?64650',0,0,27,18,'2019-02-20 15:08:44','2019-02-20 15:08:44'),(137,'Beatae qui laudantium commodi autem.','beatae-qui-laudantium-commodi-autem','Nesciunt blanditiis dolor in error exercitationem. Nihil modi repellendus quis. Alias eos necessitatibus eaque quia rerum. Sapiente quia et aut itaque velit fugiat quos dolor.','Odio neque numquam maiores exercitationem. Inventore nemo aliquam repudiandae deserunt. Qui optio eos quia veritatis. Est id quis fuga nostrum. Voluptates inventore consequatur impedit voluptas veritatis nulla dolorem. Modi nam consequatur fugit hic et. Expedita molestiae sit dolores ut. Tenetur laboriosam quia qui. Reiciendis temporibus occaecati modi consequatur voluptates. Exercitationem magnam sint necessitatibus ab iure. Dolores qui accusamus autem beatae.','PUBLISHED','https://lorempixel.com/800/600/?59682',0,0,9,8,'2019-02-20 15:08:44','2019-02-20 15:08:44'),(138,'Distinctio est consequatur.','distinctio-est-consequatur','Saepe non sed sapiente sint quidem et. Et dicta quisquam ea saepe quod accusamus est. Maxime est molestiae quis velit.','Possimus sunt rerum quo quas quia consectetur. Possimus natus quibusdam iste animi eius beatae rem eveniet. Eaque earum illum non consequatur ea sit. Voluptas dicta voluptatum molestiae sed blanditiis ullam quae harum. Sit dolores provident est voluptatem sit et velit. Rerum debitis occaecati dicta sed amet deserunt. Est voluptatibus deserunt vitae autem dolorum in. Minus sapiente aut et maiores est alias dolor deleniti.','DRAFT','https://lorempixel.com/800/600/?22044',0,0,18,12,'2019-02-20 15:08:44','2019-02-20 15:08:44'),(139,'Et iste odit quo.','et-iste-odit-quo','Doloribus vel cum sed vero. Molestiae voluptates numquam quia accusamus voluptas et. Corporis iure possimus corrupti vitae eum.','Aliquam rerum iusto est excepturi modi fugiat quis. Enim suscipit et quia ullam vel. Omnis facilis est corporis ab cupiditate. Id fugiat ut vel aut qui velit veniam eius. Voluptas est ad quo earum. Perspiciatis sint iusto molestiae pariatur blanditiis qui alias. Harum qui adipisci unde voluptatibus fugit nihil laboriosam. Ea beatae aut harum deleniti quod ratione officiis ipsa. Fugiat et labore incidunt non fugiat id aspernatur. Corporis repudiandae doloremque impedit eaque rerum aut eum.','PUBLISHED','https://lorempixel.com/800/600/?65550',0,0,5,16,'2019-02-20 15:08:44','2019-02-20 15:08:44'),(140,'Nihil amet distinctio excepturi.','nihil-amet-distinctio-excepturi','Assumenda ut ipsa quisquam perspiciatis nesciunt ut. Recusandae ullam similique vel quia ab porro. A error consequatur nemo maxime esse aperiam.','Porro aliquam nihil rerum officia non reiciendis quae quia. Deleniti vitae molestiae quibusdam natus mollitia fuga. Eos delectus odit laudantium. Amet incidunt iste minima reiciendis omnis est. Delectus quasi quae doloremque deserunt et assumenda. Praesentium consequatur incidunt nobis autem vero perspiciatis. Est fugiat ipsum soluta beatae quasi ea. Est id quia et eum. Et iure soluta vero molestiae velit.','PUBLISHED','https://lorempixel.com/800/600/?57706',0,0,5,17,'2019-02-20 15:08:44','2019-02-20 15:08:44'),(141,'Deserunt voluptatum in sit.','deserunt-voluptatum-in-sit','Accusantium voluptates amet praesentium atque animi. Occaecati nam consectetur omnis numquam culpa fugit. Officiis commodi ab odit nostrum.','Natus fuga reprehenderit sapiente sunt quos et eaque voluptatem. Tenetur eos fuga in accusantium. Iste illum voluptates tenetur aspernatur odio quod officia molestiae. Dolorem placeat in alias ex. Perspiciatis quia reprehenderit odit sunt id cum molestias. Quia rerum provident aut libero neque facilis soluta. Consectetur quis repellat sunt. Repudiandae voluptas quia mollitia nulla aliquam. Dolor nesciunt eveniet aut.','PUBLISHED','https://lorempixel.com/800/600/?53898',0,0,6,5,'2019-02-20 15:08:44','2019-02-20 15:08:44'),(142,'Ipsum quasi quae dolorem culpa.','ipsum-quasi-quae-dolorem-culpa','Perspiciatis distinctio voluptatibus enim ratione. Voluptatem quis sit non iste laborum nemo. Iusto est ad ratione ipsum iure. Corrupti voluptas est velit rerum asperiores.','Enim incidunt molestiae quo doloremque non ab. Et voluptatem dolorem libero est impedit. Ratione temporibus nesciunt recusandae sunt modi. Recusandae vel aut incidunt consequuntur necessitatibus et. Voluptas ad ut voluptas quis non culpa. Recusandae quia doloremque sed et vero. Eos illum facilis eum autem. Ipsa porro et dolorum et numquam aspernatur. Expedita quia non natus fugit. Veritatis eum quae iusto a sit. Autem ut nihil ex accusantium sed doloribus dolor.','PUBLISHED','https://lorempixel.com/800/600/?42488',0,0,5,10,'2019-02-20 15:08:44','2019-02-20 15:08:44'),(143,'Laborum beatae accusamus natus excepturi.','laborum-beatae-accusamus-natus-excepturi','Officiis ad quo cum nisi. Laudantium rerum ut enim quis. Saepe doloremque architecto aut corporis laboriosam cumque. Commodi repellat dolores quia id quis.','Nesciunt eos incidunt commodi voluptatum mollitia aut adipisci nam. Aut adipisci dolor repellat voluptatum. Quia et facilis expedita non. Dolor voluptas quia iste aut ea. Nam et ipsam adipisci odit dolorem. Ipsa neque dolorum nulla. Voluptatem consequatur nihil iure maxime veniam qui. Id et voluptatem laboriosam non. Delectus similique recusandae ipsa.','PUBLISHED','https://lorempixel.com/800/600/?42495',0,0,28,12,'2019-02-20 15:08:44','2019-02-20 15:08:44'),(144,'In qui voluptas repudiandae.','in-qui-voluptas-repudiandae','Architecto adipisci eos est unde. Sint perferendis aut molestias fuga expedita perferendis. Culpa rerum delectus commodi quod minima sunt. Accusamus ut odit quaerat ea debitis voluptas quia.','Sunt in quos labore qui. Dolore quibusdam in sunt ab eum quia. Modi quis quia incidunt qui enim corrupti soluta. Ex ut sunt excepturi quas. Quis voluptas dolores voluptatem sed. Dicta voluptatem ab possimus culpa inventore illum id. Ab est aut odio omnis quas eaque voluptate. Soluta doloremque ex quibusdam dicta quam saepe nemo. Error distinctio aut iure mollitia id dolores dolor.','DRAFT','https://lorempixel.com/800/600/?31567',0,0,24,4,'2019-02-20 15:08:44','2019-02-20 15:08:44'),(145,'Dolorum ipsum voluptatem id corrupti.','dolorum-ipsum-voluptatem-id-corrupti','Iste delectus facilis et sapiente vel enim animi voluptatibus. Qui ipsam corporis sapiente quia. Quae eum voluptatibus odio totam quia dolorum.','Praesentium tempore alias eligendi quia corrupti culpa odit necessitatibus. Officiis et quibusdam dolorem aut. Asperiores dolore et expedita id qui explicabo harum. Quo vero est ipsum voluptate reprehenderit quia. Impedit impedit et sed est doloremque rerum. Enim consequuntur voluptatem eos qui unde error. Similique et delectus voluptatum in.','DRAFT','https://lorempixel.com/800/600/?19358',0,0,22,9,'2019-02-20 15:08:44','2019-02-20 15:08:44'),(146,'Nemo labore quia impedit.','nemo-labore-quia-impedit','Quam id necessitatibus optio aut. Nemo quia voluptatem voluptas quisquam iure similique magnam.','Perspiciatis est iste adipisci esse. Sed cumque eum mollitia unde est quia. Aut aut natus perferendis. Sit enim rerum occaecati asperiores. Dolorum reiciendis et vero voluptatem. Suscipit rerum saepe voluptate dolor debitis labore. Aut quo qui a accusamus provident. Accusantium et enim laboriosam. Iusto sunt reiciendis libero velit voluptates soluta.','PUBLISHED','https://lorempixel.com/800/600/?87629',0,0,23,18,'2019-02-20 15:08:44','2019-02-20 15:08:44'),(147,'Quo beatae numquam possimus.','quo-beatae-numquam-possimus','Eaque deleniti aut dolore provident natus nostrum. Vel neque eum quas est saepe. Sapiente velit quo omnis consequuntur est incidunt.','Ut tempore consequuntur libero sequi fugiat fuga impedit cupiditate. Nesciunt voluptatem esse odit vel blanditiis et porro. Assumenda magni expedita consequatur non. Fugiat enim itaque cumque excepturi odio rem. At expedita dicta dicta qui error. Vel pariatur in ab quod esse. Consectetur omnis ea aperiam sit sapiente. Eos asperiores sit voluptatem est omnis et. Dolores similique provident ipsum odit voluptatem. Esse dolor occaecati non officiis nihil dolore.','DRAFT','https://lorempixel.com/800/600/?87292',0,0,8,15,'2019-02-20 15:08:44','2019-02-20 15:08:44'),(148,'Commodi facere molestiae autem optio.','commodi-facere-molestiae-autem-optio','Et sint dolores eum. Sunt et enim enim ipsam aperiam eum velit. Doloremque vitae dolorem minima temporibus rem.','Unde consequatur necessitatibus sint ipsa. Est voluptas similique sed et doloribus voluptas quisquam. Doloribus ipsa et error nulla. Et consequatur ullam est assumenda est dicta dignissimos aspernatur. Numquam distinctio voluptatem architecto alias velit delectus velit est. Non est exercitationem debitis. Voluptatem unde ut sunt id atque. Quia neque dolor sequi alias aperiam at. Enim quos voluptas distinctio beatae iste dolor rerum recusandae. Et sequi amet ad doloremque et eligendi.','PUBLISHED','https://lorempixel.com/800/600/?50280',0,0,22,19,'2019-02-20 15:08:44','2019-02-20 15:08:44'),(149,'Maiores et optio ea dolores distinctio.','maiores-et-optio-ea-dolores-distinctio','Sit fuga odit ea aut quis sint. Totam aperiam vitae molestias ab nihil expedita. Repudiandae aliquid dolore ipsum et omnis dolorem. Atque dolorem corrupti odio voluptatem impedit nihil aliquam.','Debitis assumenda quidem nulla quia neque. Officia aliquid voluptas id nihil veniam. Quo facere ad beatae iure. Quidem dolores ipsam est rem. Enim sed dignissimos sit sed voluptatem et dolorum exercitationem. Et enim odit quae minus vero velit recusandae. Harum ratione neque dignissimos quas corporis non. Sit sit id quisquam at ad iure tempore. Earum eligendi nulla quae maiores. Dignissimos eum nesciunt est veniam voluptatem ab soluta. Et adipisci non dolore pariatur suscipit nesciunt ipsa.','PUBLISHED','https://lorempixel.com/800/600/?87967',0,0,8,11,'2019-02-20 15:08:44','2019-02-20 15:08:44'),(150,'Temporibus id deserunt nihil.','temporibus-id-deserunt-nihil','Praesentium temporibus inventore facilis quidem consectetur. Dolore sint laudantium voluptatem nesciunt quasi aut commodi. Animi rerum minima placeat et ut inventore rem quia.','Maiores quo similique molestias odit deserunt assumenda. Iure harum fuga qui quos aut nostrum. Dicta non qui mollitia repellat est ut. Est nemo maxime distinctio ullam. Dolorem quidem porro et odit omnis et voluptates est. Optio vero qui sunt et iusto. Dolor sint ipsum incidunt ad eius aut. Quam aliquid enim ea. Et facilis fuga et. Ullam aliquam fugiat cupiditate porro excepturi. Qui omnis sit omnis in sed accusamus qui. A ipsa sed est id temporibus ipsam.','PUBLISHED','https://lorempixel.com/800/600/?19133',0,0,7,9,'2019-02-20 15:08:44','2019-02-20 15:08:44'),(151,'Soluta recusandae nulla voluptate tempore.','soluta-recusandae-nulla-voluptate-tempore','Repellat commodi et aut exercitationem autem dolorem. Distinctio dolorem aliquam eum ut reiciendis. Delectus iure dolorem mollitia sint nostrum blanditiis adipisci.','Dolores ea ut porro ut itaque. Sed beatae tempora officiis dolorem. Explicabo inventore a aut laborum illo. Commodi est dolorem sequi deleniti eligendi. Temporibus itaque magnam odio illum repellendus voluptas quia. Fuga unde fugit perspiciatis ipsum minus ullam. Minima aut beatae et itaque. Perspiciatis nam recusandae voluptas quisquam. Nisi vel magnam explicabo in voluptatem. Fugit saepe ipsum et et non.','PUBLISHED','https://lorempixel.com/800/600/?92952',0,0,14,14,'2019-02-20 15:08:44','2019-02-20 15:08:44'),(152,'Optio ut quia vitae sequi.','optio-ut-quia-vitae-sequi','Nostrum neque soluta sed commodi rerum mollitia. Totam et non doloremque doloremque laboriosam. Aut eos corporis cumque voluptate. Occaecati voluptatibus quisquam esse voluptas.','Et sit aut nihil repellat aut. Totam inventore et quia architecto temporibus quod officia. Quia suscipit qui assumenda aut. Atque quasi dolores ut similique. Nihil doloremque nesciunt ut ipsa ut tenetur facere. Numquam quisquam praesentium quos ut et ut vel. Placeat quia omnis rem et doloribus. Ad eius voluptas laboriosam. Voluptas labore odit quisquam alias. Ducimus ipsam ut ipsa dolorem inventore error et aperiam.','PUBLISHED','https://lorempixel.com/800/600/?27597',0,0,30,17,'2019-02-20 15:08:44','2019-02-20 15:08:44'),(153,'Dolor voluptatem assumenda maxime tempora.','dolor-voluptatem-assumenda-maxime-tempora','Eos occaecati magni non tempore sunt enim expedita officia. Quis sint assumenda perspiciatis modi deserunt earum hic.','Dicta et eius iusto odit corrupti numquam. Perferendis doloremque soluta voluptatibus vel necessitatibus. Reprehenderit consectetur repellendus ea vel voluptatibus eaque placeat. Cum sit et sequi labore. Praesentium harum impedit esse dolorem et ut. Quaerat aut debitis quo numquam quibusdam quasi.','PUBLISHED','https://lorempixel.com/800/600/?33075',0,0,10,4,'2019-02-20 15:08:44','2019-02-20 15:08:44'),(154,'Dolorem qui fugiat voluptas.','dolorem-qui-fugiat-voluptas','Unde corporis beatae eligendi eligendi nisi aut rem quaerat. Omnis et dolores placeat inventore velit.','Repudiandae quisquam culpa dolores. Ipsa nobis occaecati veniam natus omnis incidunt quam est. Et rerum omnis animi voluptatem necessitatibus ducimus ipsa. Error dolore quod et dolor voluptate numquam. Qui occaecati fugit ipsam rem explicabo. Tempore possimus quis sequi voluptatum sunt quaerat. Dolore eius autem illum voluptas quos aut. Architecto alias laudantium in est. Ducimus molestiae est nihil modi maxime suscipit iusto. Voluptatum voluptas repellendus assumenda consequuntur illo.','PUBLISHED','https://lorempixel.com/800/600/?74724',0,0,6,1,'2019-02-20 15:08:44','2019-02-20 15:08:44'),(155,'Est alias tempora qui nulla nemo.','est-alias-tempora-qui-nulla-nemo','Quis qui voluptate ipsum ea. Minus ea repellat quidem soluta hic. Porro quis quia dolores iste rerum officia nobis. Similique unde ab odio fugiat ut sint repellat. Aut quod harum et possimus.','Cumque veniam cum et neque saepe eius. Deserunt et ipsum et et cupiditate odio. Maiores nisi doloribus repellat sed veniam. Cum minus aliquid officiis aut cum. Ut beatae et ut eveniet consequatur sed. Corrupti eaque quas repudiandae esse. Aut sunt totam ipsum dolores rerum libero sunt. Distinctio accusantium consequatur inventore aut ut optio. Iure odio doloremque non dolor. Aut quaerat ipsam vel. At id sed nulla. Vitae consequatur non deleniti et temporibus.','PUBLISHED','https://lorempixel.com/800/600/?23280',0,0,18,3,'2019-02-20 15:08:44','2019-02-20 15:08:44'),(156,'Facere voluptas et molestiae minima.','facere-voluptas-et-molestiae-minima','Id nihil in illum quia sed vitae non. Consequatur occaecati similique nostrum. Laborum mollitia aut in officiis odio. Illo quam sequi exercitationem nostrum vel est.','Laborum enim officia ipsum quo. Aut aliquid laboriosam architecto dolore quis. Et id provident quas. Praesentium molestiae et ab non error quia. Nostrum commodi non voluptates at ut officia eaque. Possimus ut minus numquam qui. Saepe enim beatae ut earum libero fugiat et.','DRAFT','https://lorempixel.com/800/600/?32331',0,0,21,8,'2019-02-20 15:08:44','2019-02-20 15:08:44'),(157,'Neque odio alias iusto tempore.','neque-odio-alias-iusto-tempore','Ut non accusantium molestias blanditiis et est. Voluptatum beatae blanditiis ut beatae quo in cum. Nobis quasi autem odio molestias sequi.','Alias eius hic est quasi qui aut omnis. Omnis repellat quia saepe. Maxime inventore temporibus magni aliquam assumenda nihil. Dolores nisi suscipit harum quasi omnis. Quia dolor consequuntur voluptatem blanditiis voluptatibus debitis qui. Ut modi ipsam dolor tempora sit quis possimus. Et numquam qui asperiores fugit non. Rerum autem esse numquam doloremque. Dolorum iste commodi non quod illum id. Sit quaerat et perferendis quas rerum.','PUBLISHED','https://lorempixel.com/800/600/?24173',0,0,18,12,'2019-02-20 15:08:44','2019-02-20 15:08:44'),(158,'Rerum excepturi nobis nostrum unde dolor.','rerum-excepturi-nobis-nostrum-unde-dolor','Libero quidem officia rerum saepe ad soluta quis ut. Tempore sit reiciendis neque ipsam omnis nulla. Quo natus temporibus amet dignissimos consectetur excepturi consequuntur.','Magni voluptates nemo blanditiis recusandae quo. Nihil suscipit minima atque exercitationem cumque qui. Optio qui in nihil est. Ut facere dolores alias dolor ad laborum quasi. Totam qui debitis unde non. Qui aut laborum consequatur possimus consectetur consequatur. Quia eligendi nesciunt et nisi quo molestiae nam a. Doloremque asperiores alias perferendis odio incidunt dicta. Vel labore repellendus assumenda a ipsa. Autem et voluptatem eum laboriosam placeat nostrum.','DRAFT','https://lorempixel.com/800/600/?98566',0,0,30,12,'2019-02-20 15:08:44','2019-02-20 15:08:44'),(159,'Voluptas corporis quia.','voluptas-corporis-quia','Et aut quia sit sed amet quod dolor. Molestiae suscipit itaque aut. In accusantium sit qui.','Vel numquam ut ut qui reprehenderit. Iusto aliquid quia reprehenderit dolorum minima. Dolor iusto sapiente illum eum aut veritatis totam. Quidem sint laudantium odit tempora asperiores. Voluptatibus ratione est sed excepturi. Totam rerum ad earum suscipit molestias rerum non nihil. Voluptatem at qui assumenda. Et voluptas ab rerum consequatur dignissimos. Repellat est autem earum consequuntur sunt. Cupiditate molestiae amet eum nobis. Quia consequuntur voluptatum hic quia ex consequatur aut.','PUBLISHED','https://lorempixel.com/800/600/?82670',0,0,16,3,'2019-02-20 15:08:44','2019-02-20 15:08:44'),(160,'Eos consequuntur eius repellat velit.','eos-consequuntur-eius-repellat-velit','Molestiae tempore odio doloremque amet error qui. Qui fuga temporibus distinctio molestias. Quidem omnis earum similique culpa. Illo sed earum ut assumenda laudantium non sint laboriosam.','Nihil nemo quod tempora aut illum. In sit molestias quo excepturi ea. Eveniet sint ut corporis nesciunt quis facilis. Accusamus itaque dolor et. Nisi eos voluptatem modi qui et facere. Vel non nemo in dolorem fugiat delectus quia. Qui dignissimos facilis dolorum quasi. Et omnis est totam illo. Quasi nihil expedita non molestiae omnis ut qui. Quia velit fugit et omnis molestias veniam.','DRAFT','https://lorempixel.com/800/600/?28046',0,0,28,2,'2019-02-20 15:08:44','2019-02-20 15:08:44'),(161,'Nostrum hic voluptatem similique explicabo quam.','nostrum-hic-voluptatem-similique-explicabo-quam','At molestiae vel consequatur fugiat in et reprehenderit. Quia voluptatem magni quibusdam rerum omnis voluptatem quia. Et vel reprehenderit magnam dicta inventore molestiae culpa.','Excepturi eos aliquam ut quas rerum. In ducimus et voluptatem velit perspiciatis tempora. Optio at vitae ut laudantium dolorem sapiente. Incidunt quia asperiores qui. Atque explicabo consequuntur voluptates enim dolor quae iste. Velit delectus et dolorum harum incidunt dolor. Aut numquam ut rerum dolorem.','DRAFT','https://lorempixel.com/800/600/?90282',0,0,13,5,'2019-02-20 15:08:44','2019-02-20 15:08:44'),(162,'Amet odit explicabo.','amet-odit-explicabo','Omnis odio delectus perspiciatis et. Quo ut dolores dolorum porro aut doloribus illum. Aliquam quia et odio qui cum. Suscipit accusamus eos iste necessitatibus quaerat perspiciatis.','Fugit autem quia qui aliquam reprehenderit numquam. Minus inventore sint voluptas nostrum ut totam hic ducimus. Et iste consequatur voluptatem voluptas vero. Nemo modi quibusdam et consequatur corrupti consectetur. Dolorem minus sit velit quo perferendis vel voluptas. Et consequatur deleniti quasi rerum dolorem quod unde. Dolorem alias minima nihil qui. Tempore nisi aspernatur voluptatum accusantium accusantium tempora.','DRAFT','https://lorempixel.com/800/600/?91569',0,0,30,5,'2019-02-20 15:08:44','2019-02-20 15:08:44'),(163,'Nesciunt nostrum voluptatem consequatur dolore ut.','nesciunt-nostrum-voluptatem-consequatur-dolore-ut','Cupiditate qui repudiandae aut eum in distinctio quis soluta. Animi quod sed voluptates repudiandae. Non repellat aut delectus. Quia vero tempora iure molestias vel saepe et.','Quos aperiam aspernatur dolorum ut et aut. Necessitatibus accusamus officia repellat. Odit tempora omnis ad sit. Magnam nisi qui molestiae non velit eaque. A odio fugiat nostrum officiis soluta omnis. Nostrum sed sequi delectus tempora eveniet odio. Eligendi maxime fuga voluptatem neque. Quia et facilis voluptatem nihil sint deleniti voluptatem. Atque perspiciatis minima quia ut repellat quisquam. In qui hic aut excepturi. Et praesentium neque sint explicabo illum.','DRAFT','https://lorempixel.com/800/600/?66937',0,0,20,14,'2019-02-20 15:08:44','2019-02-20 15:08:44'),(164,'Cumque praesentium quo nisi.','cumque-praesentium-quo-nisi','Occaecati eveniet ex est tempora consequuntur porro quaerat. Et qui sequi aliquid similique. Soluta esse quia reprehenderit quae doloribus similique.','Veniam delectus perspiciatis est dolorem id. Officiis illum aspernatur ut rerum maiores. Incidunt fuga laudantium magni aspernatur totam. Quibusdam necessitatibus deleniti rerum nihil. Corporis laboriosam perspiciatis id tempore et magni quas odio. Fugit et quibusdam rerum magni et molestiae. Laboriosam omnis et natus qui deserunt sapiente vel. Qui omnis aliquid natus velit. Magnam consectetur voluptas quo ut excepturi doloremque. Voluptatem aut autem sit maxime.','PUBLISHED','https://lorempixel.com/800/600/?26510',0,0,7,18,'2019-02-20 15:08:44','2019-02-20 15:08:44'),(165,'Iure atque cum.','iure-atque-cum','Qui assumenda vel laborum voluptatibus. Voluptas cupiditate rerum rerum omnis. Perspiciatis vitae minima quidem modi dicta cumque fugiat.','Eos sunt corrupti aliquid et. Tempore eligendi iusto quis qui. Et velit aut ea omnis ipsam voluptatibus. Eius et facere id repudiandae autem omnis iste. Quasi harum sint ut rerum velit. Quidem itaque in quia harum similique. Et ut dolore voluptatum aliquid iure et. Similique non a non. Consectetur pariatur nemo inventore sapiente et veniam sit ad. Voluptas optio repudiandae doloribus et vel vel quidem.','PUBLISHED','https://lorempixel.com/800/600/?18099',0,0,5,5,'2019-02-20 15:08:45','2019-02-20 15:08:45'),(166,'Eum provident quod in consectetur.','eum-provident-quod-in-consectetur','Impedit occaecati hic ut quia fugit velit. Et voluptatibus neque voluptate at qui.','Aut facere qui repudiandae eligendi iusto nobis. Earum quod temporibus sint magni necessitatibus dignissimos. Sit autem eaque similique enim dolores. Qui laborum recusandae accusamus et. Explicabo et occaecati sint omnis. Quasi illo voluptatem at ipsam hic repudiandae. Pariatur cum tenetur nobis. Ut assumenda reiciendis maiores vel.','PUBLISHED','https://lorempixel.com/800/600/?47098',0,0,14,7,'2019-02-20 15:08:45','2019-02-20 15:08:45'),(167,'Nam rerum non debitis unde.','nam-rerum-non-debitis-unde','Sit labore maxime nulla eum. Nostrum tempora reiciendis maiores temporibus veniam laboriosam. Ea atque quam iure impedit in. Quis praesentium sit sapiente animi.','Consequuntur occaecati corrupti dolor consequatur veniam. Occaecati praesentium sit ut dolores excepturi id possimus. Quod asperiores quia incidunt ea assumenda. Itaque aut dicta sequi et quia dolorem et. Alias consectetur aut aut et cumque dolor dolores. Eveniet non et mollitia rem.','DRAFT','https://lorempixel.com/800/600/?90013',0,0,19,3,'2019-02-20 15:08:45','2019-02-20 15:08:45'),(168,'Tempore facilis et veritatis vitae.','tempore-facilis-et-veritatis-vitae','Rerum quo a quaerat officiis illo voluptatem consequatur. Accusamus ratione fugiat non voluptates veritatis. Sit omnis quo ut molestiae.','Sint magni hic reiciendis excepturi quo rerum voluptas. Ipsum veritatis vero veritatis rerum voluptas. Perspiciatis repellat qui doloribus ad sit aut. Repellendus architecto a est. Enim magnam aliquam blanditiis. Voluptas blanditiis dolor non sit. Corrupti qui libero inventore voluptatem sed sunt commodi sequi. Praesentium commodi repellendus et eum dolorum. Ipsum esse porro deserunt necessitatibus. Consequuntur blanditiis voluptatibus sed distinctio.','DRAFT','https://lorempixel.com/800/600/?51539',0,0,11,17,'2019-02-20 15:08:45','2019-02-20 15:08:45'),(169,'Perferendis vel sunt distinctio reiciendis.','perferendis-vel-sunt-distinctio-reiciendis','Accusantium placeat aliquid reiciendis iusto non at ut. Commodi sunt laborum earum rerum aut qui corporis. Optio laborum ut porro doloremque eveniet eligendi.','Enim et fuga neque fugiat et aspernatur. Magnam iste similique nisi. Illo laborum inventore et consequuntur rerum ut repellendus. Dolorem in dolore libero exercitationem. Ut sint esse qui nisi velit. Non reprehenderit eos autem porro quos. Ut fuga repellat et molestiae sequi quia. Dolore maiores provident ipsam autem molestias dolores optio sed. Rem omnis praesentium veritatis.','PUBLISHED','https://lorempixel.com/800/600/?53551',0,0,16,17,'2019-02-20 15:08:45','2019-02-20 15:08:45'),(170,'Sed quam qui magnam.','sed-quam-qui-magnam','Accusamus commodi consequatur et expedita dolor. Quo suscipit rerum molestiae nobis voluptatem eveniet. Dolores est in sint eos. Accusamus debitis corporis velit id sint id.','Et qui sunt totam qui. Nisi ex voluptas placeat neque. Fugiat minus ut fuga natus. Harum qui nesciunt mollitia asperiores at veritatis rerum. Id non accusamus voluptas. Est non quia in dignissimos eveniet laborum occaecati sapiente. Dicta voluptas laboriosam ut non accusamus dolorum. Officiis deleniti animi voluptatem et. Non sint reiciendis nobis facere rerum et dolores ab. Accusantium ratione eos est saepe. Aliquid ad sunt deleniti ut.','PUBLISHED','https://lorempixel.com/800/600/?49090',0,0,17,12,'2019-02-20 15:08:45','2019-02-20 15:08:45'),(171,'Sed recusandae corporis omnis rem dolores.','sed-recusandae-corporis-omnis-rem-dolores','Illo quae non adipisci quam. Animi eum velit vero fugit. Ut maiores optio animi modi. Veritatis laboriosam repudiandae sint ullam.','Suscipit temporibus fuga eum id nemo. Iusto eaque adipisci minima at ut iste molestias. Laboriosam dolor quas doloremque voluptatibus repellat. Voluptate qui perspiciatis quia deleniti odio rerum sit molestias. Sequi voluptatem qui enim consectetur non. Inventore deserunt ut id qui quis aut. Eligendi eos nostrum et corrupti commodi nisi nihil. Et illo accusamus in cum corrupti magnam. Velit tempora maiores quaerat sit. Aliquam sit dolores dignissimos accusantium. Nemo quis nemo sed ratione.','DRAFT','https://lorempixel.com/800/600/?96812',0,0,20,19,'2019-02-20 15:08:45','2019-02-20 15:08:45'),(172,'Dolore sint libero reiciendis.','dolore-sint-libero-reiciendis','Minus et esse architecto expedita minima omnis. Et aut sequi quas omnis voluptates neque iste non. In dolor eos voluptatem ea suscipit.','Ut asperiores aut maiores quis quo ut. Ad hic aut recusandae voluptatem. Accusantium cumque velit ab culpa blanditiis at minus sit. Et velit assumenda velit animi. Laborum autem officiis et reiciendis aliquid sint vel. Dignissimos eum vero libero sunt ullam consectetur. Inventore dolores enim rem odio. Voluptate dolorem est perferendis ea tempore. Velit voluptatem debitis in quia recusandae ipsa nemo. Doloribus ut fugiat in culpa. Et fuga modi animi non.','DRAFT','https://lorempixel.com/800/600/?34557',0,0,18,10,'2019-02-20 15:08:45','2019-02-20 15:08:45'),(173,'Saepe unde cupiditate.','saepe-unde-cupiditate','Sed totam accusantium soluta voluptatem quo. Sit quos pariatur atque tenetur ut. Cumque est voluptatum ducimus asperiores.','Aut rem similique harum enim non aut. Aut velit animi maiores iusto. Quis non nihil eveniet error ut ut neque. Eveniet aperiam eius eaque et. Libero quas corporis minima eos. Enim ipsum qui vero et fugit. Rerum dolorem inventore dolores est. Corporis error similique sed cum dolor eligendi. Recusandae sequi voluptate quasi iste dolorem repellendus aliquam qui. Animi quae vero ut eos ut sequi. Temporibus minima aspernatur et quo perspiciatis numquam mollitia.','PUBLISHED','https://lorempixel.com/800/600/?69832',0,0,19,17,'2019-02-20 15:08:45','2019-02-20 15:08:45'),(174,'Praesentium atque minus aspernatur sequi numquam.','praesentium-atque-minus-aspernatur-sequi-numquam','Et et sapiente dolorum necessitatibus sint consectetur optio. Ipsum sed vitae mollitia maiores aut expedita. Nulla sapiente at nihil iusto aut.','Quia corrupti et eos laboriosam aliquid sequi dolorum. Qui hic error dolorem non voluptatem. Aut aut dolores quasi rerum eum suscipit. A rerum iusto cupiditate vel. Maiores et modi non inventore id. Recusandae inventore optio culpa cum omnis. Officia ducimus eaque labore accusantium culpa necessitatibus quam natus. Architecto recusandae qui et doloremque ut est nihil distinctio. Eius voluptatem explicabo cum perferendis quis. Debitis sunt quibusdam asperiores nesciunt et cum eum.','DRAFT','https://lorempixel.com/800/600/?55613',0,0,21,19,'2019-02-20 15:08:45','2019-02-20 15:08:45'),(175,'Esse aspernatur in delectus.','esse-aspernatur-in-delectus','Delectus et facere ipsum similique unde. Rerum non rem natus ducimus consequuntur. Dolorum suscipit iure odio quia sint.','Asperiores facilis id est voluptatem maxime soluta est. Vitae nihil nostrum quia minima. Voluptatem laudantium consequuntur impedit similique. Quia quia id qui nemo voluptatem dolore eaque. Rerum sit ad unde dicta est et perspiciatis. Voluptatem illum quos sed eum voluptas voluptatem. Sunt omnis est tempora repellendus harum. Illum ipsam velit cupiditate ut eos at et.','PUBLISHED','https://lorempixel.com/800/600/?47945',0,0,22,3,'2019-02-20 15:08:45','2019-02-20 15:08:45'),(176,'Vero excepturi maiores qui iste.','vero-excepturi-maiores-qui-iste','Praesentium eos quos quam in dolor vero. Et explicabo quia in ipsam voluptate ut neque nulla. Debitis aliquid mollitia iusto incidunt facere officiis voluptates.','Qui nam adipisci illo architecto repudiandae. Blanditiis sint est non laboriosam accusamus velit eum deserunt. Voluptates aperiam hic perspiciatis deserunt est ut. Quia sint voluptatem mollitia consectetur dolorem ab consequatur. Adipisci aut enim in consequuntur eos. Sint alias ipsa accusamus aperiam dolores et voluptas. Error quo et ad eaque adipisci qui.','PUBLISHED','https://lorempixel.com/800/600/?66057',0,0,21,12,'2019-02-20 15:08:45','2019-02-20 15:08:45'),(177,'Atque temporibus qui consectetur velit praesentium.','atque-temporibus-qui-consectetur-velit-praesentium','Vel voluptas officiis dolores rerum quis voluptatum quibusdam veritatis. Voluptatem at blanditiis et a maxime quis. Ab dolorem magni nihil aut.','Natus rerum qui consequatur qui consequatur. Qui maxime voluptas a rerum inventore. Doloribus voluptatem libero aperiam aspernatur dolore molestias mollitia. Rerum nulla quisquam sapiente alias excepturi et non. Velit laudantium et voluptates libero. Tempora voluptates tempore commodi ab distinctio. Alias officia enim reiciendis ducimus. Fugiat voluptatibus qui accusamus et laborum.','PUBLISHED','https://lorempixel.com/800/600/?18414',0,0,19,15,'2019-02-20 15:08:45','2019-02-20 15:08:45'),(178,'Provident est nesciunt sit et.','provident-est-nesciunt-sit-et','Fuga officiis rerum aut voluptatem quo eum molestias. Alias consequatur fugiat dolorem ut vitae porro iure fuga. Animi delectus ipsam omnis aut ut ipsam harum et.','Earum consectetur ut est modi quo earum veniam. Laboriosam sequi sint officia voluptas asperiores voluptas magni reiciendis. Iste deserunt dolores perferendis molestiae. Voluptatem accusantium adipisci totam voluptate. Quo qui ad atque cumque aut voluptates. Libero nemo deleniti reprehenderit. Perspiciatis omnis id est nam aperiam maiores. Assumenda consequuntur qui hic culpa amet maiores et. Officiis qui sit pariatur eum.','DRAFT','https://lorempixel.com/800/600/?55546',0,0,5,9,'2019-02-20 15:08:45','2019-02-20 15:08:45'),(179,'Voluptas eos veniam esse magnam.','voluptas-eos-veniam-esse-magnam','Ut mollitia sequi qui ipsam. Nesciunt id impedit esse ea nesciunt officiis. Ea ut quae fugit. Porro autem ipsam quam libero libero nihil mollitia.','Labore qui maiores expedita perferendis fugiat qui. Fugit ut dolore et ea est ut. Dignissimos voluptatem voluptas aperiam non consectetur aperiam. Iste illum ullam nostrum aut. Quibusdam quidem cupiditate error ut expedita. Sed dignissimos sed et nam accusantium voluptatem. Labore delectus et ut quas aut quos dignissimos provident.','DRAFT','https://lorempixel.com/800/600/?81842',0,0,15,9,'2019-02-20 15:08:45','2019-02-20 15:08:45'),(180,'Voluptates adipisci ex.','voluptates-adipisci-ex','Non nemo odio veniam nihil deserunt earum tenetur ex. Ratione eaque enim sint aut a omnis aut. Repellendus quidem velit sint eos vero. Numquam reiciendis expedita eos vitae et totam aut.','Aut perspiciatis dolorem velit consequatur animi dolores. Voluptatibus perspiciatis reprehenderit sequi. Dolor enim saepe iure nisi voluptatem. Est quisquam voluptatem quasi aut at. Qui blanditiis totam alias ad aut similique. Ea qui amet aut reiciendis. Vel illo sunt laudantium non iste qui qui. Perferendis qui minus corporis qui. Illum qui dolorem est odit magni rerum laborum. Et voluptatem ipsum sit. Eos sint accusantium non odit.','DRAFT','https://lorempixel.com/800/600/?32222',0,0,17,7,'2019-02-20 15:08:45','2019-02-20 15:08:45'),(181,'Cupiditate commodi ex magnam necessitatibus et.','cupiditate-commodi-ex-magnam-necessitatibus-et','Earum quis cum autem ratione. Quia hic facilis consequatur deserunt vitae. Architecto reiciendis atque deleniti. Voluptatem suscipit rerum fugit.','Aut nemo aliquam labore nostrum dolorem vel culpa. Dicta eius saepe adipisci cumque omnis qui voluptatibus. Et hic velit doloribus quas illum. Quia qui qui aut accusamus ut veniam voluptate. Officiis earum veritatis porro perferendis eaque molestiae quae beatae. Voluptatem vel voluptatem est cupiditate. Tempore accusantium est qui ratione itaque. Id culpa sequi libero sed expedita. Recusandae cupiditate praesentium nisi quam.','DRAFT','https://lorempixel.com/800/600/?95477',0,0,4,8,'2019-02-20 15:08:45','2019-02-20 15:08:45'),(182,'Voluptates et odio.','voluptates-et-odio','Sed sit omnis velit. Voluptates dolorem neque nesciunt et. Magni molestiae omnis omnis molestias ut sunt culpa velit. Quaerat fugiat ut fugiat nulla. Eaque molestiae placeat voluptas iste eveniet.','Sed excepturi et qui. Omnis laborum et officiis rem quam odio sint. Hic culpa dolor sapiente dolor necessitatibus ut temporibus. Laboriosam necessitatibus aut voluptas dolore quasi. Ducimus ex quis nam suscipit quibusdam natus. Et eaque ut dolor qui incidunt et vel. Libero necessitatibus ipsa dolorem quo beatae. Sed officia ipsam molestiae autem quisquam maxime.','PUBLISHED','https://lorempixel.com/800/600/?53928',0,0,30,17,'2019-02-20 15:08:45','2019-02-20 15:08:45'),(183,'Culpa illum at tempore assumenda.','culpa-illum-at-tempore-assumenda','Libero quia accusantium rerum quo adipisci. Vel est praesentium exercitationem voluptas dolorem consequuntur.','Cumque error nisi omnis ut error beatae. Tenetur qui hic laudantium repellat minima facilis. Animi minima non quae temporibus. Ut libero sequi unde qui sit. Dolorem ipsum hic aliquid sint aut qui id. Adipisci id ut necessitatibus ut suscipit. At dolore labore soluta et soluta libero. Quis ipsam ut et facilis nostrum. Sint odit repellat aut ut qui quia doloribus.','PUBLISHED','https://lorempixel.com/800/600/?43842',0,0,3,14,'2019-02-20 15:08:45','2019-02-20 15:08:45'),(184,'Sunt nisi consequatur ipsa blanditiis totam.','sunt-nisi-consequatur-ipsa-blanditiis-totam','Tenetur commodi reiciendis ut. Beatae quaerat asperiores dolore rerum quibusdam. Id saepe ut fugiat doloribus adipisci perspiciatis.','Dolorem sint facilis at dicta. Accusantium illo libero occaecati qui. Aut vel sequi fugit impedit. Unde consectetur ea aut et unde provident aut. Reprehenderit vel harum vel accusamus aut sint quisquam. Inventore eligendi sunt incidunt vel commodi recusandae culpa. Voluptas consectetur adipisci laboriosam non et ea. Modi alias nemo unde autem ullam. Quis eligendi sequi esse cumque.','PUBLISHED','https://lorempixel.com/800/600/?15328',0,0,22,17,'2019-02-20 15:08:45','2019-02-20 15:08:45'),(185,'Repudiandae quia recusandae eligendi sit eos.','repudiandae-quia-recusandae-eligendi-sit-eos','Consectetur eaque dolor ducimus et et necessitatibus perferendis voluptatem. Rerum rerum non non ipsam.','Dolor ad perspiciatis facere quibusdam. Facilis nostrum enim reiciendis qui nobis voluptatibus et veniam. Voluptatem porro ex voluptatibus eligendi beatae temporibus ea. Rem eos reiciendis qui officiis est. Eos totam aliquid repudiandae rem. Commodi facere soluta ut tempore et. Aliquid reprehenderit neque qui quae quaerat sint libero corporis.','PUBLISHED','https://lorempixel.com/800/600/?38942',0,0,19,10,'2019-02-20 15:08:45','2019-02-20 15:08:45'),(186,'Atque rem nobis.','atque-rem-nobis','Commodi porro cupiditate error iusto qui. Amet voluptatem sit sit aperiam quos rem est. Ea ut aperiam aliquam. Tempore est qui assumenda architecto accusantium porro.','Inventore ut veniam neque aut nulla dolorem. Laboriosam aut deserunt perferendis non in. Quasi est expedita et suscipit. Quaerat omnis in nostrum nobis qui. Voluptate officia vero reprehenderit consequatur pariatur rerum. Sequi modi voluptas dolorem nulla et est sit odio. Placeat qui voluptates laboriosam sunt rem natus ipsam. Expedita saepe enim minima magnam minima. In earum voluptatem alias autem. Consequuntur dolor doloribus libero sequi. Corporis nesciunt quos beatae facere ut autem.','DRAFT','https://lorempixel.com/800/600/?29049',0,0,5,1,'2019-02-20 15:08:45','2019-02-20 15:08:45'),(187,'Vel assumenda ea consequatur sit mollitia.','vel-assumenda-ea-consequatur-sit-mollitia','Reprehenderit explicabo excepturi alias harum aliquam natus. Saepe quia expedita et ipsa totam vel quo. Consequatur aut enim nostrum qui dicta.','Accusamus sit mollitia inventore totam consequatur qui. Nesciunt eum adipisci sed magnam placeat. Repellendus sed a ducimus. Voluptate quod commodi et dolore dicta vel voluptatem. Quo quidem vel quibusdam. In beatae modi aspernatur quis corrupti et. Repudiandae minima voluptatem est accusamus nam. Officiis quia quod dicta eum. Quo fugiat suscipit ipsa ut repudiandae necessitatibus. Enim qui adipisci voluptatum debitis ab esse.','DRAFT','https://lorempixel.com/800/600/?46148',0,0,6,18,'2019-02-20 15:08:45','2019-02-20 15:08:45'),(188,'Non quia quia.','non-quia-quia','Modi et vel ullam reprehenderit saepe ullam deserunt explicabo. Aperiam possimus officia sunt dolorem.','Debitis est ab aut ipsum aperiam id et. Sed est et ut illo aliquid accusamus et. Molestias non inventore molestias dolore voluptas aut. Cupiditate repellat asperiores vel animi. Vel dolorem ea laudantium ullam quas ut. Non repellat nihil explicabo voluptate. Corrupti illum doloribus tempora nam sint quae. Dolores deleniti dolor eum voluptatem laborum velit. Officia rerum reiciendis qui et. Debitis esse id quasi culpa qui. Sed nisi ea qui est.','PUBLISHED','https://lorempixel.com/800/600/?71019',0,0,9,18,'2019-02-20 15:08:45','2019-02-20 15:08:45'),(189,'Saepe alias ducimus dolores delectus.','saepe-alias-ducimus-dolores-delectus','Occaecati itaque deserunt aspernatur aut explicabo nulla in non. Omnis sit sint alias consectetur qui voluptatem.','Non soluta et eligendi officiis velit. Consequatur doloremque quos et et eos saepe. Neque omnis aut sed veniam quasi quis. Consequatur quos quod excepturi quis officia quis quis. Repellendus ut est repellat. Eius eius natus corporis qui. Voluptas aspernatur quos eius harum nisi repellat.','PUBLISHED','https://lorempixel.com/800/600/?71655',0,0,21,10,'2019-02-20 15:08:45','2019-02-20 15:08:45'),(190,'Ad et modi voluptas reiciendis nam.','ad-et-modi-voluptas-reiciendis-nam','Nesciunt nihil minus debitis beatae vitae odit. Voluptates beatae corporis totam dolores. Placeat architecto et asperiores tenetur ducimus amet.','Tempora ullam accusantium commodi voluptatem illum esse. Velit quasi dolores id fugit mollitia. Et neque aut ducimus voluptate perferendis. Sit vero vitae ut. Tenetur nam pariatur consequatur beatae corrupti. Dicta aut est dolores in. Officia nostrum unde at harum. Id harum cumque dolores quas eos qui amet. Et necessitatibus ut reiciendis quisquam. Aliquid dolorum numquam beatae repudiandae impedit et.','DRAFT','https://lorempixel.com/800/600/?60832',0,0,2,13,'2019-02-20 15:08:45','2019-02-20 15:08:45'),(191,'Sed iure dolorum.','sed-iure-dolorum','Deserunt quia quod velit. Provident eligendi rem voluptatem qui rem asperiores quia. Modi itaque et ut est ipsam sunt non.','Dolores delectus accusamus at dolores qui. Aut nesciunt omnis est eaque quibusdam. Debitis et sed quia expedita excepturi. Excepturi occaecati corporis quibusdam necessitatibus. Explicabo officia voluptatum deleniti tempora repellendus. Consequatur sunt similique consequuntur. Non temporibus facere est corporis qui excepturi. Laborum quia nobis voluptatem et hic dolor necessitatibus. Vel consectetur qui tempore qui sed. Soluta et ipsam iste unde earum ducimus.','PUBLISHED','https://lorempixel.com/800/600/?32594',0,0,2,3,'2019-02-20 15:08:45','2019-02-20 15:08:45'),(192,'Velit culpa et aut.','velit-culpa-et-aut','Earum quidem est error dicta. Voluptates incidunt qui tenetur quod aut. Porro voluptatem saepe explicabo ut.','Voluptatem sequi ab dolor est. Quas eaque est sunt. Odio consequatur quae ratione rerum tempora aliquam debitis occaecati. Hic velit assumenda sit et illo dolor culpa. Laudantium atque officiis error esse quia neque. Voluptatem aliquam qui est. Magnam molestiae sunt repellendus quam et. Quod aut necessitatibus autem cupiditate qui consequuntur nobis. Eum laudantium in et sapiente dolores est velit sit. Rerum modi eos omnis. Beatae sint ullam sed dolores fuga laborum eos.','DRAFT','https://lorempixel.com/800/600/?57257',0,0,29,17,'2019-02-20 15:08:45','2019-02-20 15:08:45'),(193,'Expedita facere ad.','expedita-facere-ad','Rem esse illum voluptates. Debitis minus deserunt cupiditate sunt asperiores. Voluptatibus sed et omnis accusamus ipsam ut. Praesentium dolores et aspernatur exercitationem natus placeat ipsa.','Molestias eaque voluptatem voluptate est porro placeat eum. Perferendis saepe deserunt neque facere dolorum deleniti. Error molestiae exercitationem nulla possimus et quas corporis. Eos molestiae nam sunt facilis magnam quis. Officiis nihil consectetur delectus et. Asperiores repellendus aspernatur blanditiis laborum sed. Quisquam odio ut aliquam et cum aut. Et impedit et sint et laborum.','PUBLISHED','https://lorempixel.com/800/600/?29009',0,0,26,1,'2019-02-20 15:08:45','2019-02-20 15:08:45'),(194,'Reiciendis et et.','reiciendis-et-et','Modi aperiam quos aut molestiae. Porro odit numquam rem ex. Qui quo totam dolore quo provident doloribus provident.','Cupiditate nemo ut iusto quo magni accusamus nostrum. Fugiat quia necessitatibus veniam hic nulla sint qui sunt. Voluptas accusantium accusantium id non dignissimos nisi ducimus. Voluptas vitae at aut ratione. Et explicabo ipsum laudantium quaerat totam non nisi. Amet ut dolorem dolores repudiandae quibusdam beatae. Aut labore omnis ut dicta aut unde. Voluptatem modi odit nihil adipisci ipsa nihil.','PUBLISHED','https://lorempixel.com/800/600/?96661',0,0,23,1,'2019-02-20 15:08:45','2019-02-20 15:08:45'),(195,'Vitae dignissimos dignissimos.','vitae-dignissimos-dignissimos','Eum molestias assumenda tempora error et minima. Sed odio ut fuga dolor. Voluptatibus consequuntur amet aut odio et expedita sit.','Et repudiandae eligendi magni saepe. A facere magnam ut eos. Ratione repudiandae rerum at nobis nobis. Eaque nisi itaque consequuntur nostrum. Accusamus iste voluptatem molestias. Dolorem blanditiis qui similique tempore ipsam. Est esse molestiae et amet asperiores. Id error temporibus libero facilis facere et doloribus recusandae. Voluptas eum quis voluptatum quos delectus est. Non in ut omnis rerum voluptatem.','DRAFT','https://lorempixel.com/800/600/?10491',0,0,1,10,'2019-02-20 15:08:45','2019-02-20 15:08:45'),(196,'Repellendus id impedit molestiae fugiat ad.','repellendus-id-impedit-molestiae-fugiat-ad','Beatae voluptas perferendis quam aliquid nobis sed ut. Reprehenderit velit quia quia natus dolor. Adipisci dolor qui dolorem.','Modi officiis eum rerum sit temporibus. Tenetur odit doloribus veritatis ut quam aut. Doloribus accusantium repellendus sequi expedita repudiandae. Accusantium totam facere quos vitae. Atque eos dolorem aliquid quis expedita est necessitatibus. Qui autem omnis quis aut dolorem rerum. Voluptas voluptatum sed in id. Blanditiis et magni ullam voluptatum. Sed perspiciatis voluptatem enim incidunt quia.','DRAFT','https://lorempixel.com/800/600/?95838',0,0,7,5,'2019-02-20 15:08:45','2019-02-20 15:08:45'),(197,'Eum consequatur similique et ea.','eum-consequatur-similique-et-ea','Voluptatibus molestiae quam totam est totam. Quisquam iste ut magnam veniam et quaerat eius dolorum. Nihil culpa pariatur odit quo odio possimus.','Nemo velit ut ratione rem consectetur laboriosam. Quas culpa ducimus illo veritatis vel deleniti aliquid. Quisquam molestiae et tempore sint. Impedit laborum sit aut ut quod. Nam explicabo expedita nihil aspernatur et. Aut vel labore odio laboriosam adipisci. Veniam ad illo dolores ut autem dicta vitae. Eum provident ut voluptatem quo sit. Molestias sit necessitatibus aspernatur voluptatem sit. Velit maxime rem velit doloremque modi harum laborum. Et nisi aut dolore a reiciendis quae.','PUBLISHED','https://lorempixel.com/800/600/?89278',0,0,10,1,'2019-02-20 15:08:45','2019-02-20 15:08:45'),(198,'Et excepturi pariatur aut voluptatem.','et-excepturi-pariatur-aut-voluptatem','Autem ipsa alias placeat. Accusamus ea accusamus ipsa adipisci ut quasi praesentium.','Consectetur et corporis aut amet ut impedit id. Quo officiis voluptas deserunt aut quibusdam. Itaque qui corporis soluta nulla autem eligendi ad. Voluptatibus corrupti sed eos placeat expedita ut. Provident cum veritatis rerum. Numquam tenetur cumque nobis. Recusandae qui sit et tempore praesentium molestiae non. Dolor aspernatur et iusto molestiae voluptas.','PUBLISHED','https://lorempixel.com/800/600/?68351',0,0,18,18,'2019-02-20 15:08:45','2019-02-20 15:08:45'),(199,'Recusandae consequatur perspiciatis perspiciatis quos.','recusandae-consequatur-perspiciatis-perspiciatis-quos','Quam soluta non optio et qui. Et dignissimos iste voluptas quibusdam assumenda iste. Quia velit architecto eos ipsum molestiae assumenda.','Dolores in et temporibus dolore necessitatibus. Optio cupiditate placeat quaerat debitis. Doloribus molestiae quae esse ut odit. Nam aut et distinctio quae. Vel non fuga qui numquam. Vel perspiciatis et voluptatem est eligendi provident. Consequatur saepe commodi quaerat ipsum possimus. Voluptatem rem ullam recusandae esse similique. Quod placeat quibusdam ut et voluptatem voluptas rerum. Et natus hic et possimus earum quidem dolor. Consequuntur ut aperiam odit nobis quia suscipit quidem dicta.','DRAFT','https://lorempixel.com/800/600/?86626',0,0,23,18,'2019-02-20 15:08:45','2019-02-20 15:08:45'),(200,'Mollitia voluptatem aspernatur corporis.','mollitia-voluptatem-aspernatur-corporis','Aut neque quae rerum fugit perspiciatis et quibusdam. Ratione corporis quo nam voluptatibus. Aperiam voluptatum vero dolores architecto vitae.','Quam occaecati temporibus quia. Iste id et unde nemo ut. Eos assumenda rerum provident amet vel qui ab. Et autem repellat officia cum. Impedit voluptate vero sed ipsum consequatur. Soluta rerum cum voluptatem sit deserunt. Et unde dicta ipsa quia repudiandae maiores distinctio. Vel aut inventore sunt et autem nobis. Sunt repellendus possimus illo molestias aliquid molestias.','PUBLISHED','https://lorempixel.com/800/600/?51335',0,0,14,14,'2019-02-20 15:08:45','2019-02-20 15:08:45'),(201,'Adipisci nihil aliquid.','adipisci-nihil-aliquid','Laborum inventore consectetur dolores error illo quae. Consequatur similique saepe non dolores omnis nihil. Magni placeat quo reiciendis aspernatur odio aut quo.','In sit dolor minima iusto est recusandae. Omnis similique commodi voluptas debitis dolore aspernatur. Porro cumque vel perferendis. Eos placeat rerum porro enim est natus. Vero quo eius et soluta et et autem provident. Quia maxime quia voluptatem. Doloribus deleniti et sit sunt accusamus blanditiis earum. Est voluptatem similique asperiores eum. Corrupti temporibus expedita porro explicabo. Autem ducimus laborum beatae ex molestias ut consequatur explicabo.','PUBLISHED','https://lorempixel.com/800/600/?77541',0,0,3,18,'2019-02-20 15:08:45','2019-02-20 15:08:45'),(202,'Et voluptatem est unde velit rem.','et-voluptatem-est-unde-velit-rem','Molestiae fuga magni tempora id consequatur. Cum similique sed laudantium error hic. Sit reprehenderit quae modi eius nihil iusto ut magnam.','Repudiandae placeat ex consequatur quia itaque. Amet et impedit possimus nulla et. Sapiente ut illo sunt architecto qui veritatis. Dicta enim quidem quia quod ea quidem necessitatibus aut. Praesentium quia voluptate autem excepturi. In animi occaecati labore nihil. Adipisci et maiores reprehenderit praesentium. Aliquid est consequatur iste explicabo quae. Veritatis exercitationem explicabo est et. Aut et aperiam ab harum consequatur accusamus.','PUBLISHED','https://lorempixel.com/800/600/?91702',0,0,3,16,'2019-02-20 15:08:45','2019-02-20 15:08:45'),(203,'Illum vitae sed rerum nisi.','illum-vitae-sed-rerum-nisi','Blanditiis est distinctio ea. Tenetur et quidem vel neque. Vitae sunt quod nemo ab veniam. Pariatur dignissimos animi et delectus quo optio ipsam odit.','Sit aperiam animi rerum sed et. Molestiae officiis reprehenderit aut sint natus laudantium. Dolorem in ut neque est adipisci dicta aperiam. Deserunt deleniti aut alias. Voluptates ut eaque illo sit cupiditate cupiditate atque. Dicta eum eaque asperiores consequatur. Sit cupiditate est aliquam inventore at ratione.','PUBLISHED','https://lorempixel.com/800/600/?88208',0,0,12,5,'2019-02-20 15:08:45','2019-02-20 15:08:45'),(204,'Est fuga corporis quisquam assumenda repellat.','est-fuga-corporis-quisquam-assumenda-repellat','Praesentium voluptates voluptatem qui ipsum. Est qui et et rerum minima. Totam accusamus eos quod natus officiis non reprehenderit.','Error mollitia est beatae iste odit. Eum soluta neque ipsa ut. Quia molestiae magni ut dolore doloribus. Rem aut deserunt aut. Accusantium velit mollitia odit ipsam veritatis natus aut. Eligendi debitis qui dolor aut nobis magnam. Accusantium dicta repudiandae vitae nobis ex. Vel facilis repellat sapiente laborum. Nesciunt beatae modi rerum laudantium ut modi optio officiis. Nam quos aut corrupti tempora tenetur praesentium quis.','DRAFT','https://lorempixel.com/800/600/?66189',0,0,30,2,'2019-02-20 15:08:45','2019-02-20 15:08:45'),(205,'Doloribus dolorum voluptates rem.','doloribus-dolorum-voluptates-rem','Ut odit cupiditate delectus consequatur aspernatur velit. Beatae et nisi at at totam doloribus. Cupiditate vitae officia qui voluptatem vel.','Hic dignissimos vel quisquam ad nam praesentium. Et similique ut fuga sapiente et distinctio excepturi. Consequuntur ratione molestias quas incidunt natus reiciendis. Magni voluptatem rem dolorum adipisci sed asperiores. Deleniti voluptas ut voluptatem minima ut corrupti. Ut voluptatem rerum corporis sequi ab libero. Vel eum itaque quo ducimus voluptatem necessitatibus. Accusamus enim voluptatem atque nihil deserunt.','DRAFT','https://lorempixel.com/800/600/?63912',0,0,16,19,'2019-02-20 15:08:45','2019-02-20 15:08:45'),(206,'Consequuntur voluptatem aut voluptatem.','consequuntur-voluptatem-aut-voluptatem','Neque rerum dignissimos tenetur et architecto id sapiente. Quia voluptatem velit repellendus blanditiis. Maxime id aut dolorem placeat. Et sed eum itaque consequuntur laboriosam officiis.','Omnis doloribus voluptatem libero commodi repellat. Saepe totam quis est quia. Corporis praesentium ea itaque accusantium minima rem omnis. Officiis voluptas blanditiis facere non. Inventore incidunt molestiae atque sequi qui mollitia. Neque reprehenderit quaerat odio vel repudiandae. Numquam non omnis et quis.','PUBLISHED','https://lorempixel.com/800/600/?27635',0,0,20,15,'2019-02-20 15:08:45','2019-02-20 15:08:45'),(207,'Natus beatae nisi dignissimos.','natus-beatae-nisi-dignissimos','Mollitia in impedit doloremque iure corrupti voluptatem nemo. Et perferendis optio nemo deserunt aut consequatur. Ut ad enim ad dignissimos.','Quod nostrum vero ut qui quae molestias. Nostrum quia voluptates iusto amet. Perspiciatis quae est aut quia ea est ut. Voluptates maxime id molestias hic officia. Aut explicabo sit dolor. Labore et et consectetur excepturi soluta illo. Officia est et consequatur in saepe ratione sit. Sed quidem est omnis voluptatem voluptatem enim sit. Harum quam ut quia dicta minima et hic. Autem ullam et tempora dolor ullam laborum.','PUBLISHED','https://lorempixel.com/800/600/?17869',0,0,26,13,'2019-02-20 15:08:45','2019-02-20 15:08:45'),(208,'Et aliquid est ut hic.','et-aliquid-est-ut-hic','Laboriosam similique voluptas est tempore repudiandae voluptates quos. Ab quia quis voluptas nihil quis. Tempora iusto aut dolorem perspiciatis. Cumque voluptas distinctio numquam aliquid illo.','Ea commodi voluptas molestiae cumque sit labore repellendus. Quas optio ut dolores quas cumque facere vitae reprehenderit. Deserunt labore illum totam dicta. Et aut soluta non molestiae. Et eius omnis facere officiis et similique soluta. Repellendus vero voluptatem sed maiores nihil tempore ipsum earum. Voluptates qui est et et.','DRAFT','https://lorempixel.com/800/600/?41619',0,0,29,5,'2019-02-20 15:08:46','2019-02-20 15:08:46'),(209,'Sit quos facilis alias rerum voluptatibus.','sit-quos-facilis-alias-rerum-voluptatibus','Consequuntur laudantium ut voluptatem laborum et libero blanditiis. Quibusdam voluptates nulla est velit quis laborum.','Qui tempore quo asperiores ullam cumque quae rerum. Repellendus id suscipit sunt natus alias. Minus voluptas cumque velit ducimus modi est tenetur. Et eos consequatur magni excepturi. Est culpa recusandae repellat ut. Labore et dolorem accusamus vitae. Assumenda est distinctio soluta incidunt ea tenetur ut modi. Quo quos dolorum est consectetur temporibus tempora illum.','DRAFT','https://lorempixel.com/800/600/?17246',0,0,10,17,'2019-02-20 15:08:46','2019-02-20 15:08:46'),(210,'Officiis aspernatur placeat sit.','officiis-aspernatur-placeat-sit','Tempore officia repudiandae facere aut omnis. Maxime excepturi ullam molestiae sint repellendus sit tempora. Et in cupiditate vel libero. Quam temporibus quis repellendus qui enim voluptatem iste.','Nobis quia iste maxime molestias omnis aut recusandae. Qui suscipit laborum quae exercitationem dolore. Tenetur aut voluptatem perspiciatis eligendi doloribus quod ullam harum. Optio ratione veritatis laudantium facere hic. Consequatur dicta ipsa dolorem iusto est nihil. Velit consequatur facilis amet at eos similique. Qui et temporibus expedita non praesentium voluptate aperiam. Alias et soluta corrupti quia alias.','PUBLISHED','https://lorempixel.com/800/600/?67675',0,0,14,7,'2019-02-20 15:08:46','2019-02-20 15:08:46'),(211,'Porro deleniti modi.','porro-deleniti-modi','Doloribus cum non dolorem perferendis dolor. Cum autem velit pariatur sint. Ea iure et ut eaque iusto distinctio eaque.','Necessitatibus corporis et officia et vitae rerum nisi. Aliquam aperiam et sit ab tenetur. Eaque a vitae quod vitae dicta eveniet sit cupiditate. Incidunt eligendi eum doloremque similique. Sint culpa ea ea autem ipsam iure et. Veritatis sapiente eveniet blanditiis optio ut facere ducimus. Similique vel a mollitia. Neque quia tempora id. Quod iste hic soluta repellat minus. Non est corporis odio recusandae doloremque officia.','DRAFT','https://lorempixel.com/800/600/?34950',0,0,13,14,'2019-02-20 15:08:46','2019-02-20 15:08:46'),(212,'Officia aut qui sapiente minus incidunt.','officia-aut-qui-sapiente-minus-incidunt','Sequi voluptatem soluta vitae nulla. Provident deserunt repellendus iste ipsum et. Magni ut dolorem nihil vel animi consequuntur voluptatem.','Ducimus doloribus consequatur autem et ut totam officia. Repellat nesciunt eos quis quisquam ipsa nihil. Ipsum sit illo nulla et quisquam. Non eveniet odio vero. Voluptas dolores molestias et. Aliquid doloremque et nostrum a vel voluptatem ullam voluptatibus. Nam voluptatem occaecati sed sint accusamus. Facilis harum molestiae sed consequatur ut enim sunt.','DRAFT','https://lorempixel.com/800/600/?63543',0,0,18,19,'2019-02-20 15:08:46','2019-02-20 15:08:46'),(213,'Nesciunt praesentium asperiores et.','nesciunt-praesentium-asperiores-et','Dolores id fugit quo quisquam repellendus saepe. Saepe doloribus numquam voluptatibus inventore nemo.','Suscipit voluptatem temporibus sunt pariatur voluptatem. Aut eligendi officia placeat blanditiis consequatur quis in. Omnis repellendus numquam labore non. Doloribus hic commodi odio aut tenetur. Perferendis velit ut quo fuga aut nihil velit. Omnis tempora quo eius accusantium error aperiam et exercitationem. Blanditiis qui quia dolor debitis. Aut hic dolor ipsum veniam voluptatem. Accusantium impedit est cum est explicabo architecto laboriosam.','PUBLISHED','https://lorempixel.com/800/600/?21117',0,0,29,10,'2019-02-20 15:08:46','2019-02-20 15:08:46'),(214,'Fugiat accusantium itaque est animi.','fugiat-accusantium-itaque-est-animi','Libero molestiae ipsam architecto dolor sint repudiandae quas. Non non nisi neque. Ipsum unde quibusdam quam. Nostrum reprehenderit atque cupiditate et.','Repellendus numquam velit voluptas natus quo. Reiciendis et et delectus labore explicabo reiciendis sed. Quia doloremque magni qui repudiandae eos quod labore. Nulla qui omnis autem molestias. Mollitia architecto cupiditate voluptatem voluptatem sequi. Ipsam ex eligendi dicta repellendus. Illum possimus cupiditate velit sit mollitia et. Excepturi assumenda est omnis itaque.','PUBLISHED','https://lorempixel.com/800/600/?24556',0,0,5,5,'2019-02-20 15:08:46','2019-02-20 15:08:46'),(215,'Et voluptatibus quisquam id.','et-voluptatibus-quisquam-id','Harum doloribus rerum itaque sed dolores ad. Odit amet illum aut aspernatur. Dolor accusamus suscipit minus et soluta quo est. Quo quae iusto magni impedit ullam.','Et dicta aut est architecto. Ut aperiam perferendis explicabo alias ipsa possimus. Quia dolore ea dolore fugit aut quia. Ut ad ut est aut. Facilis dolor sunt doloremque eligendi. Dolorum unde aut et deleniti debitis. Ipsam sunt reiciendis omnis debitis. Aut aut ducimus itaque tempore sit vitae praesentium. Sequi dolorem id quisquam rerum. Temporibus voluptatem ut quia.','PUBLISHED','https://lorempixel.com/800/600/?65440',0,0,13,10,'2019-02-20 15:08:46','2019-02-20 15:08:46'),(216,'Sed iusto tempora voluptas cumque doloremque.','sed-iusto-tempora-voluptas-cumque-doloremque','Qui eligendi sit sit aliquid cumque aut quia. Quis nisi ratione aut qui ab. Omnis et perferendis ea qui assumenda.','Et qui eveniet ut eveniet consequuntur aspernatur et. Et deleniti error tempora voluptas modi molestias. Iste tempora similique hic incidunt et ut autem. Eum nemo qui sit et. Nam vel nulla id doloremque at. Voluptate et aliquid non unde consequuntur aliquid. Quod et inventore commodi saepe. Ut et non voluptas cum occaecati consequatur nesciunt est.','DRAFT','https://lorempixel.com/800/600/?58077',0,0,7,19,'2019-02-20 15:08:46','2019-02-20 15:08:46'),(217,'Sint porro odio adipisci porro.','sint-porro-odio-adipisci-porro','Vel ut quas rerum facilis. Quia est hic ea laudantium. Cumque et aspernatur rerum facilis necessitatibus. Doloribus fuga assumenda sint sunt maxime.','Illum atque inventore sequi aperiam aperiam molestias. Dolorem ratione explicabo voluptatibus maiores assumenda. Culpa et nihil aut doloremque ut iusto necessitatibus sit. Accusamus commodi quia aut repellat in architecto. Illo voluptas voluptatem est voluptatem qui. Nobis optio labore eos rerum. Animi numquam molestiae omnis dolor repellendus. Sed voluptatem aut neque ea aliquid sequi molestiae. Provident voluptates eum dolorem eos. Natus dolorem dolor at.','DRAFT','https://lorempixel.com/800/600/?25779',0,0,21,4,'2019-02-20 15:08:46','2019-02-20 15:08:46'),(218,'Ipsa sed laudantium.','ipsa-sed-laudantium','Quam soluta hic sint quidem. Voluptas iste aspernatur commodi optio. Modi quia a dolore provident.','Ut tempore tempora molestiae. Unde dolorum voluptatem voluptates est magni numquam ea qui. Rerum eos deserunt provident rerum saepe incidunt est dolores. Culpa non asperiores asperiores delectus est eius. Eos sapiente ipsam omnis saepe. Tenetur dolorem labore molestiae aut vel et nihil. Voluptatibus qui et eaque ipsa. Quod eos doloremque ut. In nesciunt tempora exercitationem qui.','PUBLISHED','https://lorempixel.com/800/600/?71605',0,0,15,6,'2019-02-20 15:08:46','2019-02-20 15:08:46'),(219,'Temporibus dolor sint minima ipsum.','temporibus-dolor-sint-minima-ipsum','Omnis numquam ex dolores reprehenderit similique dignissimos. Consequatur autem ipsa quia nemo illum numquam. Est distinctio voluptatem ex voluptatem consequatur. Non autem modi et dolores.','Sed sit omnis et vitae. Quisquam corrupti et minima eos. Quis laudantium quidem sit iste. Facere corrupti iure ullam dicta vel nulla deleniti. Eaque inventore enim culpa odio. Voluptatem id quia voluptate consequatur. Dolorem quae error qui ab perspiciatis voluptatibus reiciendis. Temporibus a a autem quod accusamus quo enim. Laboriosam enim sint voluptates qui. Dolores eum placeat voluptatem. Quo et ea iusto voluptas.','DRAFT','https://lorempixel.com/800/600/?40931',0,0,8,4,'2019-02-20 15:08:46','2019-02-20 15:08:46'),(220,'Provident rerum quibusdam vitae quia natus.','provident-rerum-quibusdam-vitae-quia-natus','Quam maiores ipsa voluptatem quae aut porro. Consequuntur eos eveniet nihil aut culpa consectetur repudiandae. Eius consequatur quos non omnis.','Perferendis delectus aut voluptatem sed ad sunt minima. Consequatur culpa ipsum porro autem alias. Id alias odit rem consequatur vel et reiciendis iusto. Ab ut aperiam asperiores. Aut occaecati ut ab aut debitis. Maxime voluptas ad hic. Suscipit voluptatem iure veniam adipisci. Aut sed beatae provident nesciunt architecto tenetur. Dolor ipsum consequuntur amet omnis. Nam ea magnam id.','PUBLISHED','https://lorempixel.com/800/600/?90714',0,0,14,6,'2019-02-20 15:08:46','2019-02-20 15:08:46'),(221,'Assumenda impedit consequatur placeat in incidunt.','assumenda-impedit-consequatur-placeat-in-incidunt','Iusto omnis animi qui nobis quaerat et. Aut natus ut qui perferendis sequi deleniti provident. Repellendus et quo quo at. Reprehenderit sequi nam aut molestias et.','Nihil consectetur enim molestiae quae quos ducimus exercitationem. Omnis omnis molestias omnis reprehenderit nisi veniam vitae. Expedita asperiores magnam facilis est fugiat consequatur rerum. Necessitatibus aut iste et recusandae. Atque voluptas eius sed optio est. Molestiae nihil corporis dolor debitis quos.','PUBLISHED','https://lorempixel.com/800/600/?59240',0,0,30,11,'2019-02-20 15:08:46','2019-02-20 15:08:46'),(222,'Exercitationem fuga eius magnam porro.','exercitationem-fuga-eius-magnam-porro','Eos qui voluptates repudiandae quia laborum eos qui. Eius voluptates repudiandae quibusdam quo fuga hic. Aut necessitatibus dolor vitae dignissimos eligendi voluptatem soluta modi.','Inventore explicabo quia dignissimos nesciunt dolores sint quod. Nam aliquam minus praesentium et placeat recusandae. Molestiae minus laborum hic. Ea quibusdam autem omnis a possimus. Est laboriosam earum nisi. Et commodi aliquam et eius corrupti eum sequi. Nulla modi tempora id est et quia alias. Quo consectetur ut esse consequatur voluptatem neque.','PUBLISHED','https://lorempixel.com/800/600/?87532',0,0,16,10,'2019-02-20 15:08:46','2019-02-20 15:08:46'),(223,'Illo corporis vero.','illo-corporis-vero','Dolore quae corporis nobis iste ut quia. Quaerat illo quae magnam libero quo nam qui.','Optio veritatis libero qui accusantium. Rem nostrum enim libero doloribus hic. Quo non esse cumque maiores repellat quos ea. Voluptatem dolor et illo voluptas et est. Est beatae a amet consequatur iure. Suscipit itaque ratione ex ex eum dignissimos. A et excepturi culpa non quod et harum. Et omnis et consectetur delectus. Iusto saepe maxime labore pariatur voluptatibus voluptatum at dolorem.','DRAFT','https://lorempixel.com/800/600/?60571',0,0,19,11,'2019-02-20 15:08:46','2019-02-20 15:08:46'),(224,'Quidem error nemo omnis similique odit.','quidem-error-nemo-omnis-similique-odit','Natus accusamus veritatis ut sequi fugit sapiente. Aut enim hic accusamus numquam praesentium numquam. Sit saepe amet dolorem recusandae inventore quae.','Voluptates perferendis officiis commodi aliquam autem et at facilis. Sunt quae quidem culpa omnis fuga ut. Ducimus eum repudiandae dolor sunt consequatur. Omnis fugit alias molestiae commodi est. Reiciendis quos enim sit magnam earum numquam. Rerum culpa eos aut aut. Rerum aut perferendis distinctio unde iure. Fuga culpa ex laudantium qui pariatur. Inventore non eius ducimus facere ut autem a. Illum labore esse illo aut. Doloremque aut et sit consequuntur sapiente.','DRAFT','https://lorempixel.com/800/600/?38925',0,0,7,7,'2019-02-20 15:08:46','2019-02-20 15:08:46'),(225,'Porro ratione et animi quasi.','porro-ratione-et-animi-quasi','Eaque dolores odit omnis omnis. Aliquid harum repellendus rerum. Consequuntur placeat saepe enim mollitia. Omnis dolorem qui ipsa autem hic reprehenderit id.','Rerum ut neque magni sint pariatur occaecati doloribus. Illum consequatur temporibus odit aliquam. Reprehenderit a officiis vel eius. Ea aut inventore eum et doloribus cupiditate. Quam eum expedita optio est deleniti ut quia explicabo. Ad et necessitatibus quos praesentium possimus autem eos. Qui tenetur perspiciatis similique ut omnis praesentium maxime. Et iste laudantium aperiam officia natus commodi necessitatibus eaque.','DRAFT','https://lorempixel.com/800/600/?30194',0,0,3,8,'2019-02-20 15:08:46','2019-02-20 15:08:46'),(226,'Omnis autem consequatur eveniet et nobis.','omnis-autem-consequatur-eveniet-et-nobis','Assumenda officia quae quia qui. Repellat illo est quia velit beatae culpa. Quas id quas aut dolor dolore a. Quos est tempora totam quis vitae et.','Inventore ab ipsum recusandae enim. Unde et ad et. Labore nemo neque enim quo sed. Eaque minus error consequatur alias vel hic. Id non et dolorem. Esse nobis repudiandae repellendus enim et. Facilis a et velit facere. Dignissimos quae expedita id rerum possimus sed. Labore officia nihil corrupti itaque ut quisquam. Magnam ut ducimus sequi qui quo aliquid ut. Eos tempore quia officia ut illum dolores quidem molestiae.','DRAFT','https://lorempixel.com/800/600/?19337',0,0,15,14,'2019-02-20 15:08:46','2019-02-20 15:08:46'),(227,'Omnis qui ducimus dolore non.','omnis-qui-ducimus-dolore-non','Laboriosam facere explicabo beatae est necessitatibus nostrum consequatur. Commodi voluptates soluta quo sapiente delectus ullam. Maxime nesciunt suscipit quis quia qui.','Qui et dolor tempore nisi libero et. Provident perspiciatis provident adipisci dolore laborum. Officia nihil et et. Consequatur sed animi quidem possimus. Quam architecto error vel excepturi dolor. Harum ut a aut qui tempore qui quos. Blanditiis ad voluptatum dolorem harum culpa optio. Voluptatibus quas eum aliquam et ea impedit. Autem magni magni molestiae magnam commodi. Repellat magni a non earum eum accusantium. Dolor vitae aut earum sunt dolor praesentium ratione qui.','DRAFT','https://lorempixel.com/800/600/?84305',0,0,17,15,'2019-02-20 15:08:46','2019-02-20 15:08:46'),(228,'Inventore numquam maiores.','inventore-numquam-maiores','Est excepturi reprehenderit veniam rerum eveniet quis. Et sint repudiandae quia esse. Ut nihil repudiandae deleniti sit fuga qui. Aliquid laudantium ex neque sequi sint voluptate.','Commodi vel facilis ipsam beatae dolor ad. Maxime sint ea nemo illum sit. Dolorem voluptatem sit omnis voluptates et accusamus. Dicta sit temporibus architecto sint mollitia ipsa. Quo cupiditate sapiente voluptatum inventore. Quo labore quam assumenda eius est repellat. Rerum velit nulla non est maiores consectetur sapiente. Et eos officia magnam magnam maiores et pariatur sed. Rem atque debitis enim voluptas et odio accusantium. Quia voluptatem dolorem illo.','DRAFT','https://lorempixel.com/800/600/?31686',0,0,11,11,'2019-02-20 15:08:46','2019-02-20 15:08:46'),(229,'Eos soluta amet iusto.','eos-soluta-amet-iusto','Ipsum culpa voluptas est minima aut iste odit. Voluptatem rerum hic explicabo enim incidunt. Saepe non expedita nam molestiae sit veritatis voluptas. Nisi mollitia dolor deleniti eveniet.','Ab voluptatibus unde vero ullam nostrum et. Iste harum et qui voluptatibus iste aut incidunt soluta. Quia possimus ea consequatur eaque. Tempore nesciunt rem voluptas facilis assumenda. Reprehenderit accusantium molestiae id reiciendis dolorem aperiam. Provident pariatur nisi enim reiciendis accusamus non. Et et facilis mollitia et eos.','DRAFT','https://lorempixel.com/800/600/?96744',0,0,13,14,'2019-02-20 15:08:46','2019-02-20 15:08:46'),(230,'Aut veniam rerum amet.','aut-veniam-rerum-amet','Harum sapiente accusamus occaecati. Amet qui consequatur fugiat esse qui qui. Totam praesentium rem ut quod autem at rerum corrupti.','Dolor omnis delectus esse similique possimus eius reiciendis unde. Aut distinctio molestiae blanditiis necessitatibus autem aliquid corrupti. Aut corporis suscipit ut itaque qui dolores deserunt. Qui sed praesentium autem qui. Rerum nisi blanditiis magnam et harum officiis voluptas. Repellendus perspiciatis incidunt sunt vel aut commodi et. Non qui dignissimos aut mollitia iusto ex. Repellendus quia aperiam possimus magnam consequatur corrupti nulla.','PUBLISHED','https://lorempixel.com/800/600/?49378',0,0,18,15,'2019-02-20 15:08:46','2019-02-20 15:08:46'),(231,'Sint id non iusto illum et.','sint-id-non-iusto-illum-et','Voluptatum cumque et quasi harum dolores neque ut. Necessitatibus hic vero quidem iusto fugit. Sit quos et eum neque veniam ut. Ipsam et repellat perferendis pariatur.','Atque tempora odio exercitationem alias aliquid cupiditate mollitia corrupti. Assumenda ad aliquam accusamus rerum architecto. Velit consequatur voluptatem ipsum. Iure enim qui molestiae amet consequatur sit aliquid. Sint porro similique cum quos totam eum omnis sequi. Nostrum tenetur enim ea nemo voluptas sit. Debitis odio excepturi enim vitae dolorem hic id. Aliquid illo maiores saepe vero corporis. Nam aut ut qui aut adipisci quae facere doloribus.','PUBLISHED','https://lorempixel.com/800/600/?37291',0,0,9,3,'2019-02-20 15:08:46','2019-02-20 15:08:46'),(232,'Qui occaecati laborum sit provident sequi.','qui-occaecati-laborum-sit-provident-sequi','Dolorem nesciunt voluptate et deleniti reprehenderit. Assumenda itaque quibusdam nobis dolorem. Est minima est dolorum voluptates.','Voluptate sed nam odit cum voluptates. Corporis ratione labore tempore. Reiciendis est eum voluptas autem illum. Et hic aut quod mollitia consequatur laudantium est ut. Asperiores mollitia aliquid cumque. Dolore minima eos debitis deleniti perferendis. Incidunt qui velit in eligendi soluta ipsam architecto. Expedita porro vel voluptatem possimus quo. Veniam in aut et dolorem.','DRAFT','https://lorempixel.com/800/600/?23137',0,0,6,11,'2019-02-20 15:08:46','2019-02-20 15:08:46'),(233,'Rem sit nulla aut.','rem-sit-nulla-aut','Harum incidunt officia voluptatum et dolor. Odio esse corrupti deserunt voluptatem. Provident est culpa culpa eveniet doloremque reprehenderit. Accusantium ut consectetur enim debitis ut vero.','Quod a sint atque expedita nam. Magni veritatis aperiam eum voluptatum ducimus. Nesciunt autem non voluptatem. Aliquam a modi quisquam saepe quia natus quia. Laboriosam quia laudantium delectus quasi eaque. Perferendis assumenda ea itaque neque consequuntur. Dolor est labore dolor ut. Minus voluptatum exercitationem odio fuga dolorem perspiciatis ratione. Dolores ut natus quidem praesentium. Nulla quo ut amet enim soluta molestias eos ea.','DRAFT','https://lorempixel.com/800/600/?42476',0,0,22,6,'2019-02-20 15:08:46','2019-02-20 15:08:46'),(234,'Sunt officia et exercitationem ipsum.','sunt-officia-et-exercitationem-ipsum','Dolores dolor quisquam molestias qui modi fugit. Nostrum et velit sint est quam dolorem. Vitae praesentium deserunt consectetur ut alias nisi. Fugiat molestias similique eum in.','Vel omnis tempora explicabo explicabo nisi. Non vitae sed assumenda qui maxime non et. Rerum commodi ullam tempore vel. Molestiae necessitatibus sit nobis facilis. Et aut odio esse esse est nobis. Adipisci culpa dolorum et aperiam ipsa molestias. Aut perspiciatis dolor quibusdam consectetur. Aperiam aut rem occaecati voluptate explicabo. Veritatis recusandae molestiae fugit doloribus inventore aut.','DRAFT','https://lorempixel.com/800/600/?32493',0,0,8,14,'2019-02-20 15:08:46','2019-02-20 15:08:46'),(235,'In qui ut ut ea et.','in-qui-ut-ut-ea-et','Autem earum a repudiandae similique non. Dolorum molestiae eveniet dignissimos et voluptates vero dolorum. Voluptates nihil dolorem laboriosam saepe.','Molestiae eum dolor illo veritatis praesentium. Et porro eveniet quos praesentium. Ex in voluptas laborum a impedit est incidunt. Nostrum autem nisi sunt. Repellendus et et nisi dolor totam. Qui nihil illum omnis maxime asperiores doloribus incidunt aspernatur. Blanditiis a nisi aut qui libero nobis. Sint occaecati eligendi incidunt alias. Rem temporibus consequuntur rerum voluptatem neque a ut. Vitae consequatur explicabo eum quis molestiae fugit nulla. Vel doloremque quo sint.','PUBLISHED','https://lorempixel.com/800/600/?24143',0,0,17,14,'2019-02-20 15:08:46','2019-02-20 15:08:46'),(236,'Consequuntur nulla saepe corrupti.','consequuntur-nulla-saepe-corrupti','A velit harum quam quo voluptate. Delectus quaerat doloribus ipsa labore in rerum eligendi sit. In quia assumenda est ut. Quia quis dolore laudantium ex.','Sed aut veritatis consequatur modi. Ratione animi magni voluptates quasi autem facilis dolores. Id animi velit corporis adipisci et. Eligendi nostrum porro aut aliquam officia ut sunt. Voluptatum suscipit voluptatem iure sunt ab est voluptas ullam. At quibusdam deleniti reprehenderit nulla provident sequi. Harum nulla voluptates ea rem voluptate consectetur minus. Molestiae voluptatum rerum ut harum.','PUBLISHED','https://lorempixel.com/800/600/?21067',0,0,10,15,'2019-02-20 15:08:46','2019-02-20 15:08:46'),(237,'Architecto non id laborum et.','architecto-non-id-laborum-et','Voluptates impedit eius qui ea tempora. Deleniti nesciunt tempore cumque dolor.','Veritatis qui error eos porro nobis eos aperiam. Incidunt qui quidem repellat voluptatum asperiores architecto. Ut molestiae pariatur ut incidunt. Est dolor magni consequatur ut culpa dolor minima. Et similique magnam quis itaque cumque est consequatur. Non totam doloremque porro. Quod ut suscipit eveniet perferendis excepturi. Quis omnis sunt ut est sint maxime. Laboriosam consequuntur velit animi aliquid hic.','DRAFT','https://lorempixel.com/800/600/?97435',0,0,8,13,'2019-02-20 15:08:46','2019-02-20 15:08:46'),(238,'Et beatae sit et quod.','et-beatae-sit-et-quod','Adipisci accusantium magni tenetur molestiae. Recusandae eos accusantium consequatur. Natus vel quaerat voluptate. Eum dolorum voluptate ducimus qui quas et iste.','Voluptatem ut error accusantium facilis et. Explicabo cum exercitationem aperiam illum aut adipisci quia. Iusto quia maxime ut. Soluta repellat quia ab ullam eaque molestiae assumenda. Exercitationem praesentium sit nulla et voluptates aliquid. Quia quaerat aut in praesentium. Est quidem velit similique blanditiis aliquid maiores. Voluptatem iusto ex iure distinctio aut. Voluptatum illum modi dolorum deserunt eum.','PUBLISHED','https://lorempixel.com/800/600/?96348',0,0,24,19,'2019-02-20 15:08:46','2019-02-20 15:08:46'),(239,'Et sit eligendi dolorum aut dignissimos.','et-sit-eligendi-dolorum-aut-dignissimos','Dicta vero est distinctio assumenda non. Tempore quis tenetur at sit autem ut. Velit aut quidem at. Dignissimos excepturi vero sed qui quas sequi quia.','Aspernatur repudiandae qui nostrum voluptatibus necessitatibus nobis. Adipisci sint sed id deserunt autem et iusto deserunt. Omnis nobis voluptatem blanditiis tempore. Aut enim et est voluptas. Ut aut sapiente facere qui ducimus eos consectetur ad. Repellat molestias ea sed necessitatibus dolorem. Repellat modi nulla voluptatem quidem dignissimos. Dolorem voluptatem accusamus ab dolores. Corrupti est consequatur quia aspernatur sit eum.','DRAFT','https://lorempixel.com/800/600/?49216',0,0,27,20,'2019-02-20 15:08:46','2019-02-20 15:08:46'),(240,'Incidunt libero atque dolorum.','incidunt-libero-atque-dolorum','Fugit et fuga quia inventore dignissimos. Aut ipsum cum error nobis. Et nam hic in voluptatibus qui qui ab. Aperiam aut ut omnis similique rerum sit delectus.','Quibusdam atque quis nesciunt sit necessitatibus. Omnis cumque eligendi neque alias. Maxime iusto dignissimos soluta perspiciatis sunt omnis. Omnis rerum alias atque consequatur ducimus quia qui repellendus. Aperiam voluptatibus quam in veritatis et laudantium. Dolorum beatae aut est velit voluptatibus repudiandae dolores. Vel officia occaecati ea voluptas ut quam nemo voluptatibus. Quas ad quas possimus et et. Eos placeat et ut quae inventore natus sapiente.','DRAFT','https://lorempixel.com/800/600/?92224',0,0,14,7,'2019-02-20 15:08:46','2019-02-20 15:08:46'),(241,'Vero veritatis nisi magni id.','vero-veritatis-nisi-magni-id','Nemo iusto reiciendis quod ut laborum. Eos ut quidem sequi excepturi. Voluptas tenetur magni consequuntur dolor rem. Omnis in ullam praesentium.','Aut eveniet eos quis quo. Iure pariatur tenetur unde deleniti. Optio impedit laudantium ad. Maxime eligendi voluptatem dolorum voluptatem ipsa. Vitae eius vel odit. Est id at tenetur non sequi. Quisquam non sint atque cum. Quae esse excepturi non aut minus deleniti quasi. Et et veritatis maxime incidunt rem nisi molestias.','DRAFT','https://lorempixel.com/800/600/?41799',0,0,25,18,'2019-02-20 15:08:46','2019-02-20 15:08:46'),(242,'Cum sed sint.','cum-sed-sint','Repudiandae fuga animi voluptates eaque ea fugit. Est quia neque possimus voluptatibus. Eum officia enim quo libero assumenda.','Molestias quas et quasi ipsum. Fugiat vel vel similique dignissimos et et. Doloribus voluptas explicabo sed rerum. Suscipit qui rerum tenetur sit aut qui fugiat. Corrupti voluptatibus quidem neque quae quibusdam incidunt beatae. Sint quae tenetur quasi laborum. Optio doloribus nostrum quo. Quae doloribus aut enim quae dolores ut dolorum. Nulla eum placeat sed et.','PUBLISHED','https://lorempixel.com/800/600/?99407',0,0,1,16,'2019-02-20 15:08:46','2019-02-20 15:08:46'),(243,'Eum sint dignissimos hic deleniti ut.','eum-sint-dignissimos-hic-deleniti-ut','Quos aut rerum a similique laudantium et. Dolor iure sunt deleniti reprehenderit sit est ad cum. Vitae quidem mollitia explicabo odio voluptatibus. Voluptatem porro aperiam omnis vero.','Labore facere velit autem suscipit. Corporis et sint blanditiis atque quaerat cupiditate. Fugiat aspernatur eos enim ex voluptatem ratione tenetur. Eligendi labore vel nesciunt assumenda rerum. Qui amet error veritatis illum et quas. Consequatur dolorem alias accusantium molestias et. Non rerum possimus est quae laborum eius repellat. Ullam eum impedit quasi doloribus debitis veniam iste. In sit inventore aut dicta sit ut deserunt.','PUBLISHED','https://lorempixel.com/800/600/?57754',0,0,13,5,'2019-02-20 15:08:46','2019-02-20 15:08:46'),(244,'Nostrum perferendis pariatur consequatur.','nostrum-perferendis-pariatur-consequatur','Dicta laborum quo dolor fugiat sequi quia. Ullam voluptatibus qui sit possimus qui dolorum. Voluptatibus id consequatur aut iusto voluptates est hic. Quo libero voluptate a.','Sit voluptatum ipsa minima rerum libero. Aut est accusantium placeat laborum illo. Ut illum nihil ut provident. A doloremque aut iste unde. Tenetur voluptas esse expedita consectetur animi eos. Sint sed sed illo impedit.','PUBLISHED','https://lorempixel.com/800/600/?26186',0,0,11,3,'2019-02-20 15:08:46','2019-02-20 15:08:46'),(245,'Vitae reiciendis aspernatur qui et.','vitae-reiciendis-aspernatur-qui-et','Quia occaecati aliquid autem necessitatibus et et. Natus reprehenderit dignissimos laudantium repellendus placeat quod eligendi. Nobis soluta sequi molestiae aut.','Est et et consequatur sapiente fugiat. Autem exercitationem harum consequuntur. Aspernatur id voluptas inventore magnam sed animi. Est consequatur non mollitia ullam amet voluptas nemo doloremque. Laudantium quo fugiat consequatur unde et voluptatibus. Eveniet facere harum est tenetur officia debitis soluta mollitia. Natus qui consequatur expedita molestiae voluptas.','PUBLISHED','https://lorempixel.com/800/600/?89272',0,0,5,11,'2019-02-20 15:08:47','2019-02-20 15:08:47'),(246,'Et cupiditate esse excepturi.','et-cupiditate-esse-excepturi','Doloribus debitis molestiae id deserunt cum aliquam. Temporibus aliquid aut tempore sint illum aut qui. Illo voluptatum doloribus et omnis ad error sint.','Qui cum maiores ut ea. Et molestiae eum praesentium quo magni. In dolorem aliquam voluptatibus quia in. Voluptate ipsum cum nulla. Consequatur sequi consequuntur inventore quasi quia ut. Iure itaque impedit voluptatem deleniti. Et perspiciatis impedit eos. Architecto aliquid atque ut similique. Enim at quo eum fuga iusto non. Nihil quibusdam molestiae ipsam temporibus fugiat. Velit blanditiis minima reiciendis dolorum labore rerum numquam exercitationem.','DRAFT','https://lorempixel.com/800/600/?88891',0,0,6,8,'2019-02-20 15:08:47','2019-02-20 15:08:47'),(247,'Ipsum nisi ut rerum sed.','ipsum-nisi-ut-rerum-sed','Eius odit non aut et maxime nemo. Expedita illo aut animi ipsam corrupti dolores magnam illum. Libero accusantium eum blanditiis fuga. Nesciunt ipsa et voluptatem possimus saepe.','Est labore quos nam enim. Consectetur voluptas voluptatem impedit quas. Quae distinctio facilis veniam consectetur cum cupiditate. Quis unde dolorem ullam quisquam ut accusantium sunt. Eum non ratione aut. Qui ea vel sed ut nesciunt rem non. Eaque rem repellat doloremque optio eveniet. Reiciendis saepe illum blanditiis ea voluptate itaque. Ratione itaque illum nostrum ullam. Soluta dolorum error ut adipisci nam minima ut iste.','DRAFT','https://lorempixel.com/800/600/?90765',0,0,8,7,'2019-02-20 15:08:47','2019-02-20 15:08:47'),(248,'Tempore amet alias est laboriosam.','tempore-amet-alias-est-laboriosam','Eum illo sint consequuntur quaerat corporis dicta sit. Ea nesciunt corrupti et voluptas aut. Sit sequi nostrum ratione quos. Voluptates rerum aliquid ducimus voluptatem in et et quas.','Necessitatibus sint eius qui. Fuga delectus reiciendis dolorum cum ut doloremque quidem. Distinctio aut velit laborum quos. Corporis ut consequatur velit. Quo voluptas voluptatem earum aut et ut dolores. Dolore numquam labore ut voluptatum nisi voluptas qui. Placeat dolores deserunt exercitationem laudantium cumque id nostrum. Fugit et laboriosam nihil quis nihil quidem aut.','PUBLISHED','https://lorempixel.com/800/600/?84209',0,0,15,5,'2019-02-20 15:08:47','2019-02-20 15:08:47'),(249,'Corrupti voluptatem maiores explicabo ducimus commodi.','corrupti-voluptatem-maiores-explicabo-ducimus-commodi','Rerum ex porro voluptatibus doloribus iusto ea. Rerum rerum ducimus totam tempora mollitia. Quisquam deserunt molestiae cupiditate sed. Temporibus maxime delectus quia sint enim.','Iure labore non dolorum asperiores optio qui. Magnam voluptatem porro repellat aliquid unde. At alias assumenda sint dignissimos hic veritatis et voluptatibus. Et consectetur facere voluptates. Voluptas fugit tempore corrupti qui sit enim. Minus nostrum explicabo inventore consequatur et ut rerum quam. Veniam sint aut ea esse. Quo temporibus nemo aut iure rerum iure. Sed eaque exercitationem voluptatibus fugiat quidem quo laudantium quibusdam.','DRAFT','https://lorempixel.com/800/600/?23329',0,0,23,15,'2019-02-20 15:08:47','2019-02-20 15:08:47'),(250,'Soluta enim in quibusdam eaque nobis.','soluta-enim-in-quibusdam-eaque-nobis','Laboriosam tempora tempora quia molestiae dolores debitis eligendi. Tempore quia est et nemo eos. Et et ut fugiat accusamus laboriosam sequi et aut. Deserunt porro asperiores cupiditate culpa.','Quia et asperiores quasi. Consectetur facilis vitae sit in. Et saepe repellat sed consequatur modi est eum. Aliquid fuga rerum possimus est sint eius. Omnis repudiandae rerum error nam. Velit vel voluptas sunt. Enim incidunt impedit nobis nobis. Illum quam rerum libero officia quis rerum dolores. Nisi ipsum amet porro odit qui. Fugit qui officia totam occaecati. Odio inventore quae explicabo. Est perferendis at et corporis quia. Omnis optio vel hic molestiae hic cum ad. Et facere expedita ut.','PUBLISHED','https://lorempixel.com/800/600/?48807',0,0,25,18,'2019-02-20 15:08:47','2019-02-20 15:08:47'),(251,'Et nemo earum aut.','et-nemo-earum-aut','Dignissimos rerum ab inventore. Excepturi deserunt quae qui incidunt. Et non at in sit sunt. Iusto veniam amet nemo est beatae fugit nesciunt et. Modi quia omnis ducimus sed dolores at est.','Ut neque natus nesciunt aliquid. Doloremque consequuntur aperiam laborum laborum voluptas similique aut. Ipsum unde modi quae fugiat est. Perspiciatis quas repellendus maiores est alias. Corporis rem sit cupiditate fugiat veritatis labore. Rerum nobis ex ratione accusamus id fugit earum. Et nam quas dolores. Quia delectus accusamus quis.','DRAFT','https://lorempixel.com/800/600/?48327',0,0,12,11,'2019-02-20 15:08:47','2019-02-20 15:08:47'),(252,'Velit illum et quia sunt.','velit-illum-et-quia-sunt','Voluptatibus dolor deserunt fugit ea et necessitatibus nobis optio. Modi voluptatem ipsam est consequatur illo. In consequatur sed eos repellendus at.','Nulla tempora non in unde et accusamus ea et. Qui autem vero ut similique inventore. Non facere omnis id recusandae. Tenetur quas aspernatur voluptatem nihil voluptatem. Nobis commodi omnis incidunt optio tempore nisi. Esse vel commodi exercitationem. Eum repellat ut dolorum quis. Optio omnis et aut. Voluptatum hic architecto ea. Ullam ut quis est ipsa. Fugiat nobis est libero sint tempora reiciendis. Corrupti ea nobis nisi et. Eum animi modi vel. Provident optio quo eius.','PUBLISHED','https://lorempixel.com/800/600/?55466',0,0,8,9,'2019-02-20 15:08:47','2019-02-20 15:08:47'),(253,'Exercitationem excepturi saepe ipsam officia autem.','exercitationem-excepturi-saepe-ipsam-officia-autem','Velit rem non minima sunt sit. Est veritatis dolorem odit aut nisi repellendus. Consectetur ad sint quas neque animi.','Molestias consequatur qui rerum ducimus odit vel quaerat sint. Molestiae a sint eaque impedit doloribus. Qui et veritatis vitae. Commodi officiis provident libero expedita magnam illo unde. Beatae perspiciatis dolores quis non. Dicta esse consequatur aut odio doloribus. Minus architecto eos adipisci commodi excepturi ut.','PUBLISHED','https://lorempixel.com/800/600/?88647',0,0,19,16,'2019-02-20 15:08:47','2019-02-20 15:08:47'),(254,'Aut deleniti facilis sint deleniti perspiciatis.','aut-deleniti-facilis-sint-deleniti-perspiciatis','Commodi labore sint ad aliquam molestiae sit quia. Quas aut aspernatur perspiciatis odit rerum.','Ut quidem sit iusto et. Qui ea ducimus sint illo eum qui quaerat. Laboriosam qui quam consequatur ipsum harum quis qui. Sit quam velit et et unde. Voluptas accusamus quis vel excepturi temporibus. Distinctio animi tempore minima atque id sint. Autem quos ullam qui cupiditate quisquam impedit. Delectus voluptatem ut sunt qui. Delectus molestias itaque quia quaerat omnis iure. Asperiores excepturi dicta occaecati voluptatibus aut earum. Nostrum deleniti reiciendis praesentium in.','PUBLISHED','https://lorempixel.com/800/600/?84382',0,0,28,13,'2019-02-20 15:08:47','2019-02-20 15:08:47'),(255,'Qui distinctio officia sed et.','qui-distinctio-officia-sed-et','Aut cumque doloribus voluptatem voluptas non praesentium qui. Libero reprehenderit dolores molestias animi. Accusantium unde labore et saepe et.','Quasi ut exercitationem voluptas est dolores amet accusamus. Et nisi exercitationem et quibusdam. Quia voluptatum sit nobis dignissimos ea blanditiis. Recusandae iste deserunt ut tempore exercitationem. Ut minima quia qui quis odit. Sint doloremque quis eos nam omnis. Quidem officia aut aperiam quia nostrum expedita maiores. Et fugit cupiditate libero accusantium temporibus et iusto.','DRAFT','https://lorempixel.com/800/600/?62908',0,0,25,13,'2019-02-20 15:08:47','2019-02-20 15:08:47'),(256,'Quo est vel eligendi molestiae.','quo-est-vel-eligendi-molestiae','Delectus inventore quia odit dolores explicabo maxime. Magnam quo corrupti occaecati facere quos harum et. Aut natus necessitatibus eos est ut ducimus similique. Vitae totam atque eum nostrum.','Dicta inventore ut ea cupiditate vero qui. Quae quaerat magni dolores. Eius doloribus eos cumque et iusto soluta minus. Aut aut culpa recusandae dolore. Tempora voluptatum corporis iure libero et laboriosam fugit voluptatum. Cupiditate porro non sunt sint mollitia non voluptatum. Rem facilis odit consequatur eos. Vitae iusto incidunt vitae nesciunt sit aperiam aut. Tempora magnam aut at sunt sed aspernatur sit.','DRAFT','https://lorempixel.com/800/600/?64873',0,0,10,16,'2019-02-20 15:08:47','2019-02-20 15:08:47'),(257,'Consequatur et nostrum rerum est.','consequatur-et-nostrum-rerum-est','Qui in fugiat quod ea sed. Vel esse ut minima laudantium qui iure laboriosam. Necessitatibus quasi perferendis laboriosam magni.','Illum eum in facilis illum. Qui voluptates dolorem occaecati et aut. Harum id est ex debitis et molestiae perspiciatis. Ut aut aliquam officiis iusto. Sunt repellat ipsam eum quae expedita alias ut. Veniam ut fugit ea possimus. Temporibus quia dolores ut cumque qui. Nostrum excepturi voluptates sed modi magni ipsum natus. Iusto voluptatem est ipsa dolores.','DRAFT','https://lorempixel.com/800/600/?37213',0,0,1,5,'2019-02-20 15:08:47','2019-02-20 15:08:47'),(258,'Impedit ad repellendus.','impedit-ad-repellendus','Tempora dolorem sunt eum aut veritatis nostrum vel. Sit doloribus placeat sit architecto. Laudantium aut molestiae qui consequatur repudiandae.','Et dicta delectus et. Velit porro vel culpa numquam. At dolorum repellat hic adipisci incidunt. Ea veniam omnis nisi et adipisci. Corporis autem sint in quis. Magnam molestiae ipsum quibusdam nobis nihil. Sint repellendus eaque cupiditate est debitis voluptates velit. Neque ullam aut distinctio officiis. Error quasi illo veritatis quia ex. Ipsa veritatis nihil et reiciendis et deleniti et sit.','DRAFT','https://lorempixel.com/800/600/?54448',0,0,7,13,'2019-02-20 15:08:47','2019-02-20 15:08:47'),(259,'Consequatur similique earum cumque.','consequatur-similique-earum-cumque','Ut est eos odit eum doloribus rerum est. Ipsam aut qui ipsum perspiciatis voluptatibus ipsa quia.','Voluptatum non sunt alias quos. Sed id dolores sit quia. Cumque eligendi quasi eaque sed nihil perspiciatis. Eum aperiam delectus error architecto id. Doloremque ipsum ducimus aperiam ducimus. Ex dignissimos impedit in eum consequatur. Tempora et et consectetur debitis fugit dolores. Ut numquam qui ut quis facilis aliquid. Autem quaerat rerum ullam aspernatur.','DRAFT','https://lorempixel.com/800/600/?98233',0,0,27,14,'2019-02-20 15:08:47','2019-02-20 15:08:47'),(260,'Distinctio nulla ab.','distinctio-nulla-ab','Voluptatum non sed amet qui. Perspiciatis quo fuga provident maxime. Deleniti nihil aut distinctio temporibus officiis est occaecati odit.','Qui distinctio quo quae et quia dolore eum. Dolor maiores veritatis incidunt laboriosam. Nostrum quae impedit nisi aut facere quia. Minima perspiciatis facilis rerum at eligendi fugit occaecati. Qui tempora voluptatem voluptatibus quaerat nisi velit laborum. Sunt voluptatibus laborum aspernatur unde molestias.','DRAFT','https://lorempixel.com/800/600/?36861',0,0,19,16,'2019-02-20 15:08:47','2019-02-20 15:08:47'),(261,'Dicta amet aliquam corrupti perspiciatis amet.','dicta-amet-aliquam-corrupti-perspiciatis-amet','Magni sapiente et laborum blanditiis voluptatem. Eum qui labore perspiciatis molestiae debitis sit. Nostrum quia ea nostrum voluptas.','Minima sequi magni exercitationem consequatur deleniti. Pariatur soluta asperiores aspernatur non totam. Quod aliquam ad dignissimos. Debitis nemo culpa aut similique. Et dolorem soluta totam nihil repellat ratione. Dolorem odit voluptas minus quaerat sit at nihil. Nisi est ducimus excepturi dolorum mollitia ut voluptas.','PUBLISHED','https://lorempixel.com/800/600/?57573',0,0,18,6,'2019-02-20 15:08:47','2019-02-20 15:08:47'),(262,'Velit ex vel incidunt totam nihil.','velit-ex-vel-incidunt-totam-nihil','Veritatis adipisci dignissimos velit vitae. Vitae velit sed qui voluptatem fuga et eligendi. Dicta voluptas voluptatibus aperiam sunt soluta. Omnis adipisci reprehenderit nemo sed rem.','Adipisci et eveniet doloribus dolorum soluta. Aliquid enim ea voluptatem quo ex reprehenderit hic. Est repellendus et quia magnam. Ut aut molestias voluptas et quibusdam minus. Quia atque et mollitia nostrum voluptate voluptatum. Est quae omnis et quam provident delectus. Non doloremque repellendus harum minus eum placeat labore recusandae. Eveniet repellendus nulla quis. Expedita ab aut temporibus perspiciatis quidem natus quos eum. Est sunt doloribus officia pariatur non.','PUBLISHED','https://lorempixel.com/800/600/?43785',0,0,7,14,'2019-02-20 15:08:47','2019-02-20 15:08:47'),(263,'Voluptatem molestias nulla et rerum ea.','voluptatem-molestias-nulla-et-rerum-ea','Sunt ipsam minus error dolorem rerum voluptas repellat. Culpa possimus cupiditate voluptatem architecto voluptatem cum. Natus deserunt eum ex perspiciatis dolorem assumenda.','Voluptas hic voluptatibus reiciendis quod ab nemo recusandae. Nulla ab ad ut totam. Dicta aut magni dignissimos natus. Aut sunt dignissimos cum quae. Qui officia et est qui delectus provident voluptatem rerum. Aut consequatur autem quis quae nesciunt. Doloribus aliquid aut at molestiae porro minima itaque eligendi. Nostrum ea laudantium odit ut temporibus consequatur. Voluptas non eos veritatis enim et modi.','DRAFT','https://lorempixel.com/800/600/?85892',0,0,17,15,'2019-02-20 15:08:47','2019-02-20 15:08:47'),(264,'Quam nisi alias facilis.','quam-nisi-alias-facilis','Natus repellendus ducimus laudantium quia amet. Nostrum quaerat commodi adipisci culpa enim. Vitae facilis consequatur hic vitae rem eum non deserunt.','Eius enim perspiciatis ducimus explicabo suscipit repellendus quos. Non necessitatibus aliquid ratione unde eaque perferendis. Ex aspernatur debitis ut et maiores rerum alias. Cupiditate provident consequatur ut eum facere. Quia vel recusandae et. Eius explicabo pariatur totam. Accusantium inventore at accusamus consequuntur iusto. Magni odit voluptas non est ut. Consequuntur nobis dolorem nihil magni eaque. Maxime laboriosam reiciendis modi dicta. Dolores eveniet et est dolorum fugit.','DRAFT','https://lorempixel.com/800/600/?45561',0,0,29,1,'2019-02-20 15:08:47','2019-02-20 15:08:47'),(265,'Repellat velit nobis consectetur.','repellat-velit-nobis-consectetur','Laudantium fugit molestiae nisi nobis nihil consequatur. Consectetur rem consequuntur nesciunt placeat ipsam. Doloremque hic reprehenderit minus et quas. Vel harum vitae minus.','Quaerat laudantium accusamus corrupti est. Perspiciatis expedita error dolor quasi nihil dolore. Sint vel dolore aperiam. Exercitationem voluptatem aut dolorem nostrum sapiente commodi. Aut est consequatur sit voluptatibus harum recusandae. Possimus ad doloribus voluptates quo repellendus mollitia dolorem. Provident et qui nobis placeat fugiat et. Vel et aut ut nobis id quia hic. Nostrum ipsam vitae dolor aut id voluptates ex.','PUBLISHED','https://lorempixel.com/800/600/?35125',0,0,6,8,'2019-02-20 15:08:47','2019-02-20 15:08:47'),(266,'Recusandae necessitatibus quo nisi quis.','recusandae-necessitatibus-quo-nisi-quis','Laboriosam aperiam ut voluptas vel voluptatum quas quis. Deleniti quasi molestiae qui voluptatem qui. Rem aperiam deleniti quae et fuga omnis.','Vel aliquam consequatur rem ratione quasi. Nihil dicta sapiente doloremque temporibus fuga excepturi a. Nulla rerum ut aut odio fuga quia aut. Excepturi possimus neque tempora ea officiis praesentium. Et dolorem laboriosam qui consequuntur non et. Ipsa officiis eaque a repellendus eos quos cumque occaecati. Qui sunt sapiente et alias dolores. Animi suscipit magni ullam recusandae. Cum dicta corporis animi quo est ipsam eum.','DRAFT','https://lorempixel.com/800/600/?42379',0,0,8,14,'2019-02-20 15:08:47','2019-02-20 15:08:47'),(267,'Eos dicta ut veniam doloremque.','eos-dicta-ut-veniam-doloremque','Ut cum et laudantium quia dignissimos unde voluptatum. Impedit culpa cupiditate harum accusamus enim. Accusantium sit ea sunt nam. Eum repellendus vitae minus magnam nulla facilis sint.','Nam iure eius dolore numquam quaerat. Veniam asperiores quis alias autem officiis eaque aliquid iusto. Impedit quia vitae exercitationem rem enim possimus. Totam dolorum quos error aliquid iure voluptate nostrum. Ratione maxime aspernatur laudantium officia iure magnam aut. Accusamus expedita repellendus sequi amet ex et. Ea architecto voluptatem sed sunt cupiditate esse sapiente ipsum.','DRAFT','https://lorempixel.com/800/600/?59434',0,0,9,11,'2019-02-20 15:08:47','2019-02-20 15:08:47'),(268,'Sunt quam sequi voluptatem earum.','sunt-quam-sequi-voluptatem-earum','Sed labore aspernatur non harum. Quisquam modi saepe quae dolor accusamus. Veniam illo nesciunt quis qui voluptatem. Consequatur quod aspernatur voluptatum rerum a.','Delectus vero blanditiis quaerat. Excepturi voluptatem rerum aut odit rerum eaque culpa. Quo quo eum voluptates provident impedit. Voluptates officia incidunt hic ipsa autem. Neque sit voluptas facilis labore. Aperiam illo ullam dignissimos sit praesentium. Et eveniet optio corrupti non et. Minima corporis natus est earum eos. Aut eos rerum facilis corrupti fugit. Qui iure officia assumenda quo autem qui. Eaque non enim dolorem necessitatibus.','DRAFT','https://lorempixel.com/800/600/?90978',0,0,2,11,'2019-02-20 15:08:47','2019-02-20 15:08:47'),(269,'Ullam maxime sint nisi est.','ullam-maxime-sint-nisi-est','Veniam sequi ullam voluptatibus. Sit ab corporis nam tempora voluptatibus commodi in. Sapiente facilis nulla sed sit quia ducimus nihil doloremque.','Et placeat accusantium nesciunt necessitatibus et aut sint. Ut omnis voluptatem saepe officia qui praesentium et. Laborum nemo amet iste facilis et. Omnis qui maxime neque eaque earum. Recusandae mollitia neque non vel itaque qui et. Blanditiis exercitationem est magnam mollitia rerum eligendi. Corporis vero totam necessitatibus eos quo veniam. Nam voluptatem harum quo deleniti autem. Id recusandae rerum rerum cumque.','DRAFT','https://lorempixel.com/800/600/?32968',0,0,13,13,'2019-02-20 15:08:47','2019-02-20 15:08:47'),(270,'Illum odit quasi.','illum-odit-quasi','Iusto deserunt expedita hic. Dolorum sint itaque non. Mollitia enim autem maxime cum non maxime.','Minima velit id ut. Repudiandae cumque facilis optio dolores qui. Assumenda hic est non aut iste. Reprehenderit veritatis totam natus tempore. Molestiae blanditiis corrupti excepturi iste quae. Officia sit voluptatem consequatur molestias et. Sint unde sit adipisci quidem. Cum quis delectus velit excepturi necessitatibus at qui cupiditate. Perferendis velit deleniti repudiandae voluptas exercitationem id et. Placeat enim quis sed architecto fugit sint. Nam possimus quae ullam hic numquam.','PUBLISHED','https://lorempixel.com/800/600/?26732',0,0,12,19,'2019-02-20 15:08:47','2019-02-20 15:08:47'),(271,'Hic facere aspernatur illum voluptatibus molestias.','hic-facere-aspernatur-illum-voluptatibus-molestias','Blanditiis dolores voluptate nihil illum non. Inventore nostrum et dolore id ea amet mollitia asperiores. Velit aliquid eum voluptatem in est sit. Sunt repellat voluptas suscipit quo et voluptatem.','Ut quis corporis eius iure earum. Cum rerum amet aut architecto quo illum. Vel quis illo cupiditate ut alias. Velit et omnis enim rerum. Ut at vitae cum impedit sed recusandae voluptatem. Asperiores est nihil cum doloremque est vel enim. Aut velit libero officia voluptatum vitae est consectetur.','PUBLISHED','https://lorempixel.com/800/600/?35607',0,0,28,9,'2019-02-20 15:08:47','2019-02-20 15:08:47'),(272,'Perferendis est neque temporibus et.','perferendis-est-neque-temporibus-et','Et ut eligendi iusto provident. Dolor minus impedit sint perferendis animi. Non occaecati explicabo qui ea recusandae assumenda molestiae. Ut error enim eos rerum esse.','Necessitatibus laborum id perspiciatis quibusdam. Ipsam in quod quaerat dolor et. Ut saepe et odio voluptas voluptatem at sunt. Qui rerum sapiente quia debitis aperiam voluptatem. Culpa sed autem molestias quas qui. Enim doloremque aut dolorum sed sequi ad fugit. Ab natus doloribus omnis reprehenderit quis. Aut omnis suscipit quaerat. Incidunt perspiciatis ut blanditiis et debitis aut. Qui facere ut alias aliquam.','DRAFT','https://lorempixel.com/800/600/?79949',0,0,29,7,'2019-02-20 15:08:47','2019-02-20 15:08:47'),(273,'Aut modi ut nulla.','aut-modi-ut-nulla','Doloribus non porro sint harum fuga et sit. Qui dolores dolores corrupti dolores totam porro enim neque. Nemo quae minus quia autem architecto. Eaque blanditiis accusamus doloremque sapiente eveniet.','Alias similique explicabo esse a. Asperiores impedit odio reprehenderit placeat. Et aut iusto possimus earum praesentium. Ipsa aliquam qui et officia culpa rerum ipsam. Qui aspernatur nostrum culpa hic. Eum exercitationem beatae labore beatae incidunt minus. Ducimus id nemo perspiciatis possimus sint.','PUBLISHED','https://lorempixel.com/800/600/?13031',0,0,30,13,'2019-02-20 15:08:47','2019-02-20 15:08:47'),(274,'Voluptas et distinctio explicabo eos sit.','voluptas-et-distinctio-explicabo-eos-sit','Aut ut atque animi architecto sed et neque. Blanditiis et reprehenderit sequi. Aut sapiente ipsam sit dolorem. Eum sed provident voluptate dolorem tenetur harum.','Dolores recusandae molestiae ipsa tempora quam quis. Voluptatem occaecati asperiores dolorem aut quo dolorum. Dolorum laboriosam aut saepe doloremque iure. Est sapiente necessitatibus vel neque. Eaque et atque vel saepe. In aliquid facilis repellat. Perferendis omnis nihil explicabo sapiente temporibus. Est nostrum fugit ea. Doloribus iste quod numquam illum totam ipsam reiciendis. Laboriosam dolores nihil consectetur cumque. Repudiandae aut dolores ab. Perferendis sit saepe aliquam ex omnis.','DRAFT','https://lorempixel.com/800/600/?28194',0,0,19,1,'2019-02-20 15:08:47','2019-02-20 15:08:47'),(275,'Delectus aut quaerat et consequatur quam.','delectus-aut-quaerat-et-consequatur-quam','Veritatis rem quo qui explicabo architecto tempore est. Sit quia dolorem sapiente esse et assumenda. Soluta dolore totam facere pariatur quaerat et.','Quibusdam eveniet enim vel et autem amet delectus. Repellat consectetur ipsum tenetur impedit. Dicta consequuntur autem iure minima necessitatibus mollitia dignissimos. Tempora iure occaecati dolores iusto et non. Blanditiis dolor aut impedit est eum provident. Ipsa qui ut voluptas aperiam repudiandae. Dolorem veritatis consequatur dolores eaque. Dicta fugit illum ea. Hic unde doloremque in nostrum saepe totam consequatur.','PUBLISHED','https://lorempixel.com/800/600/?87556',0,0,15,11,'2019-02-20 15:08:47','2019-02-20 15:08:47'),(276,'Est voluptatibus et velit id commodi.','est-voluptatibus-et-velit-id-commodi','Et ex rerum similique illum numquam ut rem. Sed nobis rem eaque. Non ipsa non impedit consequatur omnis. Earum sed exercitationem reiciendis delectus in id alias.','Consequatur praesentium voluptatem quasi consequatur nemo velit. Tempora et nam sit et quae non suscipit. Aspernatur hic et accusantium. Aliquam quis cupiditate recusandae non at optio. Sit sint ut maxime. Soluta perspiciatis nemo ut illum in est eos. Recusandae laboriosam alias recusandae et iure neque. Suscipit debitis consectetur aut eius. Cumque voluptates rem ut est deleniti.','PUBLISHED','https://lorempixel.com/800/600/?99496',0,0,21,19,'2019-02-20 15:08:48','2019-02-20 15:08:48'),(277,'Dolorem quo fuga et quod.','dolorem-quo-fuga-et-quod','Doloremque iure molestiae quas itaque eos facere ut dolorem. Quaerat voluptatibus minima perferendis minima. Molestiae nihil molestiae dolorem quia temporibus aut.','Error rem reiciendis aut occaecati suscipit ex suscipit. Dolorem illo maiores vero cum iste dolores sapiente. Dolor sed autem et aut saepe. Laborum impedit nostrum facere. Non et aspernatur amet magnam inventore saepe voluptatem qui. Doloribus beatae odio a amet rerum asperiores. Corporis reiciendis sunt aut qui non asperiores. Et maiores sed perspiciatis odio porro accusamus. Atque ea molestias quia quaerat. Eveniet nam rerum voluptatibus libero aut ex possimus.','PUBLISHED','https://lorempixel.com/800/600/?77107',0,0,28,9,'2019-02-20 15:08:48','2019-02-20 15:08:48'),(278,'Molestiae quia doloremque.','molestiae-quia-doloremque','Optio qui facilis nam quas quidem dolorem. Ullam ea labore hic dolores quasi repudiandae. Repellat ipsa inventore in suscipit necessitatibus. Exercitationem in numquam placeat similique alias et est.','Assumenda aperiam corrupti veniam fugiat. Consequatur sit temporibus saepe molestias provident vero deleniti. Consequatur vel laboriosam minus aut. Id similique vel consequuntur voluptate et est molestiae. Natus id fugit aliquid consequatur omnis nisi et. Voluptatem ipsa quis labore facilis. Et nobis nulla tempore consectetur dolorem qui. Et assumenda excepturi accusamus unde et qui omnis.','DRAFT','https://lorempixel.com/800/600/?82479',0,0,22,2,'2019-02-20 15:08:48','2019-02-20 15:08:48'),(279,'Dolor saepe fuga rem molestiae nihil.','dolor-saepe-fuga-rem-molestiae-nihil','Aut officia perspiciatis et quis. Laboriosam dignissimos nam eum voluptas error. Est nemo totam libero aspernatur asperiores est.','Possimus est voluptatem dolores sunt magnam iure error doloribus. Nihil reiciendis alias et. Dolores facilis consequatur voluptatem totam qui non illum. Ipsa fugit illo nesciunt dolor doloremque autem eius. Ex est velit omnis quo qui qui ea. Nostrum eos assumenda et laborum deleniti optio error. Earum sed velit consectetur autem vel quia.','DRAFT','https://lorempixel.com/800/600/?18709',0,0,11,19,'2019-02-20 15:08:48','2019-02-20 15:08:48'),(280,'Aperiam architecto quam occaecati nihil odit.','aperiam-architecto-quam-occaecati-nihil-odit','Et velit sed earum iusto expedita et harum. Unde alias provident maxime. Enim magni omnis sapiente odit architecto at. Mollitia architecto et et. Sit et inventore fuga ea aut doloremque enim.','Dolorem nihil qui consectetur debitis quam. Sit dolorem consectetur dolor incidunt aut voluptatem. Eum dolor tenetur ullam aliquam ipsa doloremque inventore. Vel quia qui velit tempore nobis laudantium modi. Reprehenderit aut expedita a deserunt qui nostrum officia. Inventore ut quas qui suscipit repellendus. Aut rerum molestias autem aut non.','DRAFT','https://lorempixel.com/800/600/?14269',0,0,21,3,'2019-02-20 15:08:48','2019-02-20 15:08:48'),(281,'Quidem qui doloribus.','quidem-qui-doloribus','Qui cumque nihil itaque ut. Velit molestiae quaerat sed ut velit facilis ab. Dolores maxime aut atque qui at quo accusantium harum. Molestiae illum temporibus eum ratione iure eos dolor.','Veritatis sit magnam tempora labore tempora aut voluptates. Voluptatem voluptate accusantium perspiciatis ut qui. Architecto aut tempora aut error consequuntur. Et amet necessitatibus et. Cupiditate sit non doloremque illo at molestias. Explicabo quis et dignissimos aperiam blanditiis. Aut aspernatur id mollitia assumenda est illum enim. Qui fugit consequatur excepturi corrupti rerum omnis. Ea veniam rerum itaque voluptatem sunt et facere eligendi.','DRAFT','https://lorempixel.com/800/600/?73576',0,0,28,3,'2019-02-20 15:08:48','2019-02-20 15:08:48'),(282,'Nobis non sed quia facilis voluptatem.','nobis-non-sed-quia-facilis-voluptatem','Soluta vel molestiae eaque aut minima unde sint enim. Dicta quibusdam quis qui sequi. Vero nisi quisquam sint nam quia et reprehenderit incidunt. Numquam soluta et deleniti in omnis occaecati.','Exercitationem optio qui et. Saepe ut debitis animi. Id assumenda qui rem aliquam labore ut in. Est quos accusantium accusantium maiores unde sit. Quibusdam dignissimos aliquid cumque numquam quia. Nemo suscipit quaerat excepturi voluptatem amet similique. Ad recusandae nesciunt dolores ut. Aut et sequi ab hic ullam.','PUBLISHED','https://lorempixel.com/800/600/?51644',0,0,7,15,'2019-02-20 15:08:48','2019-02-20 15:08:48'),(283,'At sed ut exercitationem.','at-sed-ut-exercitationem','Doloribus qui vero accusamus blanditiis quo sed. Non nesciunt vitae dolores pariatur aut. Velit iste vero aut soluta ad temporibus.','Vel aspernatur est aut reprehenderit harum. Iste placeat ea fuga explicabo. Iste sapiente consequatur dignissimos id. Reiciendis odit voluptas assumenda. Provident id delectus aut eos quo eveniet velit. Quam eum quia quo enim sequi enim. Incidunt minima similique qui iure corrupti id. Similique dignissimos iste hic sit sit voluptatum consequatur. Et earum earum assumenda voluptatum deserunt nostrum. Minima et consequatur cupiditate iure tenetur est.','PUBLISHED','https://lorempixel.com/800/600/?58604',0,0,23,12,'2019-02-20 15:08:48','2019-02-20 15:08:48'),(284,'Cum autem architecto.','cum-autem-architecto','Veniam harum doloremque ratione quis aperiam cupiditate. Voluptatum sint est qui et ipsam rem. Animi modi odit expedita et et quia vel.','Voluptas numquam iure et labore omnis aut. Est illum nobis ut. Hic vitae quam dignissimos quod totam enim. Culpa modi qui ex ea praesentium quia. Iste odio doloremque sunt aut quas error. Soluta totam error commodi quod quia dolores ullam qui. Qui occaecati sit tenetur omnis. Tempora voluptas sit repellendus quibusdam beatae labore. Nam facilis perferendis sed voluptas minima ut esse. Voluptatem iste voluptatum voluptas et iusto ullam fuga. Libero iure omnis magnam sed iste eaque maiores.','DRAFT','https://lorempixel.com/800/600/?41493',0,0,10,20,'2019-02-20 15:08:48','2019-02-20 15:08:48'),(285,'Dolor commodi doloribus sed at.','dolor-commodi-doloribus-sed-at','Nam optio deleniti nam recusandae. Sint aut iure qui pariatur quia corporis. Error qui praesentium ipsam provident quia velit.','Nesciunt deleniti illo asperiores. Quibusdam beatae atque eos laudantium non. Quas ex ipsa nihil cum officia. Omnis sint ipsa enim magni quia. Vero et totam similique commodi nobis at. Expedita id sed rerum libero quae eum. Iure reiciendis est et rerum fugiat blanditiis fugit. Veniam et et voluptatem quidem. Voluptatibus aut labore qui pariatur eum. Cumque nihil et sunt rerum aliquam impedit.','PUBLISHED','https://lorempixel.com/800/600/?91775',0,0,25,11,'2019-02-20 15:08:48','2019-02-20 15:08:48'),(286,'Vitae repudiandae corporis.','vitae-repudiandae-corporis','Occaecati aut itaque et corporis aut. Sit sapiente autem excepturi voluptatibus beatae quas. Nesciunt laborum quia tempore.','Commodi provident sunt odit sed soluta. Expedita ut laborum odio expedita. Eveniet facilis id nihil doloremque quam sint. Nemo est numquam et. Optio et dolorem perferendis dolorum. Sint sit numquam est praesentium aperiam itaque omnis. Molestiae reiciendis quas veritatis. Et ut et dolor sit. Velit aut velit eos. Repudiandae fugit possimus dolore cumque qui.','DRAFT','https://lorempixel.com/800/600/?16978',0,0,21,11,'2019-02-20 15:08:48','2019-02-20 15:08:48'),(287,'Blanditiis aut eum.','blanditiis-aut-eum','Porro atque asperiores et autem est voluptatem. Rerum omnis earum praesentium beatae dolor sunt. Aut ratione aut est provident. Minima consequatur molestiae error corporis quas debitis.','Sit quam ut quia consequatur cupiditate repellat nulla eos. Exercitationem unde omnis omnis. Eos quisquam sunt voluptas dolorum nemo. Et quibusdam non vel beatae. Ut labore voluptas similique iste laboriosam. Cumque voluptatem aliquid consequatur corporis sunt eveniet. Totam consequatur ut eligendi molestias et modi aut. Cumque necessitatibus quo dolores id. Non incidunt voluptate dolores impedit sit. Aut voluptas quod dolorem ut quia et.','PUBLISHED','https://lorempixel.com/800/600/?93263',0,0,19,10,'2019-02-20 15:08:48','2019-02-20 15:08:48'),(288,'Aut et minus sunt.','aut-et-minus-sunt','Ut explicabo vero est soluta harum corporis a perspiciatis. Provident debitis dignissimos adipisci. Ipsum rerum molestiae nobis adipisci. Ea vitae incidunt velit doloremque qui.','Ipsum tenetur necessitatibus animi fugit dolorum. Ut eveniet fuga esse nihil quis. Exercitationem doloremque nihil omnis similique aperiam error. Et excepturi sed incidunt dolorum impedit id voluptas. Quidem qui et harum eveniet deleniti aut. Enim enim iste quam laudantium odio aut mollitia. Repellat animi occaecati odit ipsam sunt. Deserunt soluta corporis illo voluptas. Consequatur et sed molestiae nulla.','DRAFT','https://lorempixel.com/800/600/?90720',0,0,23,12,'2019-02-20 15:08:48','2019-02-20 15:08:48'),(289,'Aut esse quis quas accusantium sequi.','aut-esse-quis-quas-accusantium-sequi','Voluptatem earum sunt ea est quaerat. Qui enim qui sit est assumenda. Quis ipsam odio velit dolor et ut quos. In et neque asperiores animi et. Laboriosam est esse amet voluptas cumque.','Et numquam beatae nobis porro ipsa placeat. Consectetur ad expedita repudiandae dolorem animi qui modi consequatur. Consequatur culpa et et provident. Rem omnis esse libero sit eveniet. Est dolore velit ab voluptatibus. Et nihil tenetur nesciunt odit soluta pariatur. Blanditiis veniam distinctio iusto placeat sit. Aperiam delectus nisi occaecati consectetur odio quia inventore velit.','PUBLISHED','https://lorempixel.com/800/600/?66566',0,0,9,9,'2019-02-20 15:08:48','2019-02-20 15:08:48'),(290,'Tempora earum maiores iure modi.','tempora-earum-maiores-iure-modi','Sunt non error soluta mollitia. Tempore repellat inventore laborum officia magni quae dicta. Perspiciatis cumque reiciendis architecto quas. Dolorem suscipit optio eum autem non.','Ipsum magnam adipisci minima ut ipsum sed voluptas quam. Cumque et magni repellendus doloremque quo. Iste amet maiores odit quo non qui consequatur. Eligendi molestiae earum aut. Sunt eligendi architecto aspernatur. Est sint qui ut ut fugit sit. Et rem repellat unde velit. Et sed dolore beatae libero. Quidem fuga consequatur error illo. Dolorum laborum est adipisci ut ut. Aut doloribus similique ex perspiciatis adipisci. In ut earum iste praesentium tempore.','PUBLISHED','https://lorempixel.com/800/600/?79955',0,0,17,5,'2019-02-20 15:08:48','2019-02-20 15:08:48'),(291,'Voluptatem corporis id et consequuntur.','voluptatem-corporis-id-et-consequuntur','Sint et rerum aliquam voluptatem sit ratione facere. Maiores reprehenderit nisi qui magni iste rerum itaque.','Eveniet iure eos qui repellendus. Nobis soluta non tempore qui quis eos. Suscipit sit eum accusantium minus quos cumque nisi. Explicabo sint pariatur omnis. Dolorum debitis aut officiis quia. Consequuntur illum est voluptatibus. Possimus excepturi ut temporibus magni. Pariatur error suscipit ut quia enim perspiciatis. Omnis voluptates soluta modi natus ex.','DRAFT','https://lorempixel.com/800/600/?85094',0,0,3,19,'2019-02-20 15:08:48','2019-02-20 15:08:48'),(292,'Soluta sit neque.','soluta-sit-neque','Et corporis sapiente ut eligendi voluptas. Temporibus impedit aspernatur fugiat qui omnis.','Voluptatem omnis nostrum ad. Officiis libero voluptates et amet accusamus dolore corporis. Dolorum aut blanditiis omnis cum nulla ipsum. Eos quo nam magnam odit et. Expedita omnis incidunt in. Iure omnis expedita mollitia exercitationem harum similique sit rerum. Delectus ab ex tempora ut illo quo. Praesentium minus quisquam quibusdam optio dolor. Et qui dolor porro omnis. Et enim soluta eum rerum quam enim recusandae.','PUBLISHED','https://lorempixel.com/800/600/?64665',0,0,10,12,'2019-02-20 15:08:48','2019-02-20 15:08:48'),(293,'Ullam expedita vitae possimus quidem.','ullam-expedita-vitae-possimus-quidem','Repudiandae doloribus sed enim neque quos aut quia. Autem in quod doloribus aut saepe culpa aut. Natus sit quia non.','Voluptas repellendus aperiam perspiciatis quo qui repudiandae. Repudiandae cupiditate quis voluptatibus velit. Qui quod enim quia et ipsum voluptatem natus. Sapiente pariatur recusandae quia repudiandae et adipisci sint. Qui distinctio magnam saepe consectetur ipsa id. Aut enim laboriosam suscipit molestiae ipsa. Et magni debitis architecto iste est. Qui quidem nisi voluptatem. Et rerum omnis laborum. Aut voluptas quibusdam est quia laborum repellat.','DRAFT','https://lorempixel.com/800/600/?99890',0,0,11,12,'2019-02-20 15:08:48','2019-02-20 15:08:48'),(294,'Et temporibus sint quo.','et-temporibus-sint-quo','Ut sapiente qui nemo eius. Temporibus eos excepturi aut libero est ea. Quis ipsam vel rerum sit sit quas eum. Sed qui ut repudiandae explicabo et alias mollitia optio.','Velit commodi nihil aperiam quae. Dolores similique temporibus soluta aperiam iusto. Rerum nostrum sapiente architecto cum harum tempore. Quibusdam repellendus doloribus id et. Numquam molestias mollitia aliquid mollitia labore vero. Accusamus omnis dolorem vel quae. In omnis natus molestiae in dolores. Amet dolorem sunt sint doloribus voluptatem. Earum soluta enim non et vel. Amet veniam omnis et.','PUBLISHED','https://lorempixel.com/800/600/?21681',0,0,7,20,'2019-02-20 15:08:48','2019-02-20 15:08:48'),(295,'Architecto ut qui quam itaque.','architecto-ut-qui-quam-itaque','Illum cumque non dolorum non. Rem delectus autem soluta praesentium. Delectus et voluptas magni expedita et distinctio architecto.','Ea aut sint dicta consequatur rem. Sed cumque officia ad molestiae deserunt in et fuga. Natus temporibus vitae cum non totam. Eum nostrum aliquam voluptates libero. Ab quo ipsa at qui natus. Et aperiam eos enim eveniet hic ut. Repellat occaecati facere repellendus. Consequatur qui et aut non. Omnis voluptatum numquam cum. Est harum ut excepturi voluptas voluptate explicabo.','DRAFT','https://lorempixel.com/800/600/?93842',0,0,26,2,'2019-02-20 15:08:48','2019-02-20 15:08:48'),(296,'Laboriosam eveniet dicta sit aliquid.','laboriosam-eveniet-dicta-sit-aliquid','Qui qui iste ea cumque et eaque. Quo et sed est. Qui et ut quo error enim quasi dicta consequatur.','Est corporis molestias fuga reprehenderit saepe. Eum omnis qui et placeat. Similique cumque reprehenderit totam modi ipsam. Ut ut ut corporis non porro eveniet quidem laudantium. Expedita sunt ex voluptas ut. Id pariatur suscipit quis nulla. Est doloremque pariatur enim excepturi non. Dignissimos aliquam pariatur aut ut numquam. Sed rem asperiores cum id expedita. Praesentium quas dolores ut iusto officia.','PUBLISHED','https://lorempixel.com/800/600/?81395',0,0,8,10,'2019-02-20 15:08:48','2019-02-20 15:08:48'),(297,'Ipsam doloribus aut.','ipsam-doloribus-aut','Iste et saepe earum beatae perspiciatis fuga explicabo. Voluptatem consequatur maxime consequuntur blanditiis doloribus. Quis ut perferendis recusandae et iste. Voluptates esse distinctio numquam.','Alias esse veniam distinctio est recusandae veritatis cum. Aut et placeat enim ducimus accusamus. Alias voluptatem recusandae voluptates ex. Ipsum illum possimus aut velit rerum dolorum. Inventore assumenda tenetur mollitia maxime voluptatibus consequuntur quidem. Magni accusamus necessitatibus quam deleniti et. Sint consectetur aperiam possimus tempore temporibus. Eum repudiandae aut nesciunt deserunt ipsa omnis.','DRAFT','https://lorempixel.com/800/600/?28646',0,0,5,6,'2019-02-20 15:08:48','2019-02-20 15:08:48'),(298,'Quisquam inventore distinctio dolor ex.','quisquam-inventore-distinctio-dolor-ex','Error adipisci aut placeat illum odio rem libero ducimus. Sint sunt nisi quam quia et dolorem deleniti. Aut possimus reprehenderit optio id. Vero laudantium dolores labore autem quibusdam ducimus.','Tenetur veniam adipisci dignissimos magni atque. Eos aut ut ipsa quo a hic et rerum. Et minus est in quis cupiditate deleniti. At aut atque laboriosam quia voluptas dolores exercitationem. Ullam aut debitis pariatur nemo nulla. Rem odit maxime porro et. Dolores accusamus omnis fugit ut cupiditate. Ut consequatur non mollitia recusandae incidunt ut quia. Aliquam placeat porro voluptatibus omnis enim ut minus. Voluptatem qui et praesentium quas. Sequi voluptatum et ea pariatur.','DRAFT','https://lorempixel.com/800/600/?88524',0,0,1,1,'2019-02-20 15:08:48','2019-02-20 15:08:48'),(299,'Sit dolore reprehenderit et sit autem.','sit-dolore-reprehenderit-et-sit-autem','Voluptatem at ea est quae voluptatem fugiat tempora earum. At omnis cum deleniti aut recusandae accusantium. Voluptate harum officiis consectetur. Rem maiores numquam non.','Sit dolores qui facilis omnis a repellendus repudiandae. Libero odit expedita ut aut quo. Quos sed amet ad sequi ipsum aut in. Libero reiciendis beatae animi. Culpa quaerat sit qui omnis similique dolore. Dolores omnis vitae cupiditate ut voluptatem voluptatem. Quo delectus laudantium ut. Voluptas doloremque quibusdam quia vel occaecati quas. Quam nihil sequi facilis dolorem sed dignissimos. Et ea debitis odit explicabo labore enim illo. Iure repudiandae temporibus quam ut.','DRAFT','https://lorempixel.com/800/600/?98524',0,0,17,1,'2019-02-20 15:08:48','2019-02-20 15:08:48'),(300,'Asperiores molestiae sunt quis aut provident.','asperiores-molestiae-sunt-quis-aut-provident','Recusandae deleniti est quod sed consequuntur. Quos quam magni officiis et.','Eius ullam ipsa vero in consequuntur quae. Id explicabo et a velit totam eligendi. Facere blanditiis veniam inventore eveniet est perferendis. Quisquam dolores omnis et distinctio sed. Occaecati iusto molestiae labore dicta deserunt. Velit a dolorem repellat velit eum. Nihil vitae eum atque commodi dignissimos corporis. Commodi est dolorem explicabo doloremque iste odio labore illo. Reprehenderit in molestiae fugit odio.','PUBLISHED','https://lorempixel.com/800/600/?44227',0,0,19,12,'2019-02-20 15:08:48','2019-02-20 15:08:48'),(301,'Especialidad Código Semáforo','especialidad-codigo-semaforo','La Especialidad de Código Semáforo, perteneciente al Área de Actividades Profesionales. Es una de especialidades que más se aplicó en la década de los 90, hoy en día se está volviendo a retomar esta especialidad, aquí les presento las preguntas y algunas respuestas.','','PUBLISHED','/image/upload/posts/codigo-semaforo-post.png',0,0,30,4,'2019-02-20 15:08:57','2019-02-20 15:08:57'),(302,'Números, letras y posiciones básicas Especialidad de Código Semáforo','numeros-letras-y-posiciones-basicas-especialidad-de-codigo-semaforo','Posición de los brazos para realizar números, letras y posiciones básicas de la Especialidad de Código Semáforo.','','PUBLISHED','/image/upload/posts/codigo-semaforo-post.png',0,0,30,4,'2019-02-20 15:08:57','2019-02-20 15:08:57');



/*Table structure for table `products` */



DROP TABLE IF EXISTS `products`;



CREATE TABLE `products` (
  `id` int(10) unsigned NOT NULL AUTO_INCREMENT,
  `name` varchar(120) COLLATE utf8mb4_unicode_ci NOT NULL,
  `description` varchar(120) COLLATE utf8mb4_unicode_ci NOT NULL,
  `created_at` timestamp NULL DEFAULT NULL,
  `updated_at` timestamp NULL DEFAULT NULL,
  PRIMARY KEY (`id`)
) ENGINE=InnoDB AUTO_INCREMENT=81 DEFAULT CHARSET=utf8mb4 COLLATE=utf8mb4_unicode_ci;



/*Data for the table `products` */



insert  into `products`(`id`,`name`,`description`,`created_at`,`updated_at`) values (1,'Qui rem totam unde at aut ea eos quisquam.','Dolor eos tenetur sit qui autem ut exercitationem.','2019-02-20 15:09:02','2019-02-20 15:09:02'),(2,'Nihil distinctio dignissimos voluptates.','Natus beatae officia incidunt inventore.','2019-02-20 15:09:02','2019-02-20 15:09:02'),(3,'Minima libero qui harum numquam facere expedita adipisci.','Ullam enim dolores magnam sit quaerat.','2019-02-20 15:09:02','2019-02-20 15:09:02'),(4,'Quisquam recusandae dicta error.','Et deserunt numquam quas ut.','2019-02-20 15:09:02','2019-02-20 15:09:02'),(5,'Ut sit quasi perspiciatis eius.','A distinctio qui dolorum autem qui eaque.','2019-02-20 15:09:02','2019-02-20 15:09:02'),(6,'Quia enim sunt aut asperiores.','Tempore fugiat dignissimos omnis ratione non et assumenda.','2019-02-20 15:09:02','2019-02-20 15:09:02'),(7,'Adipisci aspernatur perferendis accusantium at aperiam.','Expedita autem sed aliquid nesciunt eos eum atque ratione.','2019-02-20 15:09:02','2019-02-20 15:09:02'),(8,'Sed perferendis quos aut reprehenderit in minus.','Sint qui qui facere quibusdam.','2019-02-20 15:09:02','2019-02-20 15:09:02'),(9,'Ut et molestias omnis provident consequatur facere ducimus.','Ipsam sunt maiores nobis quasi.','2019-02-20 15:09:02','2019-02-20 15:09:02'),(10,'Accusamus et totam quia atque vel.','Repellat vero voluptas non tempora dolores laudantium.','2019-02-20 15:09:02','2019-02-20 15:09:02'),(11,'Sequi repellendus dolores sapiente.','Molestiae ut aut dolores rerum mollitia.','2019-02-20 15:09:02','2019-02-20 15:09:02'),(12,'Qui quam aperiam in veniam nisi impedit.','Molestiae laboriosam occaecati nobis cumque et non.','2019-02-20 15:09:02','2019-02-20 15:09:02'),(13,'Nam quod autem molestias ex.','Labore aliquam dolores dolor qui est voluptatum.','2019-02-20 15:09:02','2019-02-20 15:09:02'),(14,'Quod molestiae aut quis nobis fugiat doloremque numquam.','Eveniet ipsum vitae eum nihil itaque.','2019-02-20 15:09:02','2019-02-20 15:09:02'),(15,'Soluta error incidunt eveniet ex.','Vel accusantium deserunt quae aut.','2019-02-20 15:09:02','2019-02-20 15:09:02'),(16,'Facere sit sit omnis aspernatur.','Eveniet ut ipsam quasi eum.','2019-02-20 15:09:02','2019-02-20 15:09:02'),(17,'Enim et sit laborum laboriosam eum modi quidem.','Fugiat harum aut cumque ut deleniti praesentium.','2019-02-20 15:09:02','2019-02-20 15:09:02'),(18,'Et temporibus quo quae.','Tenetur dicta ut recusandae itaque.','2019-02-20 15:09:02','2019-02-20 15:09:02'),(19,'Qui et aspernatur fugiat temporibus ex est non.','In nulla rerum reiciendis expedita aut non.','2019-02-20 15:09:02','2019-02-20 15:09:02'),(20,'Temporibus illo corrupti nihil et labore magnam blanditiis.','Aliquam ut et et tenetur nesciunt et rerum.','2019-02-20 15:09:02','2019-02-20 15:09:02'),(21,'Ea inventore alias aut deserunt ut.','Accusamus quos fugit quisquam nobis dolorem dolor.','2019-02-20 15:09:02','2019-02-20 15:09:02'),(22,'Consequatur voluptas quas id occaecati.','Ullam omnis nesciunt numquam qui id.','2019-02-20 15:09:02','2019-02-20 15:09:02'),(23,'Eum modi dolorem quae perferendis expedita atque.','Iure dolor consectetur quaerat iure expedita sunt voluptas.','2019-02-20 15:09:02','2019-02-20 15:09:02'),(24,'Fugiat perspiciatis ut ut quas accusamus autem sed consequatur.','Sequi dicta aut veritatis dolores fuga fugiat beatae.','2019-02-20 15:09:02','2019-02-20 15:09:02'),(25,'Vel velit labore rerum doloremque beatae eaque.','Asperiores sunt non harum recusandae cum quia omnis.','2019-02-20 15:09:02','2019-02-20 15:09:02'),(26,'Ipsum saepe alias corrupti exercitationem et nesciunt totam.','Quasi inventore qui aut optio neque quas.','2019-02-20 15:09:02','2019-02-20 15:09:02'),(27,'Laudantium totam iure labore.','Id consequuntur iusto nihil quidem.','2019-02-20 15:09:02','2019-02-20 15:09:02'),(28,'Repellat sit consequatur eos et temporibus ut consequuntur ut.','Itaque mollitia nisi architecto nulla.','2019-02-20 15:09:02','2019-02-20 15:09:02'),(29,'Repellendus sint non fugiat ea amet ipsam.','Porro eum delectus deleniti dolores suscipit.','2019-02-20 15:09:02','2019-02-20 15:09:02'),(30,'Asperiores iste necessitatibus consequatur consequatur ab.','Voluptas qui et sit dolores dolores dolor eum.','2019-02-20 15:09:02','2019-02-20 15:09:02'),(31,'Hic expedita aliquam est voluptas facilis molestias similique.','Velit consequatur rem rerum aut aut quam in assumenda.','2019-02-20 15:09:02','2019-02-20 15:09:02'),(32,'Officia numquam ut sunt nemo molestiae ut.','Illum a deleniti mollitia ea corrupti neque dolores ut.','2019-02-20 15:09:02','2019-02-20 15:09:02'),(33,'Sint perferendis iste quis necessitatibus sunt debitis nemo.','Aliquid est vero qui dolor eaque aut.','2019-02-20 15:09:02','2019-02-20 15:09:02'),(34,'Cum amet et blanditiis doloremque.','Rerum consequuntur culpa nobis illo magnam molestiae impedit.','2019-02-20 15:09:02','2019-02-20 15:09:02'),(35,'Atque ipsam reprehenderit modi.','Alias inventore sed molestias harum voluptas molestias id.','2019-02-20 15:09:02','2019-02-20 15:09:02'),(36,'Autem sit deleniti nesciunt aut qui facere quis.','Delectus ratione distinctio molestias quod consequuntur quasi.','2019-02-20 15:09:02','2019-02-20 15:09:02'),(37,'Et sint eum fugiat consequatur.','Aut qui ipsum perferendis sed iure corrupti non.','2019-02-20 15:09:03','2019-02-20 15:09:03'),(38,'Dolorem vitae neque ut nemo in ratione.','Dolor molestiae vel est voluptas accusantium ratione.','2019-02-20 15:09:03','2019-02-20 15:09:03'),(39,'Odio quia odit possimus illum unde beatae eum.','Molestias qui aut esse dicta asperiores.','2019-02-20 15:09:03','2019-02-20 15:09:03'),(40,'Qui sed quos quis nesciunt.','Tempore id recusandae dolor tempore aut fugit.','2019-02-20 15:09:03','2019-02-20 15:09:03'),(41,'Dicta deleniti et dolorem adipisci voluptatum eos.','Aut inventore et ut.','2019-02-20 15:09:03','2019-02-20 15:09:03'),(42,'Ab id quam consectetur dolores.','Voluptatem corporis consequatur quos quas eum.','2019-02-20 15:09:03','2019-02-20 15:09:03'),(43,'Et est quo provident suscipit consequatur aliquam illo.','Eius sit dignissimos soluta quidem modi eos.','2019-02-20 15:09:03','2019-02-20 15:09:03'),(44,'Dolor quam et voluptas ex.','In tempora placeat officiis et eveniet eligendi.','2019-02-20 15:09:03','2019-02-20 15:09:03'),(45,'Ut magnam repellendus nihil porro at.','Accusantium praesentium omnis nulla.','2019-02-20 15:09:03','2019-02-20 15:09:03'),(46,'Vitae cum nisi inventore et quia voluptatem.','Laborum corrupti dolor nihil sint aspernatur quidem quidem odit.','2019-02-20 15:09:03','2019-02-20 15:09:03'),(47,'Reiciendis occaecati aut molestias consectetur natus.','Commodi quasi dolor magni eum et iure.','2019-02-20 15:09:03','2019-02-20 15:09:03'),(48,'Qui possimus libero sequi magni quidem exercitationem.','Blanditiis sit quam provident dolorum rerum ullam.','2019-02-20 15:09:03','2019-02-20 15:09:03'),(49,'Illum fugiat quaerat officiis modi magnam molestias.','Iste corporis repellat voluptatem asperiores quo quia in.','2019-02-20 15:09:03','2019-02-20 15:09:03'),(50,'Earum culpa omnis repudiandae aliquam adipisci quas.','Veritatis quos animi et asperiores mollitia pariatur nihil.','2019-02-20 15:09:03','2019-02-20 15:09:03'),(51,'Fugit quis quae voluptas sint eius.','Nemo consectetur illum quasi est voluptate.','2019-02-20 15:09:03','2019-02-20 15:09:03'),(52,'Animi excepturi ipsa impedit.','Qui accusamus doloremque sed enim est vel voluptatum aut.','2019-02-20 15:09:03','2019-02-20 15:09:03'),(53,'Odit ex incidunt provident aperiam nihil blanditiis.','Facere eum et facilis rem iste.','2019-02-20 15:09:03','2019-02-20 15:09:03'),(54,'Sunt rerum autem voluptas veritatis doloribus voluptatem possimus aut.','Ad et nemo maxime esse.','2019-02-20 15:09:03','2019-02-20 15:09:03'),(55,'Et soluta impedit fugit rerum mollitia et dolorem voluptatem.','Consequatur error laborum quia et.','2019-02-20 15:09:03','2019-02-20 15:09:03'),(56,'Aut omnis consequatur repudiandae labore qui consequatur.','Animi est fuga aut quas commodi sunt repellendus.','2019-02-20 15:09:03','2019-02-20 15:09:03'),(57,'Provident tenetur vel ut excepturi suscipit.','Sint non libero nobis provident inventore suscipit error earum.','2019-02-20 15:09:03','2019-02-20 15:09:03'),(58,'Vero non eum maxime eum qui est pariatur unde.','Autem dolorum et consectetur nostrum fugit laudantium.','2019-02-20 15:09:03','2019-02-20 15:09:03'),(59,'Nulla expedita sunt et vel.','Omnis iste quia vitae dolor.','2019-02-20 15:09:03','2019-02-20 15:09:03'),(60,'Omnis perspiciatis quae quo eum officiis enim atque.','Assumenda nam necessitatibus reprehenderit enim cum.','2019-02-20 15:09:03','2019-02-20 15:09:03'),(61,'Non autem quos sint cumque est illo.','Consequatur adipisci dolore delectus et sunt non aspernatur.','2019-02-20 15:09:03','2019-02-20 15:09:03'),(62,'Voluptatem eaque et aut nesciunt esse explicabo unde.','Culpa nobis et illo voluptate modi voluptatem et.','2019-02-20 15:09:03','2019-02-20 15:09:03'),(63,'Magnam veniam est et sed ut quis tenetur.','Magnam nihil non occaecati dolor minus asperiores.','2019-02-20 15:09:03','2019-02-20 15:09:03'),(64,'Natus cupiditate nihil adipisci sed occaecati similique.','Quia reprehenderit quisquam harum enim.','2019-02-20 15:09:03','2019-02-20 15:09:03'),(65,'Iusto in perferendis ipsa molestiae quaerat.','Possimus nemo dolore id et sunt.','2019-02-20 15:09:03','2019-02-20 15:09:03'),(66,'Nobis culpa perspiciatis error error ut esse necessitatibus voluptas.','Rerum ut qui voluptatum fugiat velit cum expedita.','2019-02-20 15:09:04','2019-02-20 15:09:04'),(67,'Molestiae sapiente vitae magnam soluta labore.','Culpa nihil esse laudantium vel earum.','2019-02-20 15:09:04','2019-02-20 15:09:04'),(68,'Sint id sint exercitationem sint.','Ex error cupiditate vel est occaecati ipsam.','2019-02-20 15:09:04','2019-02-20 15:09:04'),(69,'Quis pariatur odio ut.','Rerum qui corporis accusamus autem.','2019-02-20 15:09:04','2019-02-20 15:09:04'),(70,'Doloremque animi aspernatur sed.','Excepturi dolor cumque impedit vitae.','2019-02-20 15:09:04','2019-02-20 15:09:04'),(71,'Provident qui quam sed fugiat sunt possimus eos.','Repellat tenetur et saepe.','2019-02-20 15:09:04','2019-02-20 15:09:04'),(72,'Quo necessitatibus cupiditate in accusamus ipsa sed.','Incidunt veritatis expedita perferendis eius.','2019-02-20 15:09:04','2019-02-20 15:09:04'),(73,'Quaerat voluptas consequatur beatae perspiciatis quaerat temporibus.','Rerum in totam illum quasi amet.','2019-02-20 15:09:04','2019-02-20 15:09:04'),(74,'Libero doloremque temporibus sed quo.','Accusantium nihil rerum ab sint dolorem.','2019-02-20 15:09:04','2019-02-20 15:09:04'),(75,'Delectus et illum ad nihil voluptas.','Voluptatibus nam quis et asperiores quaerat.','2019-02-20 15:09:04','2019-02-20 15:09:04'),(76,'Saepe nobis hic qui ut odio.','Aut ex eius minus qui quos et quia facilis.','2019-02-20 15:09:04','2019-02-20 15:09:04'),(77,'Nihil quam aspernatur sapiente iure dolorem dolor voluptate.','Corrupti minima ut et harum.','2019-02-20 15:09:04','2019-02-20 15:09:04'),(78,'Commodi rem laudantium debitis amet consequatur.','Impedit excepturi et consequatur quia praesentium totam.','2019-02-20 15:09:04','2019-02-20 15:09:04'),(79,'Quam sapiente earum pariatur quos.','Praesentium eos quia voluptate totam.','2019-02-20 15:09:04','2019-02-20 15:09:04'),(80,'Voluptatem sequi quia aliquid non.','Consequatur sed quis hic eos sit.','2019-02-20 15:09:04','2019-02-20 15:09:04');



/*Table structure for table `question_user` */



DROP TABLE IF EXISTS `question_user`;



CREATE TABLE `question_user` (
  `question_id` int(10) unsigned NOT NULL,
  `user_id` int(10) unsigned NOT NULL,
  `answer` varchar(128) COLLATE utf8mb4_unicode_ci DEFAULT NULL,
  `score` tinyint(4) NOT NULL DEFAULT '0',
  `created_at` timestamp NULL DEFAULT NULL,
  `updated_at` timestamp NULL DEFAULT NULL,
  KEY `question_user_question_id_foreign` (`question_id`),
  KEY `question_user_user_id_foreign` (`user_id`),
  CONSTRAINT `question_user_question_id_foreign` FOREIGN KEY (`question_id`) REFERENCES `questions` (`id`) ON DELETE CASCADE ON UPDATE CASCADE,
  CONSTRAINT `question_user_user_id_foreign` FOREIGN KEY (`user_id`) REFERENCES `users` (`id`) ON DELETE CASCADE ON UPDATE CASCADE
) ENGINE=InnoDB DEFAULT CHARSET=utf8mb4 COLLATE=utf8mb4_unicode_ci;



/*Data for the table `question_user` */



/*Table structure for table `questions` */



DROP TABLE IF EXISTS `questions`;



CREATE TABLE `questions` (
  `id` int(10) unsigned NOT NULL AUTO_INCREMENT,
  `question` varchar(120) COLLATE utf8mb4_unicode_ci NOT NULL,
  `option_1` varchar(128) COLLATE utf8mb4_unicode_ci NOT NULL,
  `option_2` varchar(128) COLLATE utf8mb4_unicode_ci NOT NULL,
  `option_3` varchar(128) COLLATE utf8mb4_unicode_ci NOT NULL,
  `option_4` varchar(128) COLLATE utf8mb4_unicode_ci NOT NULL,
  `answer` varchar(128) COLLATE utf8mb4_unicode_ci NOT NULL,
  `status` tinyint(1) NOT NULL DEFAULT '1',
  `user_id` int(10) unsigned NOT NULL,
  `evaluation_id` int(10) unsigned NOT NULL,
  `created_at` timestamp NULL DEFAULT NULL,
  `updated_at` timestamp NULL DEFAULT NULL,
  PRIMARY KEY (`id`),
  KEY `questions_user_id_foreign` (`user_id`),
  KEY `questions_evaluation_id_foreign` (`evaluation_id`),
  CONSTRAINT `questions_evaluation_id_foreign` FOREIGN KEY (`evaluation_id`) REFERENCES `evaluations` (`id`) ON DELETE CASCADE ON UPDATE CASCADE,
  CONSTRAINT `questions_user_id_foreign` FOREIGN KEY (`user_id`) REFERENCES `users` (`id`) ON DELETE CASCADE ON UPDATE CASCADE
) ENGINE=InnoDB AUTO_INCREMENT=101 DEFAULT CHARSET=utf8mb4 COLLATE=utf8mb4_unicode_ci;



/*Data for the table `questions` */



insert  into `questions`(`id`,`question`,`option_1`,`option_2`,`option_3`,`option_4`,`answer`,`status`,`user_id`,`evaluation_id`,`created_at`,`updated_at`) values (1,'Modi molestiae quae alias qui voluptatum maxime.','Vel cumque sit.','Excepturi dolores ipsa.','Reiciendis vitae.','Error accusantium.','Reiciendis vitae.',1,4,96,'2019-02-20 15:09:22','2019-02-20 15:09:22'),(2,'Aliquid veritatis sint iure iusto aut nobis.','Est a possimus.','Est adipisci.','Quis dolor.','Rerum atque.','Quis dolor.',1,21,5,'2019-02-20 15:09:22','2019-02-20 15:09:22'),(3,'Deserunt quia nobis voluptatem.','In repellendus.','Accusamus explicabo.','Illo velit.','Quidem repellat molestiae.','Illo velit.',1,15,88,'2019-02-20 15:09:22','2019-02-20 15:09:22'),(4,'Sunt unde quia eum debitis sed.','Eveniet ut cum.','Qui aut.','Voluptatem officia cupiditate.','Sed qui eum.','Voluptatem officia cupiditate.',1,7,50,'2019-02-20 15:09:22','2019-02-20 15:09:22'),(5,'Et alias error voluptates.','Corrupti voluptatem.','Et maxime.','Inventore accusantium.','Sed ducimus.','Inventore accusantium.',1,5,35,'2019-02-20 15:09:22','2019-02-20 15:09:22'),(6,'Qui doloribus quia autem assumenda qui.','Voluptatem accusantium.','Aut minima vel.','Doloribus molestiae.','Non molestiae voluptatem.','Doloribus molestiae.',1,23,20,'2019-02-20 15:09:22','2019-02-20 15:09:22'),(7,'Perferendis ab hic labore.','Illo voluptates voluptas.','Sequi nobis.','Nihil provident.','Veritatis mollitia.','Nihil provident.',1,5,84,'2019-02-20 15:09:22','2019-02-20 15:09:22'),(8,'Et totam ratione eos similique est cupiditate.','Minus hic provident.','Rerum quam.','Saepe hic sed.','Accusantium qui.','Saepe hic sed.',1,25,24,'2019-02-20 15:09:22','2019-02-20 15:09:22'),(9,'Quia ut quos veritatis autem recusandae.','Adipisci tenetur totam.','Atque voluptas et.','Qui blanditiis perferendis.','Quibusdam consequatur.','Qui blanditiis perferendis.',1,16,30,'2019-02-20 15:09:22','2019-02-20 15:09:22'),(10,'Debitis quidem veritatis assumenda nisi nam et.','Vero consectetur sint.','Est totam.','Ut aut magni.','Unde est.','Ut aut magni.',1,11,99,'2019-02-20 15:09:22','2019-02-20 15:09:22'),(11,'Ut natus suscipit qui possimus ipsum.','Hic voluptatem accusamus.','Ut odit.','Cumque perspiciatis.','Consequatur est.','Cumque perspiciatis.',1,24,7,'2019-02-20 15:09:22','2019-02-20 15:09:22'),(12,'Sit et velit modi sed ex.','Et voluptatem.','Temporibus et laborum.','Sapiente quibusdam blanditiis.','Pariatur eos.','Sapiente quibusdam blanditiis.',1,1,96,'2019-02-20 15:09:22','2019-02-20 15:09:22'),(13,'Doloremque ea omnis eveniet atque molestiae.','Autem quod.','Neque et.','Pariatur reprehenderit quod.','Sed natus quidem.','Pariatur reprehenderit quod.',1,26,20,'2019-02-20 15:09:22','2019-02-20 15:09:22'),(14,'Debitis sapiente autem temporibus eum nesciunt distinctio.','Et et.','Perspiciatis ipsam necessitatibus.','Voluptas aspernatur.','Adipisci sunt.','Voluptas aspernatur.',1,9,58,'2019-02-20 15:09:22','2019-02-20 15:09:22'),(15,'Ratione adipisci aut commodi ut ad non.','Sed voluptas nam.','Nam in nam.','At in.','Quia expedita.','At in.',1,22,41,'2019-02-20 15:09:22','2019-02-20 15:09:22'),(16,'Magni culpa culpa repudiandae dolorum facere officia.','Adipisci molestiae.','Nihil placeat.','Qui officia molestiae.','Tempore veniam illo.','Qui officia molestiae.',1,14,50,'2019-02-20 15:09:22','2019-02-20 15:09:22'),(17,'Minus et aspernatur eum atque.','Nesciunt laboriosam impedit.','Quis autem.','Fuga fugit.','Enim quos sint.','Fuga fugit.',1,26,12,'2019-02-20 15:09:22','2019-02-20 15:09:22'),(18,'Officia enim ut rerum numquam hic est.','Harum corrupti quas.','Tempore non illum.','Harum impedit.','Tempora ea odit.','Harum impedit.',1,20,100,'2019-02-20 15:09:22','2019-02-20 15:09:22'),(19,'Et ut voluptas sed modi.','Voluptatem est et.','Quia sunt voluptatem.','Similique sunt pariatur.','Eius fugiat quibusdam.','Similique sunt pariatur.',1,21,78,'2019-02-20 15:09:22','2019-02-20 15:09:22'),(20,'Exercitationem vel sit pariatur.','Delectus dolore.','Nihil est.','Itaque illo delectus.','Repudiandae voluptatibus.','Itaque illo delectus.',1,18,87,'2019-02-20 15:09:22','2019-02-20 15:09:22'),(21,'Et ad blanditiis est molestiae.','Veritatis assumenda.','Nisi magnam.','Alias accusantium eveniet.','Dolorem reprehenderit neque.','Alias accusantium eveniet.',1,16,72,'2019-02-20 15:09:22','2019-02-20 15:09:22'),(22,'Architecto autem est quia amet dolores consequatur.','Sint rerum eos.','Reprehenderit omnis aliquam.','Quam nemo odit.','Ea deserunt minima.','Quam nemo odit.',1,17,72,'2019-02-20 15:09:22','2019-02-20 15:09:22'),(23,'Est voluptatem a fuga dolores laudantium ipsa.','Voluptatum architecto aperiam.','Laborum omnis mollitia.','A iusto et.','Nulla rerum eos.','A iusto et.',1,8,30,'2019-02-20 15:09:22','2019-02-20 15:09:22'),(24,'Eum aspernatur ut libero.','Aliquid mollitia sunt.','Quia saepe.','Delectus sunt.','Quis sed ex.','Delectus sunt.',1,24,38,'2019-02-20 15:09:22','2019-02-20 15:09:22'),(25,'Rerum maxime suscipit eveniet sunt fugit.','Vel adipisci.','Exercitationem est.','Ad at architecto.','Vel et et.','Ad at architecto.',1,18,42,'2019-02-20 15:09:22','2019-02-20 15:09:22'),(26,'Modi quaerat iste illum rerum sit.','Neque mollitia similique.','Ut aut magnam.','Molestiae assumenda.','Occaecati quod.','Molestiae assumenda.',1,15,83,'2019-02-20 15:09:22','2019-02-20 15:09:22'),(27,'Optio consectetur quod ut.','Placeat ut architecto.','Harum ad.','Dignissimos perferendis velit.','Ut veniam quam.','Dignissimos perferendis velit.',1,20,43,'2019-02-20 15:09:22','2019-02-20 15:09:22'),(28,'Voluptates nam pariatur ipsum perspiciatis.','Aut eum.','Natus similique aut.','Dolores et.','Adipisci magnam sint.','Dolores et.',1,21,13,'2019-02-20 15:09:22','2019-02-20 15:09:22'),(29,'Praesentium temporibus quis aliquid voluptas.','Quis molestiae quo.','Itaque necessitatibus.','Voluptas cumque.','Expedita ipsa quo.','Voluptas cumque.',1,22,74,'2019-02-20 15:09:22','2019-02-20 15:09:22'),(30,'Nobis molestiae illo maxime tenetur est nemo.','Earum explicabo.','Sed est.','Eveniet consequuntur dolor.','Sed fugiat.','Eveniet consequuntur dolor.',1,22,33,'2019-02-20 15:09:23','2019-02-20 15:09:23'),(31,'Quas itaque placeat quos.','Laudantium placeat iste.','Voluptate odit autem.','Dolores odit fugit.','A dolorem.','Dolores odit fugit.',1,7,28,'2019-02-20 15:09:23','2019-02-20 15:09:23'),(32,'Et aut molestiae nulla natus.','Itaque esse blanditiis.','Quia consectetur rem.','Adipisci enim.','Doloremque labore facilis.','Adipisci enim.',1,6,90,'2019-02-20 15:09:23','2019-02-20 15:09:23'),(33,'Et facere et nam velit veritatis.','Natus vero.','Praesentium quod ut.','Asperiores aliquid.','Quidem enim.','Asperiores aliquid.',1,16,80,'2019-02-20 15:09:23','2019-02-20 15:09:23'),(34,'Aut et dolore sunt vel.','Beatae et.','Aliquid voluptas.','Aut et animi.','Autem vel.','Aut et animi.',1,6,53,'2019-02-20 15:09:23','2019-02-20 15:09:23'),(35,'Sed quos quia velit quisquam.','Sapiente numquam commodi.','Et in dolor.','Amet beatae id.','Culpa ab.','Amet beatae id.',1,30,52,'2019-02-20 15:09:23','2019-02-20 15:09:23'),(36,'Deleniti commodi est sunt qui.','Reiciendis voluptatem.','Eius rerum rerum.','At eveniet.','Magnam eum sed.','At eveniet.',1,12,83,'2019-02-20 15:09:23','2019-02-20 15:09:23'),(37,'Omnis non dolorem neque natus ut dolorem.','Quae deleniti autem.','Nisi sit et.','Iusto voluptatum iure.','Officia natus et.','Iusto voluptatum iure.',1,1,88,'2019-02-20 15:09:23','2019-02-20 15:09:23'),(38,'Autem nulla quia mollitia voluptatem libero.','Nihil quo.','Quia vitae libero.','Ex dolorem.','Excepturi voluptas.','Ex dolorem.',1,30,70,'2019-02-20 15:09:23','2019-02-20 15:09:23'),(39,'Fugit illum in cum molestiae dignissimos.','Laboriosam tenetur est.','Vel temporibus.','Nostrum iure.','Labore veniam.','Nostrum iure.',1,14,13,'2019-02-20 15:09:23','2019-02-20 15:09:23'),(40,'Earum labore voluptatem architecto aut quaerat.','Rerum placeat harum.','Et facilis assumenda.','Provident totam.','Repudiandae consectetur.','Provident totam.',1,16,88,'2019-02-20 15:09:23','2019-02-20 15:09:23'),(41,'Ad non natus qui.','Eum ut.','Dolores iste possimus.','Ducimus sit.','Eveniet neque doloremque.','Ducimus sit.',1,20,18,'2019-02-20 15:09:23','2019-02-20 15:09:23'),(42,'Inventore esse ea est id ut.','Eligendi mollitia sed.','Et ut ab.','Natus voluptatem.','Sit molestias in.','Natus voluptatem.',1,21,62,'2019-02-20 15:09:23','2019-02-20 15:09:23'),(43,'Omnis occaecati et ut.','Adipisci amet earum.','Repellat velit est.','Ratione sit.','Ut qui dolor.','Ratione sit.',1,13,16,'2019-02-20 15:09:23','2019-02-20 15:09:23'),(44,'Laudantium tempore impedit iure tenetur asperiores velit.','Commodi aut numquam.','Doloribus in optio.','Repellendus est.','Est eos nihil.','Repellendus est.',1,19,93,'2019-02-20 15:09:23','2019-02-20 15:09:23'),(45,'Harum et et ipsum voluptas.','Beatae omnis sint.','Corporis consequatur voluptatem.','Animi iusto quia.','Iste cum itaque.','Animi iusto quia.',1,1,47,'2019-02-20 15:09:23','2019-02-20 15:09:23'),(46,'Dolore ipsam voluptatem repellat maxime.','Aut exercitationem eos.','Aliquid provident harum.','Quasi odit et.','Voluptatem hic illum.','Quasi odit et.',1,9,56,'2019-02-20 15:09:23','2019-02-20 15:09:23'),(47,'Assumenda quia perspiciatis nihil.','Voluptatibus dicta molestias.','Enim voluptatem et.','Qui eveniet.','Harum architecto.','Qui eveniet.',1,28,72,'2019-02-20 15:09:23','2019-02-20 15:09:23'),(48,'Accusantium deleniti quas qui omnis aspernatur quisquam.','Repellat temporibus enim.','Excepturi recusandae.','Rerum natus.','Maiores quia.','Rerum natus.',1,19,58,'2019-02-20 15:09:23','2019-02-20 15:09:23'),(49,'Rem eligendi et eligendi qui autem.','Omnis inventore.','In sed.','Consequatur ullam rerum.','Minus consequatur.','Consequatur ullam rerum.',1,20,65,'2019-02-20 15:09:23','2019-02-20 15:09:23'),(50,'Iste vel officiis perspiciatis nostrum.','Vel laudantium similique.','Incidunt quae.','Quae iusto.','Voluptates fugiat consequatur.','Quae iusto.',1,30,94,'2019-02-20 15:09:23','2019-02-20 15:09:23'),(51,'Eum omnis perspiciatis modi quis.','Tenetur ut et.','Corporis nihil.','Qui deserunt.','Fuga sit.','Qui deserunt.',1,17,54,'2019-02-20 15:09:23','2019-02-20 15:09:23'),(52,'Debitis voluptatem corrupti et nam.','Autem sit dicta.','Eligendi vel.','Possimus autem harum.','Atque dolorum ullam.','Possimus autem harum.',1,19,5,'2019-02-20 15:09:23','2019-02-20 15:09:23'),(53,'Error asperiores dolor reprehenderit deleniti eveniet.','Sint dolor non.','Aperiam aut accusantium.','Nihil saepe.','Enim qui doloremque.','Nihil saepe.',1,18,29,'2019-02-20 15:09:23','2019-02-20 15:09:23'),(54,'Aspernatur sed modi accusantium nihil.','Ducimus quisquam aut.','Molestiae quam.','Eos impedit eius.','At minus.','Eos impedit eius.',1,21,24,'2019-02-20 15:09:23','2019-02-20 15:09:23'),(55,'Accusamus aut voluptas dolore rem molestias vel.','Quod atque cupiditate.','Nihil perspiciatis.','Sit sit dolores.','Cumque nisi odit.','Sit sit dolores.',1,11,38,'2019-02-20 15:09:23','2019-02-20 15:09:23'),(56,'Natus repellendus facilis ea explicabo porro voluptates.','Ducimus culpa corporis.','Ab nostrum non.','Dolor et aut.','Tenetur recusandae quo.','Dolor et aut.',1,5,9,'2019-02-20 15:09:23','2019-02-20 15:09:23'),(57,'Et molestiae ducimus illo minima aperiam voluptatem.','Recusandae eum.','Distinctio eligendi ab.','Id rem officiis.','Harum exercitationem saepe.','Id rem officiis.',1,2,37,'2019-02-20 15:09:23','2019-02-20 15:09:23'),(58,'Expedita beatae similique sit.','In iste dolorem.','Voluptate ea enim.','Alias pariatur at.','Aut et sunt.','Alias pariatur at.',1,13,41,'2019-02-20 15:09:23','2019-02-20 15:09:23'),(59,'Sunt sapiente ab tempore ut.','Quibusdam et.','Sed illum.','Impedit voluptates consectetur.','Enim quibusdam.','Impedit voluptates consectetur.',1,11,2,'2019-02-20 15:09:23','2019-02-20 15:09:23'),(60,'Pariatur fugiat maxime et voluptatibus est recusandae.','Qui soluta est.','Numquam illum sint.','Ipsam autem qui.','Perspiciatis eaque.','Ipsam autem qui.',1,14,53,'2019-02-20 15:09:23','2019-02-20 15:09:23'),(61,'Quia non quod aut at numquam inventore.','Mollitia impedit repudiandae.','Nemo debitis.','Ut maxime laboriosam.','Quaerat voluptas rerum.','Ut maxime laboriosam.',1,20,79,'2019-02-20 15:09:23','2019-02-20 15:09:23'),(62,'Eius ducimus harum enim.','Assumenda et est.','Commodi dolorem possimus.','Non explicabo.','Voluptate suscipit iste.','Non explicabo.',1,22,11,'2019-02-20 15:09:23','2019-02-20 15:09:23'),(63,'Ut repellendus sit at eveniet quidem.','Quia molestias.','Sit quia.','Harum et.','Rerum quia ducimus.','Harum et.',1,22,82,'2019-02-20 15:09:23','2019-02-20 15:09:23'),(64,'Perferendis harum facilis aut.','Distinctio rerum.','Asperiores cupiditate.','Eius consequuntur.','Quia odit minus.','Eius consequuntur.',1,28,18,'2019-02-20 15:09:23','2019-02-20 15:09:23'),(65,'Aut accusamus animi ratione magnam.','Alias expedita sequi.','Repudiandae odit earum.','Blanditiis accusamus.','Quod tempore.','Blanditiis accusamus.',1,30,78,'2019-02-20 15:09:23','2019-02-20 15:09:23'),(66,'Sed quae reiciendis reprehenderit.','Voluptas ipsum.','Totam voluptates.','Perspiciatis vitae nisi.','Tempore voluptate.','Perspiciatis vitae nisi.',1,25,31,'2019-02-20 15:09:23','2019-02-20 15:09:23'),(67,'Repellat deserunt magnam incidunt est vel ut.','Nulla optio sit.','Quis aspernatur.','Voluptatibus ut.','Perferendis illum ea.','Voluptatibus ut.',1,26,46,'2019-02-20 15:09:23','2019-02-20 15:09:23'),(68,'Rerum tempora dignissimos velit inventore.','Aspernatur explicabo tempore.','Eos labore.','Nisi similique.','Facere ratione sint.','Nisi similique.',1,13,94,'2019-02-20 15:09:23','2019-02-20 15:09:23'),(69,'Aut dolorem natus quia delectus.','Ducimus et impedit.','Ipsum aut beatae.','Fuga quo.','Commodi eius quisquam.','Fuga quo.',1,25,35,'2019-02-20 15:09:23','2019-02-20 15:09:23'),(70,'Expedita ipsa ea totam et.','Officiis dolor voluptatum.','Consequatur illum.','Excepturi architecto velit.','Voluptas voluptatibus occaecati.','Excepturi architecto velit.',1,8,69,'2019-02-20 15:09:23','2019-02-20 15:09:23'),(71,'Sequi aut vel vitae.','Voluptates ut.','Odit cupiditate numquam.','Qui quam.','Facere maxime.','Qui quam.',1,9,31,'2019-02-20 15:09:23','2019-02-20 15:09:23'),(72,'Debitis error at ipsum.','Non minima ex.','Nostrum impedit.','Qui hic veritatis.','Voluptates quidem.','Qui hic veritatis.',1,28,53,'2019-02-20 15:09:24','2019-02-20 15:09:24'),(73,'Officiis laudantium illo quo.','Officiis fugiat.','Sunt ipsa.','Quasi exercitationem.','Debitis non.','Quasi exercitationem.',1,2,71,'2019-02-20 15:09:24','2019-02-20 15:09:24'),(74,'Quis voluptates ipsum et perspiciatis dolorum earum.','Officia debitis pariatur.','Nam aut.','Veniam ab.','In recusandae.','Veniam ab.',1,25,21,'2019-02-20 15:09:24','2019-02-20 15:09:24'),(75,'Sint veniam dolores similique.','Sequi voluptatum.','Animi non.','Voluptates qui culpa.','Suscipit aliquam.','Voluptates qui culpa.',1,23,39,'2019-02-20 15:09:24','2019-02-20 15:09:24'),(76,'Ea dolores dolor dolores.','Ad perferendis ipsum.','Eligendi autem.','Asperiores aperiam.','Eius sed et.','Asperiores aperiam.',1,27,88,'2019-02-20 15:09:24','2019-02-20 15:09:24'),(77,'Cupiditate velit maxime qui corporis quasi tempora.','Minima consequatur.','Animi tenetur sit.','Quibusdam recusandae voluptate.','Quia quia voluptas.','Quibusdam recusandae voluptate.',1,3,6,'2019-02-20 15:09:24','2019-02-20 15:09:24'),(78,'Qui quaerat nesciunt qui quos.','Voluptates eveniet provident.','Sed sequi aut.','Reiciendis qui.','Aperiam voluptate aut.','Reiciendis qui.',1,8,22,'2019-02-20 15:09:24','2019-02-20 15:09:24'),(79,'Aut in libero maiores quisquam voluptas.','Adipisci id.','Quae consequatur.','Qui voluptate consequatur.','Aliquid animi accusamus.','Qui voluptate consequatur.',1,7,57,'2019-02-20 15:09:24','2019-02-20 15:09:24'),(80,'Cumque ad quis aspernatur illum voluptas.','Atque et.','Aspernatur iure.','Sint molestias omnis.','Dolorum ex.','Sint molestias omnis.',1,27,60,'2019-02-20 15:09:24','2019-02-20 15:09:24'),(81,'Dolorum libero ullam voluptatum animi.','Amet sed.','Deserunt eius.','Rerum dolores possimus.','Eos dicta numquam.','Rerum dolores possimus.',1,27,17,'2019-02-20 15:09:24','2019-02-20 15:09:24'),(82,'Soluta voluptatem unde hic dolores.','Consequuntur quisquam.','Delectus sed fugiat.','Est voluptatem doloremque.','Expedita velit eveniet.','Est voluptatem doloremque.',1,19,84,'2019-02-20 15:09:24','2019-02-20 15:09:24'),(83,'Qui ipsam pariatur quaerat ab esse non.','Possimus sunt.','Voluptatem rerum.','Molestiae qui amet.','Doloremque ratione.','Molestiae qui amet.',1,2,68,'2019-02-20 15:09:24','2019-02-20 15:09:24'),(84,'Incidunt rem earum consectetur quis quo consequuntur ut.','Iure dolorem amet.','Labore fuga.','Dolore sint nobis.','Sed voluptatibus magnam.','Dolore sint nobis.',1,18,86,'2019-02-20 15:09:24','2019-02-20 15:09:24'),(85,'Voluptas et numquam aliquid quo.','Aut totam qui.','Omnis amet tempora.','Nisi delectus.','Qui quos enim.','Nisi delectus.',1,8,4,'2019-02-20 15:09:24','2019-02-20 15:09:24'),(86,'Velit tempore provident quia rem cum ea.','Eos et sint.','Repudiandae culpa aut.','Laudantium unde.','Deleniti dicta saepe.','Laudantium unde.',1,20,80,'2019-02-20 15:09:24','2019-02-20 15:09:24'),(87,'Dolorem rem ea assumenda quo id molestiae.','Accusamus eum sit.','Suscipit commodi doloribus.','Esse itaque tenetur.','Et assumenda doloremque.','Esse itaque tenetur.',1,10,43,'2019-02-20 15:09:24','2019-02-20 15:09:24'),(88,'Amet voluptas voluptas esse est.','Est iste quo.','Rerum molestiae ducimus.','Itaque est saepe.','Harum voluptatem.','Itaque est saepe.',1,28,19,'2019-02-20 15:09:24','2019-02-20 15:09:24'),(89,'Quas magni eveniet quia repudiandae.','Velit excepturi.','Voluptatum consequuntur quidem.','Harum officiis qui.','Et aut.','Harum officiis qui.',1,27,74,'2019-02-20 15:09:24','2019-02-20 15:09:24'),(90,'Ut laudantium enim assumenda fuga incidunt earum.','Ducimus est.','Dolor ullam.','Corporis natus.','Eum vel modi.','Corporis natus.',1,9,29,'2019-02-20 15:09:24','2019-02-20 15:09:24'),(91,'Qui aperiam odio pariatur inventore iure quis.','Ea facilis.','Iste voluptatem.','Aut quibusdam.','Non et.','Aut quibusdam.',1,18,8,'2019-02-20 15:09:24','2019-02-20 15:09:24'),(92,'Esse amet voluptates et eius sit.','Accusamus quis possimus.','Optio accusamus.','Culpa maxime officia.','Asperiores deserunt eos.','Culpa maxime officia.',1,8,65,'2019-02-20 15:09:24','2019-02-20 15:09:24'),(93,'Asperiores nemo dolor amet ullam mollitia.','Aliquid inventore.','Provident qui.','Autem cumque.','Quos iste.','Autem cumque.',1,17,21,'2019-02-20 15:09:24','2019-02-20 15:09:24'),(94,'Tempore voluptatibus minus expedita.','Aut facilis asperiores.','Porro laboriosam.','Saepe et modi.','Et atque vel.','Saepe et modi.',1,23,23,'2019-02-20 15:09:24','2019-02-20 15:09:24'),(95,'Consequatur quia explicabo rerum sit odit doloremque.','Quaerat vero.','Tempora aperiam.','Quae non impedit.','Aut nihil.','Quae non impedit.',1,26,30,'2019-02-20 15:09:24','2019-02-20 15:09:24'),(96,'Odio dolorem laboriosam ipsa.','Maiores dignissimos quia.','Consequatur dolor veritatis.','Vero dolores.','Ut non.','Vero dolores.',1,29,67,'2019-02-20 15:09:24','2019-02-20 15:09:24'),(97,'Maiores eveniet assumenda in aut.','Magni eos ad.','Molestiae nemo ut.','Reiciendis quas.','Et asperiores aperiam.','Reiciendis quas.',1,29,50,'2019-02-20 15:09:24','2019-02-20 15:09:24'),(98,'Consequatur porro asperiores magni.','Autem ipsum eaque.','Autem aut.','Dolores reprehenderit.','Quos doloribus nostrum.','Dolores reprehenderit.',1,5,82,'2019-02-20 15:09:24','2019-02-20 15:09:24'),(99,'Aut voluptate culpa et.','Cupiditate dolores.','Distinctio at eaque.','Ipsa totam.','Laudantium aut.','Ipsa totam.',1,11,81,'2019-02-20 15:09:24','2019-02-20 15:09:24'),(100,'Minus in laboriosam ut.','Ut qui.','Dolores est.','Accusantium aut veritatis.','Nihil cumque.','Accusantium aut veritatis.',1,30,32,'2019-02-20 15:09:24','2019-02-20 15:09:24');



/*Table structure for table `resource_categories` */



DROP TABLE IF EXISTS `resource_categories`;



CREATE TABLE `resource_categories` (
  `id` int(10) unsigned NOT NULL AUTO_INCREMENT,
  `name` varchar(128) COLLATE utf8mb4_unicode_ci NOT NULL,
  `slug` varchar(128) COLLATE utf8mb4_unicode_ci NOT NULL,
  `description` mediumtext COLLATE utf8mb4_unicode_ci,
  `user_id` int(10) unsigned NOT NULL,
  `created_at` timestamp NULL DEFAULT NULL,
  `updated_at` timestamp NULL DEFAULT NULL,
  `deleted_at` timestamp NULL DEFAULT NULL,
  PRIMARY KEY (`id`),
  UNIQUE KEY `resource_categories_slug_unique` (`slug`),
  KEY `resource_categories_user_id_foreign` (`user_id`),
  CONSTRAINT `resource_categories_user_id_foreign` FOREIGN KEY (`user_id`) REFERENCES `users` (`id`) ON DELETE CASCADE ON UPDATE CASCADE
) ENGINE=InnoDB AUTO_INCREMENT=5 DEFAULT CHARSET=utf8mb4 COLLATE=utf8mb4_unicode_ci;



/*Data for the table `resource_categories` */



insert  into `resource_categories`(`id`,`name`,`slug`,`description`,`user_id`,`created_at`,`updated_at`,`deleted_at`) values (1,'Carpeta de Clases Regulares Agrupadas','carpeta-de-clases-regulares-agrupadas','Carpeta de Clases Regulares Agrupadas para Líderes de Conquistadores, concuerda con los requisitos exigidos en la nueva tarjeta de Clases Agrupadas.',1,'2019-02-20 15:09:01','2019-02-20 15:09:01',NULL),(2,'Formularios de Secretaria Conquistadores','formularios-de-secretaria-conquistadores','Formularios de Secretaria para el Club de Conquistadores de acuerdo al Manual Administrativo de Conquistadores (MAC).',1,'2019-02-20 15:09:01','2019-02-20 15:09:01',NULL),(3,'Especialidades de Conquistadores ','especialidades-de-conquistadores','Preguntas, respuestas, materia e información adicional para reforzar las respuestas de las Especialidades.',1,'2019-02-20 15:09:01','2019-02-20 15:09:01',NULL),(4,'Libro del Año 2018 Club de Conquistadores','libro-del-ano-2018-club-de-conquistadores','Materiales y Evaluaciones didácticas del Libro del Año 2018 del Club de Conquistadores.',1,'2019-02-20 15:09:01','2019-02-20 15:09:01',NULL);



/*Table structure for table `resource_tag` */



DROP TABLE IF EXISTS `resource_tag`;



CREATE TABLE `resource_tag` (
  `id` int(10) unsigned NOT NULL AUTO_INCREMENT,
  `resource_id` int(10) unsigned NOT NULL,
  `tag_id` int(10) unsigned NOT NULL,
  `created_at` timestamp NULL DEFAULT NULL,
  `updated_at` timestamp NULL DEFAULT NULL,
  PRIMARY KEY (`id`),
  KEY `resource_tag_resource_id_foreign` (`resource_id`),
  KEY `resource_tag_tag_id_foreign` (`tag_id`),
  CONSTRAINT `resource_tag_resource_id_foreign` FOREIGN KEY (`resource_id`) REFERENCES `resources` (`id`) ON DELETE CASCADE ON UPDATE CASCADE,
  CONSTRAINT `resource_tag_tag_id_foreign` FOREIGN KEY (`tag_id`) REFERENCES `tags` (`id`) ON DELETE CASCADE ON UPDATE CASCADE
) ENGINE=InnoDB DEFAULT CHARSET=utf8mb4 COLLATE=utf8mb4_unicode_ci;



/*Data for the table `resource_tag` */



/*Table structure for table `resources` */



DROP TABLE IF EXISTS `resources`;



CREATE TABLE `resources` (
  `id` int(10) unsigned NOT NULL AUTO_INCREMENT,
  `name` varchar(128) COLLATE utf8mb4_unicode_ci NOT NULL,
  `slug` varchar(128) COLLATE utf8mb4_unicode_ci NOT NULL,
  `order` int(11) NOT NULL,
  `filename` varchar(128) COLLATE utf8mb4_unicode_ci DEFAULT NULL,
  `file` varchar(128) COLLATE utf8mb4_unicode_ci DEFAULT NULL,
  `imagename` varchar(128) COLLATE utf8mb4_unicode_ci DEFAULT NULL,
  `description` mediumtext COLLATE utf8mb4_unicode_ci,
  `body` text COLLATE utf8mb4_unicode_ci,
  `status` enum('PUBLISHED','DRAFT') COLLATE utf8mb4_unicode_ci NOT NULL DEFAULT 'DRAFT',
  `user_id` int(10) unsigned NOT NULL,
  `resource_category_id` int(10) unsigned NOT NULL,
  `created_at` timestamp NULL DEFAULT NULL,
  `updated_at` timestamp NULL DEFAULT NULL,
  `deleted_at` timestamp NULL DEFAULT NULL,
  PRIMARY KEY (`id`),
  UNIQUE KEY `resources_slug_unique` (`slug`),
  KEY `resources_user_id_foreign` (`user_id`),
  KEY `resources_resource_category_id_foreign` (`resource_category_id`),
  CONSTRAINT `resources_resource_category_id_foreign` FOREIGN KEY (`resource_category_id`) REFERENCES `resource_categories` (`id`) ON DELETE CASCADE ON UPDATE CASCADE,
  CONSTRAINT `resources_user_id_foreign` FOREIGN KEY (`user_id`) REFERENCES `users` (`id`) ON DELETE CASCADE ON UPDATE CASCADE
) ENGINE=InnoDB AUTO_INCREMENT=23 DEFAULT CHARSET=utf8mb4 COLLATE=utf8mb4_unicode_ci;



/*Data for the table `resources` */



insert  into `resources`(`id`,`name`,`slug`,`order`,`filename`,`file`,`imagename`,`description`,`body`,`status`,`user_id`,`resource_category_id`,`created_at`,`updated_at`,`deleted_at`) values (1,'Parte I: Generales','parte-i-generales',1,'/doc/upload/resources/Escuela-de-Lideres-CUARTA-REGION-1-20.pdf','/image/upload/resources/carpeta-clases-regulares.png','/image/upload/resources/carpeta-clases-regulares.png','Carpeta de Clases Regulares Agrupadas, parte I; que comprende de la página 11 hasta la 20.','','PUBLISHED',1,1,'2019-02-20 15:09:01','2019-02-20 15:09:01',NULL),(2,'Parte II: Descubrimiento Espiritual','parte-ii-descubrimiento-espiritual',2,'/doc/upload/resources/Escuela-de-Lideres-CUARTA-REGION-21-77.pdf','/image/upload/resources/carpeta-clases-regulares.png','/image/upload/resources/carpeta-clases-regulares.png','Carpeta de Clases Regulares Agrupadas, parte II; que comprende de la página 21 hasta la 77.','','PUBLISHED',1,1,'2019-02-20 15:09:01','2019-02-20 15:09:01',NULL),(3,'Parte III: Sirviendo a los demas','parte-iii-sirviendo-a-los-demas',3,'/doc/upload/resources/Escuela-de-Lideres-CUARTA-REGION-78-84.pdf','/image/upload/resources/carpeta-clases-regulares.png','/image/upload/resources/carpeta-clases-regulares.png','Carpeta de Clases Regulares Agrupadas, parte III; que comprende de la página 78 hasta la 84.','','PUBLISHED',1,1,'2019-02-20 15:09:01','2019-02-20 15:09:01',NULL),(4,'Parte IV: Desarrollo de la amistad','parte-iv-desarrollo-de-la-amistad',4,'/doc/upload/resources/Escuela-de-Lideres-CUARTA-REGION-85-91.pdf','/image/upload/resources/carpeta-clases-regulares.png','/image/upload/resources/carpeta-clases-regulares.png','Carpeta de Clases Regulares Agrupadas, parte IV; que comprende de la página 85 hasta la 91.','','PUBLISHED',1,1,'2019-02-20 15:09:01','2019-02-20 15:09:01',NULL),(5,'Parte V: Salud y actitud Física','parte-v-salud-y-actitud-fisica',5,'/doc/upload/resources/Escuela-de-Lideres-CUARTA-REGION-92-102.pdf','/image/upload/resources/carpeta-clases-regulares.png','/image/upload/resources/carpeta-clases-regulares.png','Carpeta de Clases Regulares Agrupadas, parte V; que comprende de la página 92 hasta la 102.','','PUBLISHED',1,1,'2019-02-20 15:09:01','2019-02-20 15:09:01',NULL),(6,'Parte VI: Organización y Liderazgo','parte-vi-organizacion-y-liderazgo',6,'/doc/upload/resources/Escuela-de-Lideres-CUARTA-REGION-103-110.pdf','/image/upload/resources/carpeta-clases-regulares.png','/image/upload/resources/carpeta-clases-regulares.png','Carpeta de Clases Regulares Agrupadas, parte VI; que comprende de la página 103 hasta la 110.','','PUBLISHED',1,1,'2019-02-20 15:09:01','2019-02-20 15:09:01',NULL),(7,'Parte VII: Estudio de la Naturaleza','parte-vii-estudio-de-la-naturaleza',7,'/doc/upload/resources/Escuela-de-Lideres-CUARTA-REGION-111-125.pdf','/image/upload/resources/carpeta-clases-regulares.png','/image/upload/resources/carpeta-clases-regulares.png','Carpeta de Clases Regulares Agrupadas, parte VII; que comprende de la página 111 hasta la 125.','','PUBLISHED',1,1,'2019-02-20 15:09:01','2019-02-20 15:09:01',NULL),(8,'Parte VIII: Arte de Acampar','parte-viii-arte-de-acampar',8,'/doc/upload/resources/Escuela-de-Lideres-CUARTA-REGION-126-142.pdf','/image/upload/resources/carpeta-clases-regulares.png','/image/upload/resources/carpeta-clases-regulares.png','Carpeta de Clases Regulares Agrupadas, parte VIII; que comprende de la página 126 hasta la 142.','','PUBLISHED',1,1,'2019-02-20 15:09:01','2019-02-20 15:09:01',NULL),(9,'C01 Ficha de Registro del Club','c01-ficha-de-registro-del-club',9,'/doc/upload/resources/01-Registro-del-Club.pdf','/image/upload/resources/document-edit-flat.png','/image/upload/resources/document-edit-flat.png','Este formulario debe llenarse al Inicio de Gestión de cada año o cuando el Club es nuevo, una vez llenado debe presentarse a su Misión para ser registrado al Sistema de Gestión de Clubes.','','PUBLISHED',1,2,'2019-02-20 15:09:01','2019-02-20 15:09:01',NULL),(10,'C02 Solicitud de Cobertura de Seguro','c02-solicitud-de-cobertura-de-seguro',10,'/doc/upload/resources/02-Cobertura-de-Seguro.pdf','/image/upload/resources/document-edit-flat.png','/image/upload/resources/document-edit-flat.png','Este formulario debe llenarse al Inicio de Gestión de cada año o cuando el Club es nuevo, deben estar los datos de la Directiva, Consejeros y Conquistadores una vez llenado debe presentarse a su Misión para realizar la Solicitud de Cobertura de Seguro.','','PUBLISHED',1,2,'2019-02-20 15:09:01','2019-02-20 15:09:01',NULL),(11,'Números, letras y posiciones básicas, Especialidad de Código Semáforo','numeros-letras-y-posiciones-basicas-especialidad-de-codigo-semaforo',11,'/doc/upload/resources/AP-046-Codigo-Semaforo-numeros-letras.pdf','/image/upload/resources/numeros-codigo-semaforo.png','/image/upload/resources/numeros-codigo-semaforo.png','Posiciones de los brazos para realizar los números y letras del alfabetos, incluyendo posiciones básicas de Código Semáforo.','','PUBLISHED',1,3,'2019-02-20 15:09:01','2019-02-20 15:09:01',NULL),(12,'Evaluación básica para conquistadores, Especialidad de Código Semáforo','evaluacion-basica-para-conquistadores-especialidad-de-codigo-semaforo',12,'/doc/upload/resources/AP-046-Codigo-Semaforo-preguntas-v1.pdf','/image/upload/resources/evaluation-codigo-semaforo.png','/image/upload/resources/evaluation-codigo-semaforo.png','Preguntas básicas para conquistadores. Esta evaluación es un modelo en su versión 1 para Instructores que estén dictando la especialidad.','','PUBLISHED',1,3,'2019-02-20 15:09:01','2019-02-20 15:09:01',NULL),(13,'Capítulo I; Evaluación Libro del Año','capitulo-i-evaluacion-libro-del-ano',13,'/doc/upload/resources/capitulo-I-libro-del-año-2018-all.pdf','/image/upload/resources/capitulo-I-evaluation-2018.png','/image/upload/resources/capitulo-I-evaluation-2018.png','Evaluación del Capítulo I del Libro de año 2018 “Vaso de Barro” del Club de Conquistadores.','','PUBLISHED',30,4,'2019-02-20 15:09:01','2019-02-20 15:09:01',NULL),(14,'Capítulo II; Evaluación Libro del Año','capitulo-ii-evaluacion-libro-del-ano',12,'/doc/upload/resources/capitulo-II-libro-del-año-2018-all.pdf','/image/upload/resources/capitulo-II-evaluation-2018.png','/image/upload/resources/capitulo-II-evaluation-2018.png','Evaluación del Capítulo II del Libro de año 2018 “Vaso de Barro” del Club de Conquistadores.','','PUBLISHED',30,4,'2019-02-20 15:09:01','2019-02-20 15:09:01',NULL),(15,'Capítulo III; Evaluación Libro del Año','capitulo-iii-evaluacion-libro-del-ano',12,'/doc/upload/resources/capitulo-III-libro-del-año-2018-all.pdf','/image/upload/resources/capitulo-III-evaluation-2018.png','/image/upload/resources/capitulo-III-evaluation-2018.png','Evaluación del Capítulo III del Libro de año 2018 “Vaso de Barro” del Club de Conquistadores.','','PUBLISHED',30,4,'2019-02-20 15:09:01','2019-02-20 15:09:01',NULL),(16,'Capítulo IV; Evaluación Libro del Año','capitulo-iv-evaluacion-libro-del-ano',12,'/doc/upload/resources/capitulo-IV-libro-del-año-2018-all.pdf','/image/upload/resources/capitulo-IV-evaluation-2018.png','/image/upload/resources/capitulo-IV-evaluation-2018.png','Evaluación del Capítulo IV del Libro de año 2018 “Vaso de Barro” del Club de Conquistadores.','','PUBLISHED',30,4,'2019-02-20 15:09:01','2019-02-20 15:09:01',NULL),(17,'Capítulo V; Evaluación Libro del Año','capitulo-v-evaluacion-libro-del-ano',12,'/doc/upload/resources/capitulo-V-libro-del-año-2018-all.pdf','/image/upload/resources/capitulo-V-evaluation-2018.png','/image/upload/resources/capitulo-V-evaluation-2018.png','Evaluación del Capítulo V del Libro de año 2018 “Vaso de Barro” del Club de Conquistadores.','','PUBLISHED',30,4,'2019-02-20 15:09:01','2019-02-20 15:09:01',NULL),(18,'Capítulo VI; Evaluación Libro del Año','capitulo-vi-evaluacion-libro-del-ano',12,'/doc/upload/resources/capitulo-VI-libro-del-año-2018-all.pdf','/image/upload/resources/capitulo-VI-evaluation-2018.png','/image/upload/resources/capitulo-VI-evaluation-2018.png','Evaluación del Capítulo VI del Libro de año 2018 “Vaso de Barro” del Club de Conquistadores.','','PUBLISHED',30,4,'2019-02-20 15:09:01','2019-02-20 15:09:01',NULL),(19,'Capítulo VII; Evaluación Libro del Año','capitulo-vii-evaluacion-libro-del-ano',12,'/doc/upload/resources/capitulo-VII-libro-del-año-2018-all.pdf','/image/upload/resources/capitulo-VII-evaluation-2018.png','/image/upload/resources/capitulo-VII-evaluation-2018.png','Evaluación del Capítulo VII del Libro de año 2018 “Vaso de Barro” del Club de Conquistadores.','','PUBLISHED',30,4,'2019-02-20 15:09:01','2019-02-20 15:09:01',NULL),(20,'Capítulo VIII; Evaluación Libro del Año','capitulo-viii-evaluacion-libro-del-ano',12,'/doc/upload/resources/capitulo-VIII-libro-del-año-2018-all.pdf','/image/upload/resources/capitulo-VIII-evaluation-2018.png','/image/upload/resources/capitulo-VIII-evaluation-2018.png','Evaluación del Capítulo VIII del Libro de año 2018 “Vaso de Barro” del Club de Conquistadores.','','PUBLISHED',30,4,'2019-02-20 15:09:01','2019-02-20 15:09:01',NULL),(21,'Capítulo IX; Evaluación Libro del Año','capitulo-ix-evaluacion-libro-del-ano',12,'/doc/upload/resources/capitulo-IX-libro-del-año-2018-all.pdf','/image/upload/resources/capitulo-IX-evaluation-2018.png','/image/upload/resources/capitulo-IX-evaluation-2018.png','Evaluación del Capítulo IX del Libro de año 2018 “Vaso de Barro” del Club de Conquistadores.','','PUBLISHED',30,4,'2019-02-20 15:09:01','2019-02-20 15:09:01',NULL),(22,'Capítulo X; Evaluación Libro del Año','capitulo-x-evaluacion-libro-del-ano',12,'/doc/upload/resources/capitulo-X-libro-del-año-2018-all.pdf','/image/upload/resources/capitulo-X-evaluation-2018.png','/image/upload/resources/capitulo-X-evaluation-2018.png','Evaluación del Capítulo X del Libro de año 2018 “Vaso de Barro” del Club de Conquistadores.','','PUBLISHED',30,4,'2019-02-20 15:09:01','2019-02-20 15:09:01',NULL);



/*Table structure for table `role_user` */



DROP TABLE IF EXISTS `role_user`;



CREATE TABLE `role_user` (
  `id` int(10) unsigned NOT NULL AUTO_INCREMENT,
  `role_id` int(10) unsigned NOT NULL,
  `user_id` int(10) unsigned NOT NULL,
  `created_at` timestamp NULL DEFAULT NULL,
  `updated_at` timestamp NULL DEFAULT NULL,
  PRIMARY KEY (`id`),
  KEY `role_user_role_id_index` (`role_id`),
  KEY `role_user_user_id_index` (`user_id`),
  CONSTRAINT `role_user_role_id_foreign` FOREIGN KEY (`role_id`) REFERENCES `roles` (`id`) ON DELETE CASCADE,
  CONSTRAINT `role_user_user_id_foreign` FOREIGN KEY (`user_id`) REFERENCES `users` (`id`) ON DELETE CASCADE
) ENGINE=InnoDB DEFAULT CHARSET=utf8mb4 COLLATE=utf8mb4_unicode_ci;



/*Data for the table `role_user` */



/*Table structure for table `roles` */



DROP TABLE IF EXISTS `roles`;



CREATE TABLE `roles` (
  `id` int(10) unsigned NOT NULL AUTO_INCREMENT,
  `name` varchar(120) COLLATE utf8mb4_unicode_ci NOT NULL,
  `slug` varchar(120) COLLATE utf8mb4_unicode_ci NOT NULL,
  `description` text COLLATE utf8mb4_unicode_ci,
  `created_at` timestamp NULL DEFAULT NULL,
  `updated_at` timestamp NULL DEFAULT NULL,
  `special` enum('all-access','no-access') COLLATE utf8mb4_unicode_ci DEFAULT NULL,
  PRIMARY KEY (`id`),
  UNIQUE KEY `roles_name_unique` (`name`),
  UNIQUE KEY `roles_slug_unique` (`slug`)
) ENGINE=InnoDB AUTO_INCREMENT=2 DEFAULT CHARSET=utf8mb4 COLLATE=utf8mb4_unicode_ci;



/*Data for the table `roles` */



insert  into `roles`(`id`,`name`,`slug`,`description`,`created_at`,`updated_at`,`special`) values (1,'Admin','slug',NULL,'2019-02-20 15:08:39','2019-02-20 15:08:39','all-access');



/*Table structure for table `specialties` */



DROP TABLE IF EXISTS `specialties`;



CREATE TABLE `specialties` (
  `id` int(10) unsigned NOT NULL AUTO_INCREMENT,
  `name` varchar(128) COLLATE utf8mb4_unicode_ci NOT NULL,
  `slug` varchar(128) COLLATE utf8mb4_unicode_ci NOT NULL,
  `order` int(11) NOT NULL,
  `filename` varchar(128) COLLATE utf8mb4_unicode_ci DEFAULT NULL,
  `file` varchar(128) COLLATE utf8mb4_unicode_ci DEFAULT NULL,
  `imagename` varchar(128) COLLATE utf8mb4_unicode_ci DEFAULT NULL,
  `description` mediumtext COLLATE utf8mb4_unicode_ci,
  `body` text COLLATE utf8mb4_unicode_ci,
  `status` enum('PUBLISHED','DRAFT') COLLATE utf8mb4_unicode_ci NOT NULL DEFAULT 'DRAFT',
  `user_id` int(10) unsigned NOT NULL,
  `specialty_area_id` int(10) unsigned NOT NULL,
  `created_at` timestamp NULL DEFAULT NULL,
  `updated_at` timestamp NULL DEFAULT NULL,
  PRIMARY KEY (`id`),
  UNIQUE KEY `specialties_slug_unique` (`slug`),
  KEY `specialties_user_id_foreign` (`user_id`),
  KEY `specialties_specialty_area_id_foreign` (`specialty_area_id`),
  CONSTRAINT `specialties_specialty_area_id_foreign` FOREIGN KEY (`specialty_area_id`) REFERENCES `specialty_areas` (`id`) ON DELETE CASCADE ON UPDATE CASCADE,
  CONSTRAINT `specialties_user_id_foreign` FOREIGN KEY (`user_id`) REFERENCES `users` (`id`) ON DELETE CASCADE ON UPDATE CASCADE
) ENGINE=InnoDB AUTO_INCREMENT=62 DEFAULT CHARSET=utf8mb4 COLLATE=utf8mb4_unicode_ci;



/*Data for the table `specialties` */



insert  into `specialties`(`id`,`name`,`slug`,`order`,`filename`,`file`,`imagename`,`description`,`body`,`status`,`user_id`,`specialty_area_id`,`created_at`,`updated_at`) values (1,'Código Semáforo','codigo-semaforo',1,'/doc/upload/specialties/AP-046-Codigo-Semaforo.pdf','/image/upload/specialties/codigo-semaforo.jpg','/image/upload/specialties/codigo-semaforo.jpg','AP 046 - Especialidad de Código Semáforo, perteneciente al Área de Actividades Profesionales.',NULL,'PUBLISHED',1,5,'2019-02-20 15:08:58','2019-02-20 15:08:58'),(2,'Perros','perros',2,'/doc/upload/specialties/EN-034-perros.pdf','/image/upload/specialties/perros.jpg','/image/upload/specialties/perros.jpg','EN 034 - Especialidad de Perros, perteneciente al Área de Estudio de la Naturaleza.',NULL,'PUBLISHED',1,8,'2019-02-20 15:08:59','2019-02-20 15:08:59'),(3,'Campamento I','campamento-i',2,'/doc/upload/specialties/AR 050 - Campamento I.pdf','/image/upload/specialties/campamento_I.jpg','/image/upload/specialties/campamento_I.jpg','AR 050 - Especialidad de Campamento I, perteneciente al Área de Estudio de la Naturaleza.',NULL,'PUBLISHED',1,6,'2019-02-20 15:08:59','2019-02-20 15:08:59'),(4,'Campamento II','campamento-ii',2,'/doc/upload/specialties/AR 051 - Campamento II.pdf','/image/upload/specialties/campamento_II.jpg','/image/upload/specialties/campamento_II.jpg','AR 051 - Especialidad de Campamento II, perteneciente al Área de Estudio de la Naturaleza.',NULL,'PUBLISHED',1,6,'2019-02-20 15:08:59','2019-02-20 15:08:59'),(5,'Campamento III','campamento-iii',2,'/doc/upload/specialties/AR 052 - Campamento III.pdf','/image/upload/specialties/campamento_III.jpg','/image/upload/specialties/campamento_III.jpg','AR 052 - Especialidad de Campamento III, perteneciente al Área de Estudio de la Naturaleza.',NULL,'PUBLISHED',1,6,'2019-02-20 15:08:59','2019-02-20 15:08:59'),(6,'Escatología','escatologia',2,'/doc/upload/specialties/AM-038-Escatologia.pdf','/image/upload/specialties/escatologia.jpg','/image/upload/specialties/escatologia.jpg','AM 038 - Especialidad de Escatología, perteneciente al Área de Actividades misioneras y comunitarias.',NULL,'PUBLISHED',1,4,'2019-02-20 15:08:59','2019-02-20 15:08:59'),(7,'Cometas','cometas',2,'/doc/upload/specialties/AR-059-Cometas.pdf','/image/upload/specialties/cometas.jpg','/image/upload/specialties/cometas.jpg','AR 059 - Especialidad de Cometas, perteneciente al Área de Actividades recreativas.',NULL,'PUBLISHED',1,6,'2019-02-20 15:08:59','2019-02-20 15:08:59'),(8,'Nudos y amarras','nudos-y-amarras',2,'/doc/upload/specialties/AR-040-Nudos-y-amarras.pdf','/image/upload/specialties/nudos_y_amarras.jpg','/image/upload/specialties/nudos_y_amarras.jpg','AR 040 - Especialidad de Nudos y amarras, perteneciente al Área de Actividades recreativas.',NULL,'PUBLISHED',1,6,'2019-02-20 15:08:59','2019-02-20 15:08:59'),(9,'Ganadería','ganaderia',3,'/doc/upload/specialties/AA 014 - Ganaderia.pdf','/image/upload/specialties/ganaderia.jpg','/image/upload/specialties/ganaderia.jpg','AA 014 - Especialidad de Ganadería, perteneciente al Área de Actividades agrícolas.',NULL,'PUBLISHED',1,3,'2019-02-20 15:08:59','2019-02-20 15:08:59'),(10,'Civismo cristiano','civismo-cristiano',3,'/doc/upload/specialties/AM 006 - Civismo Cristiano.pdf','/image/upload/specialties/civismo_cristiano.jpg','/image/upload/specialties/civismo_cristiano.jpg','AM 006 - Especialidad de Civismo cristiano, perteneciente al Área de Actividades misioneras y comunitarias.',NULL,'PUBLISHED',1,4,'2019-02-20 15:08:59','2019-02-20 15:08:59'),(11,'Testificación menores','testificacion-menores',3,'/doc/upload/specialties/AM 010 - Testificacion de Menores.pdf','/image/upload/specialties/testificacion_menores.jpg','/image/upload/specialties/testificacion_menores.jpg','AM 010 - Especialidad de Testificación menores, perteneciente al Área de Actividades misioneras y comunitarias.',NULL,'PUBLISHED',1,4,'2019-02-20 15:08:59','2019-02-20 15:08:59'),(12,'Modales cristianos','modales-cristianos',3,'/doc/upload/specialties/AM 011 - Modales Cristianos.pdf','/image/upload/specialties/modales_cristianos.jpg','/image/upload/specialties/modales_cristianos.jpg','AM 011 - Especialidad de Modales cristianos, perteneciente al Área de Actividades misioneras y comunitarias.',NULL,'PUBLISHED',1,4,'2019-02-20 15:08:59','2019-02-20 15:08:59'),(13,'Vida familiar','vida-familiar',3,'/doc/upload/specialties/AM 012 - Vida familiar.pdf','/image/upload/specialties/vida_familiar.jpg','/image/upload/specialties/vida_familiar.jpg','AM 012 - Especialidad de Vida familiar, perteneciente al Área de Actividades misioneras y comunitarias.',NULL,'PUBLISHED',1,4,'2019-02-20 15:08:59','2019-02-20 15:08:59'),(14,'Temperancia','temperancia',3,'/doc/upload/specialties/AM 013 - Temperancia.pdf','/image/upload/specialties/temperancia.jpg','/image/upload/specialties/temperancia.jpg','AM 013 - Especialidad de Temperancia, perteneciente al Área de Actividades misioneras y comunitarias.',NULL,'PUBLISHED',1,4,'2019-02-20 15:08:59','2019-02-20 15:08:59'),(15,'Mayordomía','mayordomia',3,'/doc/upload/specialties/AM 015 - Mayordomia.pdf','/image/upload/specialties/mayordomia.jpg','/image/upload/specialties/mayordomia.jpg','AM 015 - Especialidad de Mayordomía, perteneciente al Área de Actividades misioneras y comunitarias.',NULL,'PUBLISHED',1,4,'2019-02-20 15:08:59','2019-02-20 15:08:59'),(16,'Aventurero para cristo','aventurero-para-cristo',3,'/doc/upload/specialties/AM 016 - Aventurero para Cristo.pdf','/image/upload/specialties/aventurero_para_cristo.jpg','/image/upload/specialties/aventurero_para_cristo.jpg','AM 016 - Especialidad de Aventurero para cristo, perteneciente al Área de Actividades misioneras y comunitarias.',NULL,'PUBLISHED',1,4,'2019-02-20 15:08:59','2019-02-20 15:08:59'),(17,'Aventurero para cristo avanzado','aventurero-para-cristo-avanzado',3,'/doc/upload/specialties/AM 017 - Aventurero para Cristo - Avanzado.pdf','/image/upload/specialties/aventurero_para_cristo_avanzado.jpg','/image/upload/specialties/aventurero_para_cristo_avanzado.jpg','AM 017 - Especialidad de Aventurero para cristo avanzado, perteneciente al Área de Actividades misioneras y comunitarias.',NULL,'PUBLISHED',1,4,'2019-02-20 15:08:59','2019-02-20 15:08:59'),(18,'Marcado de Biblia','marcado-de-biblia',3,'/doc/upload/specialties/AM 019 - Marcado de Biblia.pdf','/image/upload/specialties/marcado_biblia.jpg','/image/upload/specialties/marcado_biblia.jpg','AM 019 - Especialidad de Marcado de Biblia, perteneciente al Área de Actividades misioneras y comunitarias.',NULL,'PUBLISHED',1,4,'2019-02-20 15:08:59','2019-02-20 15:08:59'),(19,'Pacificador','pacificador',3,'/doc/upload/specialties/AM 027 - Pacificador.pdf','/image/upload/specialties/pacificador.jpg','/image/upload/specialties/pacificador.jpg','AM 027 - Especialidad de Pacificador, perteneciente al Área de Actividades misioneras y comunitarias.',NULL,'PUBLISHED',1,4,'2019-02-20 15:08:59','2019-02-20 15:08:59'),(20,'Patriotismo','patriotismo',3,'/doc/upload/specialties/AM 044 - Patriotismo.pdf','/image/upload/specialties/patriotismo.jpg','/image/upload/specialties/patriotismo.jpg','AM 044 - Especialidad de Patriotismo, perteneciente al Área de Actividades misioneras y comunitarias.',NULL,'PUBLISHED',1,4,'2019-02-20 15:08:59','2019-02-20 15:08:59'),(21,'Computación I-Básico','computacion-i-basico',3,'/doc/upload/specialties/AP 041 - Computacion - Basico.pdf','/image/upload/specialties/computacion_I_basico.jpg','/image/upload/specialties/computacion_I_basico.jpg','AP 041 - Especialidad de Computación I-Básico, perteneciente al Área de Actividades profesionales.',NULL,'PUBLISHED',1,5,'2019-02-20 15:09:00','2019-02-20 15:09:00'),(22,'Educación Física','educacion-fisica',3,'/doc/upload/specialties/AR 002 - Educacion Fisica.pdf','/image/upload/specialties/educacion_fisica.jpg','/image/upload/specialties/educacion_fisica.jpg','AR 002 - Especialidad de Educación Física, perteneciente al Área de Actividades recreativas.',NULL,'PUBLISHED',1,6,'2019-02-20 15:09:00','2019-02-20 15:09:00'),(23,'Natación principiante I','natacion-principiante-i',3,'/doc/upload/specialties/AR 003 - Natacion - Principiante I.pdf','/image/upload/specialties/natacion_principiante_I.jpg','/image/upload/specialties/natacion_principiante_I.jpg','AR 003 - Especialidad de Natación principiante I, perteneciente al Área de Actividades recreativas.',NULL,'PUBLISHED',1,6,'2019-02-20 15:09:00','2019-02-20 15:09:00'),(24,'Natación principiante II','natacion-principiante-ii',3,'/doc/upload/specialties/AR 004 - Natacion Principiante II.pdf','/image/upload/specialties/natacion_principiante_II.jpg','/image/upload/specialties/natacion_principiante_II.jpg','AR 004 - Especialidad de Natación principiante II, perteneciente al Área de Actividades recreativas.',NULL,'PUBLISHED',1,6,'2019-02-20 15:09:00','2019-02-20 15:09:00'),(25,'Fogatas y cocina al aire libre','fogatas-y-cocina-al-aire-libre',3,'/doc/upload/specialties/AR 020 - Fogatas y cocina al aire libre.pdf','/image/upload/specialties/fogotas_y_cocina_al_aire_libre.jpg','/image/upload/specialties/fogotas_y_cocina_al_aire_libre.jpg','AR 020 - Especialidad de Fogatas y cocina al aire libre, perteneciente al Área de Actividades recreativas.',NULL,'PUBLISHED',1,6,'2019-02-20 15:09:00','2019-02-20 15:09:00'),(26,'Orientación','orientacion',3,'/doc/upload/specialties/AR 021 - Orientación.pdf','/image/upload/specialties/orientacion.jpg','/image/upload/specialties/orientacion.jpg','AR 021 - Especialidad de Orientación, perteneciente al Área de Actividades recreativas.',NULL,'PUBLISHED',1,6,'2019-02-20 15:09:00','2019-02-20 15:09:00'),(27,'Pionerismo','pionerismo',3,'/doc/upload/specialties/AR 022 - Pionerismo.pdf','/image/upload/specialties/pionerismo.jpg','/image/upload/specialties/pionerismo.jpg','AR 022 - Especialidad de Pionerismo, perteneciente al Área de Actividades recreativas.',NULL,'PUBLISHED',1,6,'2019-02-20 15:09:00','2019-02-20 15:09:00'),(28,'Vida Silvestre','vida-silvestre',3,'/doc/upload/specialties/AR 024 - Vida Silvestre.pdf','/image/upload/specialties/vida_silvestre.jpg','/image/upload/specialties/vida_silvestre.jpg','AR 024 - Especialidad de Vida Silvestre, perteneciente al Área de Actividades recreativas.',NULL,'PUBLISHED',1,6,'2019-02-20 15:09:00','2019-02-20 15:09:00'),(29,'Orden Cerrado','orden-cerrado',3,'/doc/upload/specialties/AR 047 - Orden Cerrado.pdf','/image/upload/specialties/orden_cerrado.jpg','/image/upload/specialties/orden_cerrado.jpg','AR 047 - Especialidad de Orden Cerrado, perteneciente al Área de Actividades recreativas.',NULL,'PUBLISHED',1,6,'2019-02-20 15:09:00','2019-02-20 15:09:00'),(30,'Orden Cerrado Avanzado','orden-cerrado-avanzado',3,'/doc/upload/specialties/AR 048 - Orden Cerrado - Avanzado.pdf','/image/upload/specialties/orden_cerrado_avanzado.jpg','/image/upload/specialties/orden_cerrado_avanzado.jpg','AR 048 - Especialidad de Orden Cerrado Avanzado, perteneciente al Área de Actividades recreativas.',NULL,'PUBLISHED',1,6,'2019-02-20 15:09:00','2019-02-20 15:09:00'),(31,'Atletismo','atletismo',3,'/doc/upload/specialties/AR 049 - Atletismo.pdf','/image/upload/specialties/atletismo.jpg','/image/upload/specialties/atletismo.jpg','AR 049 - Especialidad de Atletismo, perteneciente al Área de Actividades recreativas.',NULL,'PUBLISHED',1,6,'2019-02-20 15:09:00','2019-02-20 15:09:00'),(32,'Caminata con mochila','caminata-con-mochila',3,'/doc/upload/specialties/AR 056 - Caminata con mochila.pdf','/image/upload/specialties/caminata_con_mochila.jpg','/image/upload/specialties/caminata_con_mochila.jpg','AR 056 - Especialidad de Caminata con mochila, perteneciente al Área de Actividades recreativas.',NULL,'PUBLISHED',1,6,'2019-02-20 15:09:00','2019-02-20 15:09:00'),(33,'Liderazgo al aire libre','liderazgo-al-aire-libre',3,'/doc/upload/specialties/AR 057 - Liderazgo al aire libre.pdf','/image/upload/specialties/liderazgo_al_aire_libre.jpg','/image/upload/specialties/liderazgo_al_aire_libre.jpg','AR 057 - Especialidad de Liderazgo al aire libre, perteneciente al Área de Actividades recreativas.',NULL,'PUBLISHED',1,6,'2019-02-20 15:09:00','2019-02-20 15:09:00'),(34,'Futbol','futbol',3,'/doc/upload/specialties/AR 065 - Futbol.pdf','/image/upload/specialties/futbol.jpg','/image/upload/specialties/futbol.jpg','AR 065 - Especialidad de Futbol, perteneciente al Área de Actividades recreativas.',NULL,'PUBLISHED',1,6,'2019-02-20 15:09:00','2019-02-20 15:09:00'),(35,'Seguridad Básica en el agua','seguridad-basica-en-el-agua',3,'/doc/upload/specialties/AR 090 - Seguridad Basica en el agua.pdf','/image/upload/specialties/seguridad_basica_en_el_agua.jpg','/image/upload/specialties/seguridad_basica_en_el_agua.jpg','AR 090 - Especialidad de Seguridad Básica en el agua, perteneciente al Área de Actividades recreativas.',NULL,'PUBLISHED',1,6,'2019-02-20 15:09:00','2019-02-20 15:09:00'),(36,'Construcciones Rusticas','construcciones-rusticas',3,'/doc/upload/specialties/AR 101 - Construcciones Rusticas.pdf','/image/upload/specialties/construcciones_rusticas.jpg','/image/upload/specialties/construcciones_rusticas.jpg','AR 101 - Especialidad de Construcciones Rusticas, perteneciente al Área de Actividades recreativas.',NULL,'PUBLISHED',1,6,'2019-02-20 15:09:00','2019-02-20 15:09:00'),(37,'Primeros Auxilios Básico','primeros-auxilios-basico',3,'/doc/upload/specialties/CS 003 - Primeros Auxilios.pdf','/image/upload/specialties/primeros_auxilios_basico.jpg','/image/upload/specialties/primeros_auxilios_basico.jpg','CS 003 - Especialidad de Primeros Auxilios Básico, perteneciente al Área de Actividades recreativas.',NULL,'PUBLISHED',1,7,'2019-02-20 15:09:00','2019-02-20 15:09:00'),(38,'Nutrición','nutricion',3,'/doc/upload/specialties/CS 008 - Nutricion.pdf','/image/upload/specialties/nutricion.jpg','/image/upload/specialties/nutricion.jpg','CS 008 - Especialidad de Nutrición, perteneciente al Área de Actividades recreativas.',NULL,'PUBLISHED',1,7,'2019-02-20 15:09:00','2019-02-20 15:09:00'),(39,'Rescate básico','rescate-basico',3,'/doc/upload/specialties/CS 012 - Rescate Básico.pdf','/image/upload/specialties/rescate_basico.jpg','/image/upload/specialties/rescate_basico.jpg','CS 012 - Especialidad de Rescate básico, perteneciente al Área de Actividades recreativas.',NULL,'PUBLISHED',1,7,'2019-02-20 15:09:00','2019-02-20 15:09:00'),(40,'Higiene Oral','higiene-oral',3,'/doc/upload/specialties/CS 023 - Higiene Oral.pdf','/image/upload/specialties/higiene_oral.jpg','/image/upload/specialties/higiene_oral.jpg','CS 023 - Especialidad de Higiene Oral, perteneciente al Área de Actividades recreativas.',NULL,'PUBLISHED',1,7,'2019-02-20 15:09:00','2019-02-20 15:09:00'),(41,'Astronomía','astronomia',3,'/doc/upload/specialties/EN 002 - Astronomia.pdf','/image/upload/specialties/astronomia.jpg','/image/upload/specialties/astronomia.jpg','EN 002 - Especialidad de Astronomía, perteneciente al Área de Estudio de la Naturaleza.',NULL,'PUBLISHED',1,8,'2019-02-20 15:09:00','2019-02-20 15:09:00'),(42,'Aves','aves',3,'/doc/upload/specialties/EN 003 - Aves.pdf','/image/upload/specialties/aves.jpg','/image/upload/specialties/aves.jpg','EN 003 - Especialidad de Aves, perteneciente al Área de Estudio de la Naturaleza.',NULL,'PUBLISHED',1,8,'2019-02-20 15:09:00','2019-02-20 15:09:00'),(43,'Aves Domesticas','aves-domesticas',3,'/doc/upload/specialties/EN 004 - Aves Domesticas.pdf','/image/upload/specialties/aves_domesticas.jpg','/image/upload/specialties/aves_domesticas.jpg','EN 004 - Especialidad de Aves Domesticas, perteneciente al Área de Estudio de la Naturaleza.',NULL,'PUBLISHED',1,8,'2019-02-20 15:09:00','2019-02-20 15:09:00'),(44,'Flores','flores',3,'/doc/upload/specialties/EN 005 - Flores.pdf','/image/upload/specialties/flores.jpg','/image/upload/specialties/flores.jpg','EN 005 - Especialidad de Flores, perteneciente al Área de Estudio de la Naturaleza.',NULL,'PUBLISHED',1,8,'2019-02-20 15:09:00','2019-02-20 15:09:00'),(45,'Arboles','arboles',3,'/doc/upload/specialties/EN 006 - Arboles.pdf','/image/upload/specialties/arboles.jpg','/image/upload/specialties/arboles.jpg','EN 006 - Especialidad de Arboles, perteneciente al Área de Estudio de la Naturaleza.',NULL,'PUBLISHED',1,8,'2019-02-20 15:09:00','2019-02-20 15:09:00'),(46,'Mamíferos','mamiferos',3,'/doc/upload/specialties/EN 010 - Mamiferos.pdf','/image/upload/specialties/mamiferos.jpg','/image/upload/specialties/mamiferos.jpg','EN 010 - Especialidad de Mamíferos, perteneciente al Área de Estudio de la Naturaleza.',NULL,'PUBLISHED',1,8,'2019-02-20 15:09:00','2019-02-20 15:09:00'),(47,'Reptiles','reptiles',3,'/doc/upload/specialties/EN 011 - Reptiles.pdf','/image/upload/specialties/reptiles.jpg','/image/upload/specialties/reptiles.jpg','EN 011 - Especialidad de Reptiles, perteneciente al Área de Estudio de la Naturaleza.',NULL,'PUBLISHED',1,8,'2019-02-20 15:09:00','2019-02-20 15:09:00'),(48,'Moluscos','moluscos',3,'/doc/upload/specialties/EN 014 - Moluscos.pdf','/image/upload/specialties/moluscos.jpg','/image/upload/specialties/moluscos.jpg','EN 014 - Especialidad de Moluscos, perteneciente al Área de Estudio de la Naturaleza.',NULL,'PUBLISHED',1,8,'2019-02-20 15:09:00','2019-02-20 15:09:00'),(49,'Cactus','cactus',3,'/doc/upload/specialties/EN 015 - Cactus.pdf','/image/upload/specialties/cactus.jpg','/image/upload/specialties/cactus.jpg','EN 015 - Especialidad de Cactus, perteneciente al Área de Estudio de la Naturaleza.',NULL,'PUBLISHED',1,8,'2019-02-20 15:09:00','2019-02-20 15:09:00'),(50,'Climatología','climatologia',3,'/doc/upload/specialties/EN 016 - Climatologia.pdf','/image/upload/specialties/climatologia.jpg','/image/upload/specialties/climatologia.jpg','EN 016 - Especialidad de Climatología, perteneciente al Área de Estudio de la Naturaleza.',NULL,'PUBLISHED',1,8,'2019-02-20 15:09:00','2019-02-20 15:09:00'),(51,'Arbustos','arbustos',3,'/doc/upload/specialties/EN 019 - Arbustos.pdf','/image/upload/specialties/arbustos.jpg','/image/upload/specialties/arbustos.jpg','EN 019 - Especialidad de Arbustos, perteneciente al Área de Estudio de la Naturaleza.',NULL,'PUBLISHED',1,8,'2019-02-20 15:09:00','2019-02-20 15:09:00'),(52,'Anfibios','anfibios',3,'/doc/upload/specialties/EN 023 - Anfibios.pdf','/image/upload/specialties/anfibios.jpg','/image/upload/specialties/anfibios.jpg','EN 023 - Especialidad de Anfibios, perteneciente al Área de Estudio de la Naturaleza.',NULL,'PUBLISHED',1,8,'2019-02-20 15:09:00','2019-02-20 15:09:00'),(53,'Felinos','felinos',3,'/doc/upload/specialties/EN 024 - Felinos.pdf','/image/upload/specialties/felinos.jpg','/image/upload/specialties/felinos.jpg','EN 024 - Especialidad de Felinos, perteneciente al Área de Estudio de la Naturaleza.',NULL,'PUBLISHED',1,8,'2019-02-20 15:09:00','2019-02-20 15:09:00'),(54,'Semillas','semillas',3,'/doc/upload/specialties/EN 040 - Semillas.pdf','/image/upload/specialties/semillas.jpg','/image/upload/specialties/semillas.jpg','EN 040 - Especialidad de Semillas, perteneciente al Área de Estudio de la Naturaleza.',NULL,'PUBLISHED',1,8,'2019-02-20 15:09:00','2019-02-20 15:09:00'),(55,'Ecología','ecologia',3,'/doc/upload/specialties/EN 044 - Ecologia.pdf','/image/upload/specialties/ecologia.jpg','/image/upload/specialties/ecologia.jpg','EN 044 - Especialidad de Ecología, perteneciente al Área de Estudio de la Naturaleza.',NULL,'PUBLISHED',1,8,'2019-02-20 15:09:00','2019-02-20 15:09:00'),(56,'Conservación Ambiental','conservacion-ambiental',3,'/doc/upload/specialties/EN 046 - Conservacion Ambiental.pdf','/image/upload/specialties/conservacion_ambiental.jpg','/image/upload/specialties/conservacion_ambiental.jpg','EN 046 - Especialidad de Conservación Ambiental, perteneciente al Área de Estudio de la Naturaleza.',NULL,'PUBLISHED',1,8,'2019-02-20 15:09:00','2019-02-20 15:09:00'),(57,'Rastreo de animales','rastreo-de-animales',3,'/doc/upload/specialties/EN 050 Rastreo de animales.pdf','/image/upload/specialties/rastreo_de_animales.jpg','/image/upload/specialties/rastreo_de_animales.jpg','EN 050 - Especialidad de Rastreo de animales, perteneciente al Área de Estudio de la Naturaleza.',NULL,'PUBLISHED',1,8,'2019-02-20 15:09:00','2019-02-20 15:09:00'),(58,'Animales en peligro de extinción','animales-en-peligro-de-extincion',3,'/doc/upload/specialties/EN 058 - Animales en peligro de extincion.pdf','/image/upload/specialties/animales_en_peligro_de_extincion.jpg','/image/upload/specialties/animales_en_peligro_de_extincion.jpg','EN 058 - Especialidad de Animales en peligro de extinción, perteneciente al Área de Estudio de la Naturaleza.',NULL,'PUBLISHED',1,8,'2019-02-20 15:09:01','2019-02-20 15:09:01'),(59,'Costura Básica','costura-basica',3,'/doc/upload/specialties/HD 009 - Costura Básica.pdf','/image/upload/specialties/costura_basica.jpg','/image/upload/specialties/costura_basica.jpg','HD 009 - Especialidad de Costura Básica, perteneciente al Área de Habilidades Domesticas.',NULL,'PUBLISHED',1,9,'2019-02-20 15:09:01','2019-02-20 15:09:01'),(60,'Dibujo y pintura','dibujo-y-pintura',3,'/doc/upload/specialties/HM 003 - Dibujo y pintura.pdf','/image/upload/specialties/dibujo_y_pintura.jpg','/image/upload/specialties/dibujo_y_pintura.jpg','HD 003 - Especialidad de Dibujo y pintura, perteneciente al Área de Habilidades Domesticas.',NULL,'PUBLISHED',1,9,'2019-02-20 15:09:01','2019-02-20 15:09:01'),(61,'Fabricación de velas','fabricacion-de-velas',3,'/doc/upload/specialties/HM 046 - Fabricacion de velas.pdf','/image/upload/specialties/fabricacion_de_velas.jpg','/image/upload/specialties/fabricacion_de_velas.jpg','HD 046 - Especialidad de Fabricación de velas, perteneciente al Área de Habilidades Domesticas.',NULL,'PUBLISHED',1,9,'2019-02-20 15:09:01','2019-02-20 15:09:01');



/*Table structure for table `specialty_areas` */



DROP TABLE IF EXISTS `specialty_areas`;



CREATE TABLE `specialty_areas` (
  `id` int(10) unsigned NOT NULL AUTO_INCREMENT,
  `name` varchar(128) COLLATE utf8mb4_unicode_ci NOT NULL,
  `slug` varchar(128) COLLATE utf8mb4_unicode_ci NOT NULL,
  `description` mediumtext COLLATE utf8mb4_unicode_ci,
  `created_at` timestamp NULL DEFAULT NULL,
  `updated_at` timestamp NULL DEFAULT NULL,
  PRIMARY KEY (`id`),
  UNIQUE KEY `specialty_areas_slug_unique` (`slug`)
) ENGINE=InnoDB AUTO_INCREMENT=11 DEFAULT CHARSET=utf8mb4 COLLATE=utf8mb4_unicode_ci;



/*Data for the table `specialty_areas` */



insert  into `specialty_areas`(`id`,`name`,`slug`,`description`,`created_at`,`updated_at`) values (1,'ADRA','adra','AD - Especialidades del Club de Conquistadores en el Área de ADRA','2019-02-20 15:08:58','2019-02-20 15:08:58'),(2,'Artes y Habilidades Manuales','artes-y-habilidades-manuales','AM - Especialidades del Club de Conquistadores en el Área de Artes y Habilidades Manuales','2019-02-20 15:08:58','2019-02-20 15:08:58'),(3,'Actividades agrícolas','actividades-agricolas','AA - Especialidades del Club de Conquistadores en el Área de Actividades agrícolas','2019-02-20 15:08:58','2019-02-20 15:08:58'),(4,'Actividades misioneras y comunitarias','actividades-misioneras-y-comunitarias','AM - Especialidades del Club de Conquistadores en el Área de Actividades misioneras y comunitarias','2019-02-20 15:08:58','2019-02-20 15:08:58'),(5,'Actividades profesionales','actividades-profesionales','AP - Especialidades del Club de Conquistadores en el Área de Actividades profesionales','2019-02-20 15:08:58','2019-02-20 15:08:58'),(6,'Actividades recreativas','actividades-recreativas','AR - Especialidades del Club de Conquistadores en el Área de Actividades recreativas','2019-02-20 15:08:58','2019-02-20 15:08:58'),(7,'Ciencia y Salud','ciencia-y-salud','CS - Especialidades del Club de Conquistadores en el Área de Ciencia y Salud','2019-02-20 15:08:58','2019-02-20 15:08:58'),(8,'Estudio de la Naturaleza','estudio-de-la-naturaleza','EN - Especialidades del Club de Conquistadores en el Área de Estudio de la Naturaleza','2019-02-20 15:08:58','2019-02-20 15:08:58'),(9,'Habilidades Domesticas','habilidades-domesticas','HD - Especialidades del Club de Conquistadores en el Área de Habilidades Domesticas','2019-02-20 15:08:58','2019-02-20 15:08:58'),(10,'Maestrías','maestrias','ME - Especialidades del Club de Conquistadores en el Área de Maestrías','2019-02-20 15:08:58','2019-02-20 15:08:58');



/*Table structure for table `tags` */



DROP TABLE IF EXISTS `tags`;



CREATE TABLE `tags` (
  `id` int(10) unsigned NOT NULL AUTO_INCREMENT,
  `name` varchar(128) COLLATE utf8mb4_unicode_ci NOT NULL,
  `slug` varchar(128) COLLATE utf8mb4_unicode_ci NOT NULL,
  `created_at` timestamp NULL DEFAULT NULL,
  `updated_at` timestamp NULL DEFAULT NULL,
  PRIMARY KEY (`id`),
  UNIQUE KEY `tags_slug_unique` (`slug`)
) ENGINE=InnoDB AUTO_INCREMENT=21 DEFAULT CHARSET=utf8mb4 COLLATE=utf8mb4_unicode_ci;



/*Data for the table `tags` */



insert  into `tags`(`id`,`name`,`slug`,`created_at`,`updated_at`) values (1,'Ministerio Joven','ministerio-joven','2019-02-20 15:08:40','2019-02-20 15:08:40'),(2,'Jóvenes','jovenes','2019-02-20 15:08:40','2019-02-20 15:08:40'),(3,'Conquistadores','conquistadores','2019-02-20 15:08:40','2019-02-20 15:08:40'),(4,'Aventureros','aventureros','2019-02-20 15:08:40','2019-02-20 15:08:40'),(5,'IASD','iasd','2019-02-20 15:08:40','2019-02-20 15:08:40'),(6,'eius','eius','2019-02-20 15:08:40','2019-02-20 15:08:40'),(7,'itaque','itaque','2019-02-20 15:08:40','2019-02-20 15:08:40'),(8,'molestiae','molestiae','2019-02-20 15:08:40','2019-02-20 15:08:40'),(9,'saepe','saepe','2019-02-20 15:08:40','2019-02-20 15:08:40'),(10,'vel','vel','2019-02-20 15:08:40','2019-02-20 15:08:40'),(11,'labore','labore','2019-02-20 15:08:40','2019-02-20 15:08:40'),(12,'quas','quas','2019-02-20 15:08:40','2019-02-20 15:08:40'),(13,'voluptatem','voluptatem','2019-02-20 15:08:40','2019-02-20 15:08:40'),(14,'ut','ut','2019-02-20 15:08:40','2019-02-20 15:08:40'),(15,'quisquam','quisquam','2019-02-20 15:08:40','2019-02-20 15:08:40'),(16,'fugiat','fugiat','2019-02-20 15:08:40','2019-02-20 15:08:40'),(17,'odio','odio','2019-02-20 15:08:40','2019-02-20 15:08:40'),(18,'soluta','soluta','2019-02-20 15:08:40','2019-02-20 15:08:40'),(19,'distinctio','distinctio','2019-02-20 15:08:40','2019-02-20 15:08:40'),(20,'iusto','iusto','2019-02-20 15:08:40','2019-02-20 15:08:40');



/*Table structure for table `telescope_entries` */



DROP TABLE IF EXISTS `telescope_entries`;



CREATE TABLE `telescope_entries` (
  `sequence` bigint(20) unsigned NOT NULL AUTO_INCREMENT,
  `uuid` char(36) COLLATE utf8mb4_unicode_ci NOT NULL,
  `batch_id` char(36) COLLATE utf8mb4_unicode_ci NOT NULL,
  `family_hash` varchar(120) COLLATE utf8mb4_unicode_ci DEFAULT NULL,
  `should_display_on_index` tinyint(1) NOT NULL DEFAULT '1',
  `type` varchar(20) COLLATE utf8mb4_unicode_ci NOT NULL,
  `content` text COLLATE utf8mb4_unicode_ci NOT NULL,
  `created_at` datetime DEFAULT NULL,
  PRIMARY KEY (`sequence`),
  UNIQUE KEY `telescope_entries_uuid_unique` (`uuid`),
  KEY `telescope_entries_batch_id_index` (`batch_id`),
  KEY `telescope_entries_type_should_display_on_index_index` (`type`,`should_display_on_index`),
  KEY `telescope_entries_family_hash_index` (`family_hash`)
) ENGINE=InnoDB AUTO_INCREMENT=79 DEFAULT CHARSET=utf8mb4 COLLATE=utf8mb4_unicode_ci;



/*Data for the table `telescope_entries` */



insert  into `telescope_entries`(`sequence`,`uuid`,`batch_id`,`family_hash`,`should_display_on_index`,`type`,`content`,`created_at`) values (1,'8d08d250-7556-4f61-9905-c50b2046cfc9','8d08d250-9e1f-4834-ab9b-2b681f083ba9',NULL,1,'query','{\"connection\":\"mysql\",\"bindings\":[\"numeros-letras-y-posiciones-basicas-especialidad-de-codigo-semaforo\"],\"sql\":\"select * from `posts` where `slug` = ? limit 1\",\"time\":\"31.04\",\"slow\":false,\"file\":\"C:\\\\xampp\\\\htdocs\\\\portfolio-la\\\\app\\\\Http\\\\Controllers\\\\Web\\\\PageController.php\",\"line\":50,\"hostname\":\"pc-victor\"}','2019-02-20 15:17:57'),(2,'8d08d250-81d4-4812-84d2-e79787b19fb3','8d08d250-9e1f-4834-ab9b-2b681f083ba9',NULL,1,'query','{\"connection\":\"mysql\",\"bindings\":[4],\"sql\":\"select * from `categories` where `categories`.`id` = ? limit 1\",\"time\":\"9.23\",\"slow\":false,\"file\":\"C:\\\\xampp\\\\htdocs\\\\portfolio-la\\\\storage\\\\framework\\\\views\\\\6ca7f64f85d5df863e34ea450531f5828c243475.php\",\"line\":51,\"hostname\":\"pc-victor\"}','2019-02-20 15:17:57'),(3,'8d08d250-85b2-4ed5-bb5b-2a4babd5a54d','8d08d250-9e1f-4834-ab9b-2b681f083ba9',NULL,1,'query','{\"connection\":\"mysql\",\"bindings\":[30],\"sql\":\"select * from `users` where `users`.`id` = ? and `users`.`deleted_at` is null limit 1\",\"time\":\"0.59\",\"slow\":false,\"file\":\"C:\\\\xampp\\\\htdocs\\\\portfolio-la\\\\storage\\\\framework\\\\views\\\\6ca7f64f85d5df863e34ea450531f5828c243475.php\",\"line\":84,\"hostname\":\"pc-victor\"}','2019-02-20 15:17:57'),(4,'8d08d250-87bf-4241-b345-92305391328e','8d08d250-9e1f-4834-ab9b-2b681f083ba9',NULL,1,'query','{\"connection\":\"mysql\",\"bindings\":[302],\"sql\":\"select count(*) as aggregate from `comments` where `comments`.`post_id` = ? and `comments`.`post_id` is not null\",\"time\":\"0.62\",\"slow\":false,\"file\":\"C:\\\\xampp\\\\htdocs\\\\portfolio-la\\\\storage\\\\framework\\\\views\\\\6ca7f64f85d5df863e34ea450531f5828c243475.php\",\"line\":102,\"hostname\":\"pc-victor\"}','2019-02-20 15:17:57'),(5,'8d08d250-893e-4f95-a087-9bd2192c46d8','8d08d250-9e1f-4834-ab9b-2b681f083ba9',NULL,1,'query','{\"connection\":\"mysql\",\"bindings\":[302],\"sql\":\"select * from `comments` where `comments`.`post_id` = ? and `comments`.`post_id` is not null\",\"time\":\"0.48\",\"slow\":false,\"file\":\"C:\\\\xampp\\\\htdocs\\\\portfolio-la\\\\storage\\\\framework\\\\views\\\\6ca7f64f85d5df863e34ea450531f5828c243475.php\",\"line\":105,\"hostname\":\"pc-victor\"}','2019-02-20 15:17:57'),(6,'8d08d250-926f-47cc-b354-c2cb3b0feb4d','8d08d250-9e1f-4834-ab9b-2b681f083ba9',NULL,1,'query','{\"connection\":\"mysql\",\"bindings\":[302],\"sql\":\"select `tags`.*, `post_tag`.`post_id` as `pivot_post_id`, `post_tag`.`tag_id` as `pivot_tag_id` from `tags` inner join `post_tag` on `tags`.`id` = `post_tag`.`tag_id` where `post_tag`.`post_id` = ?\",\"time\":\"17.69\",\"slow\":false,\"file\":\"C:\\\\xampp\\\\htdocs\\\\portfolio-la\\\\storage\\\\framework\\\\views\\\\6ca7f64f85d5df863e34ea450531f5828c243475.php\",\"line\":158,\"hostname\":\"pc-victor\"}','2019-02-20 15:17:57'),(7,'8d08d250-9c8a-43bc-aa2f-50eb72595f99','8d08d250-9e1f-4834-ab9b-2b681f083ba9',NULL,1,'request','{\"uri\":\"\\/post\\/numeros-letras-y-posiciones-basicas-especialidad-de-codigo-semaforo\",\"method\":\"GET\",\"headers\":{\"host\":\"portfolio-la\",\"connection\":\"keep-alive\",\"cache-control\":\"max-age=0\",\"upgrade-insecure-requests\":\"1\",\"user-agent\":\"Mozilla\\/5.0 (Windows NT 6.2; Win64; x64) AppleWebKit\\/537.36 (KHTML, like Gecko) Chrome\\/72.0.3626.109 Safari\\/537.36\",\"accept\":\"text\\/html,application\\/xhtml+xml,application\\/xml;q=0.9,image\\/webp,image\\/apng,*\\/*;q=0.8\",\"referer\":\"http:\\/\\/portfolio-la\\/blog\",\"accept-encoding\":\"gzip, deflate\",\"accept-language\":\"es-ES,es;q=0.9,en;q=0.8\",\"cookie\":\"XSRF-TOKEN=eyJpdiI6IktGKzBISDI0bVR3ZXBJQlZTWGdjVlE9PSIsInZhbHVlIjoibFBcL1JNbkhaakFKY2l1WmdDaUZlbnhYaWQxemg0OWdCejliZDRoNEpwNUI5eXNVRHkwM2xMaFVcL2VQQlJJa2p6IiwibWFjIjoiMTM0ODJjMmEzOTdjZGZkYmZkNzhiMGJmYjc5MDkyYzVhYTdkOTkwZjVhNDJlNmFjMzZlYzk2NGE5MmZmYmM2OCJ9; conquisblog_session=eyJpdiI6InIyS2JRRDlWeFdYK0NoUE1tRWhyeUE9PSIsInZhbHVlIjoiVUlhQ0hURWs4dWR2N3Rlalo1MG9MaHhyZkFcL3hRXC82Q3hyV1hEajh4QThjQXozQ3Fxem1SOUtza1p3RTg4eWFKIiwibWFjIjoiNDVhY2JmYTcxODYzNDg0YzA5NmJjM2YzYmIwOGRkOWQxNDkxMzVmNWQ1ZDFiZWQxZTk3YjQ3YjViYWU1OGFkNSJ9\"},\"payload\":[],\"session\":{\"_token\":\"MuNcU5TXEv8s8LnU9wnPydfguG9Cj17CtERUYBPw\",\"_previous\":{\"url\":\"http:\\/\\/portfolio-la\\/post\\/numeros-letras-y-posiciones-basicas-especialidad-de-codigo-semaforo\"},\"PHPDEBUGBAR_STACK_DATA\":[],\"_flash\":{\"old\":[],\"new\":[]}},\"response_status\":200,\"response\":\"HTML Response\",\"hostname\":\"pc-victor\"}','2019-02-20 15:17:57'),(8,'8d08d264-9323-495f-ab34-b3e6f9601b7a','8d08d264-e837-47d0-bb2c-b8a1551c28d0',NULL,1,'query','{\"connection\":\"mysql\",\"bindings\":[\"PUBLISHED\"],\"sql\":\"select count(*) as aggregate from `specialties` where `status` = ?\",\"time\":\"12.24\",\"slow\":false,\"file\":\"C:\\\\xampp\\\\htdocs\\\\portfolio-la\\\\app\\\\Http\\\\Controllers\\\\Web\\\\SpecialtyController.php\",\"line\":21,\"hostname\":\"pc-victor\"}','2019-02-20 15:18:10'),(9,'8d08d264-983b-4717-8d9d-a06541b73e58','8d08d264-e837-47d0-bb2c-b8a1551c28d0',NULL,1,'query','{\"connection\":\"mysql\",\"bindings\":[\"PUBLISHED\"],\"sql\":\"select * from `specialties` where `status` = ? order by `id` desc limit 6 offset 0\",\"time\":\"1.47\",\"slow\":false,\"file\":\"C:\\\\xampp\\\\htdocs\\\\portfolio-la\\\\app\\\\Http\\\\Controllers\\\\Web\\\\SpecialtyController.php\",\"line\":21,\"hostname\":\"pc-victor\"}','2019-02-20 15:18:10'),(10,'8d08d264-9d78-4217-a2d6-2944998dc5f1','8d08d264-e837-47d0-bb2c-b8a1551c28d0',NULL,1,'query','{\"connection\":\"mysql\",\"bindings\":[],\"sql\":\"select * from `specialty_areas` order by `id` desc\",\"time\":\"1.45\",\"slow\":false,\"file\":\"C:\\\\xampp\\\\htdocs\\\\portfolio-la\\\\app\\\\Http\\\\Controllers\\\\Web\\\\SpecialtyController.php\",\"line\":23,\"hostname\":\"pc-victor\"}','2019-02-20 15:18:10'),(11,'8d08d264-e695-4169-8beb-1ec2de9f2105','8d08d264-e837-47d0-bb2c-b8a1551c28d0',NULL,1,'request','{\"uri\":\"\\/specialties\",\"method\":\"GET\",\"headers\":{\"host\":\"portfolio-la\",\"connection\":\"keep-alive\",\"upgrade-insecure-requests\":\"1\",\"user-agent\":\"Mozilla\\/5.0 (Windows NT 6.2; Win64; x64) AppleWebKit\\/537.36 (KHTML, like Gecko) Chrome\\/72.0.3626.109 Safari\\/537.36\",\"accept\":\"text\\/html,application\\/xhtml+xml,application\\/xml;q=0.9,image\\/webp,image\\/apng,*\\/*;q=0.8\",\"referer\":\"http:\\/\\/portfolio-la\\/post\\/numeros-letras-y-posiciones-basicas-especialidad-de-codigo-semaforo\",\"accept-encoding\":\"gzip, deflate\",\"accept-language\":\"es-ES,es;q=0.9,en;q=0.8\",\"cookie\":\"XSRF-TOKEN=eyJpdiI6InUxXC90WmttTzFcL3A1K1REaGdDTVwvSmc9PSIsInZhbHVlIjoiS1BDNkhialdqdWxWeHBQWmJcL0k1ZHhVeisyYzhvbUdNT21nMzdORUdMS3hWemlqQXdqZkd4UjNlUVN5a0tETDUiLCJtYWMiOiIwYmJlNWUzZmUyZjRlYWRjNzBiMzVlZGEzODc0ODQ1ZjE1Y2MxYmJjYjY1MDdjYjFjYzI1NDY5YjkwMWQ4NjZmIn0%3D; conquisblog_session=eyJpdiI6ImIzT0JOV21FVjhYTFY4UHVUb3VcLzJBPT0iLCJ2YWx1ZSI6Ijh2VDNsalNsZ0I2VERSMWRHVkVMR3Uzem40MklJNzdvT0RLNUY3dE1BaGlkand1SFJ3bGZ4dThuSzlSZk1MRlQiLCJtYWMiOiJlMmFhZjRjM2I3ZGEyZTI1NDhhNWYzNjllYzc5MzA0NjAwOTc1MTRkYWRhMTMzOTRhNjYxMzY2OGQ3ZjY3ZGVmIn0%3D\"},\"payload\":[],\"session\":{\"_token\":\"MuNcU5TXEv8s8LnU9wnPydfguG9Cj17CtERUYBPw\",\"_previous\":{\"url\":\"http:\\/\\/portfolio-la\\/specialties\"},\"PHPDEBUGBAR_STACK_DATA\":[],\"_flash\":{\"old\":[],\"new\":[]}},\"response_status\":200,\"response\":\"HTML Response\",\"hostname\":\"pc-victor\"}','2019-02-20 15:18:10'),(12,'8d08d266-ecbe-4313-8a28-62c7e66bc4c0','8d08d267-0486-4ebb-9e5c-c7d14faedf9b',NULL,1,'query','{\"connection\":\"mysql\",\"bindings\":[\"PUBLISHED\"],\"sql\":\"select count(*) as aggregate from `resources` where `status` = ?\",\"time\":\"12.62\",\"slow\":false,\"file\":\"C:\\\\xampp\\\\htdocs\\\\portfolio-la\\\\app\\\\Http\\\\Controllers\\\\Web\\\\PageController.php\",\"line\":111,\"hostname\":\"pc-victor\"}','2019-02-20 15:18:12'),(13,'8d08d266-f078-4d1f-b99c-2a5844d06f58','8d08d267-0486-4ebb-9e5c-c7d14faedf9b',NULL,1,'query','{\"connection\":\"mysql\",\"bindings\":[\"PUBLISHED\"],\"sql\":\"select * from `resources` where `status` = ? order by `id` desc limit 6 offset 0\",\"time\":\"0.74\",\"slow\":false,\"file\":\"C:\\\\xampp\\\\htdocs\\\\portfolio-la\\\\app\\\\Http\\\\Controllers\\\\Web\\\\PageController.php\",\"line\":111,\"hostname\":\"pc-victor\"}','2019-02-20 15:18:12'),(14,'8d08d266-f2cc-4f6c-8955-bc79dc785b32','8d08d267-0486-4ebb-9e5c-c7d14faedf9b',NULL,1,'query','{\"connection\":\"mysql\",\"bindings\":[],\"sql\":\"select * from `resource_categories` order by `id` desc\",\"time\":\"0.55\",\"slow\":false,\"file\":\"C:\\\\xampp\\\\htdocs\\\\portfolio-la\\\\app\\\\Http\\\\Controllers\\\\Web\\\\PageController.php\",\"line\":113,\"hostname\":\"pc-victor\"}','2019-02-20 15:18:12'),(15,'8d08d267-02f7-4950-9c06-2ce8eb5d6bd5','8d08d267-0486-4ebb-9e5c-c7d14faedf9b',NULL,1,'request','{\"uri\":\"\\/resources\",\"method\":\"GET\",\"headers\":{\"host\":\"portfolio-la\",\"connection\":\"keep-alive\",\"upgrade-insecure-requests\":\"1\",\"user-agent\":\"Mozilla\\/5.0 (Windows NT 6.2; Win64; x64) AppleWebKit\\/537.36 (KHTML, like Gecko) Chrome\\/72.0.3626.109 Safari\\/537.36\",\"accept\":\"text\\/html,application\\/xhtml+xml,application\\/xml;q=0.9,image\\/webp,image\\/apng,*\\/*;q=0.8\",\"referer\":\"http:\\/\\/portfolio-la\\/specialties\",\"accept-encoding\":\"gzip, deflate\",\"accept-language\":\"es-ES,es;q=0.9,en;q=0.8\",\"cookie\":\"XSRF-TOKEN=eyJpdiI6ImFkY3gycktDYlJuZFhKYmRKWnRJeHc9PSIsInZhbHVlIjoiVEZwU2h4cHdZRWZYVjI0ZEM5T2VjWit6aXE0MDAxejdyMGUwS3RoQTVrd2lSbzJ0b2l3a0tBNzlTYlhrRG9WbCIsIm1hYyI6ImUxMTRlMDMzN2M2NWRmODIwZjRmZjIxYjdjM2E3YTI5MjRlMDUwNjU3MmM2MTkxNGNmOWU0MzRhYjRjMTg2MGUifQ%3D%3D; conquisblog_session=eyJpdiI6IlYweEpzTHhiUEU2Ym5MTGJlVENSdnc9PSIsInZhbHVlIjoib0x2Z1dOSEg2UEJ4NitLSmZEa2paWUZIU2Rnb0dmS2tmY05aTXdvMjhBdDJQQnR5UTBGeHN1b3JESEs1QTJYUyIsIm1hYyI6ImUzNTdmZjA1N2M1YmI3YTdiYWJkYjNiNjdlODNkMGE3NTFkNmUyNGUzY2QxOGMzM2QyMWNjZmUyNTU4OWY1YzAifQ%3D%3D\"},\"payload\":[],\"session\":{\"_token\":\"MuNcU5TXEv8s8LnU9wnPydfguG9Cj17CtERUYBPw\",\"_previous\":{\"url\":\"http:\\/\\/portfolio-la\\/resources\"},\"PHPDEBUGBAR_STACK_DATA\":[],\"_flash\":{\"old\":[],\"new\":[]}},\"response_status\":200,\"response\":\"HTML Response\",\"hostname\":\"pc-victor\"}','2019-02-20 15:18:12'),(16,'8d08d3e6-debb-4578-b469-f6055ac40a3b','8d08d3e6-f781-4b80-b345-0465ded59955',NULL,1,'query','{\"connection\":\"mysql\",\"bindings\":[\"PUBLISHED\"],\"sql\":\"select count(*) as aggregate from `specialties` where `status` = ?\",\"time\":\"14.12\",\"slow\":false,\"file\":\"C:\\\\xampp\\\\htdocs\\\\portfolio-la\\\\app\\\\Http\\\\Controllers\\\\Web\\\\SpecialtyController.php\",\"line\":21,\"hostname\":\"pc-victor\"}','2019-02-20 15:22:23'),(17,'8d08d3e6-e28a-4d3d-82cc-def8735a23cc','8d08d3e6-f781-4b80-b345-0465ded59955',NULL,1,'query','{\"connection\":\"mysql\",\"bindings\":[\"PUBLISHED\"],\"sql\":\"select * from `specialties` where `status` = ? order by `id` desc limit 6 offset 0\",\"time\":\"0.79\",\"slow\":false,\"file\":\"C:\\\\xampp\\\\htdocs\\\\portfolio-la\\\\app\\\\Http\\\\Controllers\\\\Web\\\\SpecialtyController.php\",\"line\":21,\"hostname\":\"pc-victor\"}','2019-02-20 15:22:23'),(18,'8d08d3e6-e553-4bf0-a66e-425cede9a495','8d08d3e6-f781-4b80-b345-0465ded59955',NULL,1,'query','{\"connection\":\"mysql\",\"bindings\":[],\"sql\":\"select * from `specialty_areas` order by `id` desc\",\"time\":\"0.68\",\"slow\":false,\"file\":\"C:\\\\xampp\\\\htdocs\\\\portfolio-la\\\\app\\\\Http\\\\Controllers\\\\Web\\\\SpecialtyController.php\",\"line\":23,\"hostname\":\"pc-victor\"}','2019-02-20 15:22:23'),(19,'8d08d3e6-f586-48ab-809b-95295c285a40','8d08d3e6-f781-4b80-b345-0465ded59955',NULL,1,'request','{\"uri\":\"\\/specialties\",\"method\":\"GET\",\"headers\":{\"host\":\"portfolio-la\",\"connection\":\"keep-alive\",\"upgrade-insecure-requests\":\"1\",\"user-agent\":\"Mozilla\\/5.0 (Windows NT 6.2; Win64; x64) AppleWebKit\\/537.36 (KHTML, like Gecko) Chrome\\/72.0.3626.109 Safari\\/537.36\",\"accept\":\"text\\/html,application\\/xhtml+xml,application\\/xml;q=0.9,image\\/webp,image\\/apng,*\\/*;q=0.8\",\"referer\":\"http:\\/\\/portfolio-la\\/blog\",\"accept-encoding\":\"gzip, deflate\",\"accept-language\":\"es-ES,es;q=0.9,en;q=0.8\",\"cookie\":\"XSRF-TOKEN=eyJpdiI6InBEMUNaYVl4a3lkZGdiNTNYWkkrbVE9PSIsInZhbHVlIjoiRFJSeVhHMDV0RkI1VEk0b1VnYW84VFV0emJVejVKZEswSmJLcVFNZkl0Mlwvbjc4SVljZk5zVnZwb0Z0Y1VpQlciLCJtYWMiOiI5ODA5MWYxMDQzNDYxMzFhZjJkMjBmNzk1YzY1MzI3Zjg1NzBlNzc5MTc4ZGJhYzE2MzhmOTk5YTFhZWNiMjE4In0%3D; conquisblog_session=eyJpdiI6Imh2V0RORXZHVUYwYnR2M1RFOExyXC93PT0iLCJ2YWx1ZSI6IlVucWNHUkRwdnlhWGpcL0p4Wk9XV013bndDWVRWNDRlNFJWOGVBS09oa3BVNWRuelAxNURKd1Q1RXU2d1B6cmFTIiwibWFjIjoiY2NhYzI1ZmFmZWZhODY0NzdhOWJiNzI4ZWM1ZGUyNDBjMDBlZTFmOTliODM0M2ViOTQ2MzlhMGUyNjY1NzlmNSJ9\"},\"payload\":[],\"session\":{\"_token\":\"MuNcU5TXEv8s8LnU9wnPydfguG9Cj17CtERUYBPw\",\"_previous\":{\"url\":\"http:\\/\\/portfolio-la\\/specialties\"},\"PHPDEBUGBAR_STACK_DATA\":[],\"_flash\":{\"old\":[],\"new\":[]}},\"response_status\":200,\"response\":\"HTML Response\",\"hostname\":\"pc-victor\"}','2019-02-20 15:22:23'),(20,'8d08d409-dd45-4e8b-bf3b-96bdafdd0e97','8d08d409-f621-412a-9098-2810d116f61e',NULL,1,'query','{\"connection\":\"mysql\",\"bindings\":[\"PUBLISHED\"],\"sql\":\"select count(*) as aggregate from `specialties` where `status` = ?\",\"time\":\"3.48\",\"slow\":false,\"file\":\"C:\\\\xampp\\\\htdocs\\\\portfolio-la\\\\app\\\\Http\\\\Controllers\\\\Web\\\\SpecialtyController.php\",\"line\":21,\"hostname\":\"pc-victor\"}','2019-02-20 15:22:46'),(21,'8d08d409-e112-44a3-8933-977c5d4fd97a','8d08d409-f621-412a-9098-2810d116f61e',NULL,1,'query','{\"connection\":\"mysql\",\"bindings\":[\"PUBLISHED\"],\"sql\":\"select * from `specialties` where `status` = ? order by `id` desc limit 6 offset 6\",\"time\":\"0.81\",\"slow\":false,\"file\":\"C:\\\\xampp\\\\htdocs\\\\portfolio-la\\\\app\\\\Http\\\\Controllers\\\\Web\\\\SpecialtyController.php\",\"line\":21,\"hostname\":\"pc-victor\"}','2019-02-20 15:22:46'),(22,'8d08d409-e39e-4e1a-b858-147382aa6555','8d08d409-f621-412a-9098-2810d116f61e',NULL,1,'query','{\"connection\":\"mysql\",\"bindings\":[],\"sql\":\"select * from `specialty_areas` order by `id` desc\",\"time\":\"0.61\",\"slow\":false,\"file\":\"C:\\\\xampp\\\\htdocs\\\\portfolio-la\\\\app\\\\Http\\\\Controllers\\\\Web\\\\SpecialtyController.php\",\"line\":23,\"hostname\":\"pc-victor\"}','2019-02-20 15:22:46'),(23,'8d08d409-f43e-4dd9-8503-f5dcff81f345','8d08d409-f621-412a-9098-2810d116f61e',NULL,1,'request','{\"uri\":\"\\/specialties?page=2\",\"method\":\"GET\",\"headers\":{\"host\":\"portfolio-la\",\"connection\":\"keep-alive\",\"upgrade-insecure-requests\":\"1\",\"user-agent\":\"Mozilla\\/5.0 (Windows NT 6.2; Win64; x64) AppleWebKit\\/537.36 (KHTML, like Gecko) Chrome\\/72.0.3626.109 Safari\\/537.36\",\"accept\":\"text\\/html,application\\/xhtml+xml,application\\/xml;q=0.9,image\\/webp,image\\/apng,*\\/*;q=0.8\",\"referer\":\"http:\\/\\/portfolio-la\\/specialties\",\"accept-encoding\":\"gzip, deflate\",\"accept-language\":\"es-ES,es;q=0.9,en;q=0.8\",\"cookie\":\"XSRF-TOKEN=eyJpdiI6IkM0Sk1kMk9OWHYwR3dEc2YxWVpEdVE9PSIsInZhbHVlIjoidXdCVFNGeGZpUFdCa3lPK0dSeVpKeXFzRTBDMlVIRjhDbUxXQWNMaGRyU1VtM1JpRkFaRXRcL0FuaWdQcEs3cWMiLCJtYWMiOiI4YzdkMGFhNDlkYTExODgzN2QxYTUyMGY0YWU4ZWZiNWU0ZTdjZGRhNmZmMGY3ZWY5ZGQyN2U2MTA0NWQyZjg4In0%3D; conquisblog_session=eyJpdiI6ImRhOTVJaEhCcFlGYzZ0cXdCUHhQSlE9PSIsInZhbHVlIjoibU9FWXVzNFJBY3RXMWxldE41QmdIY0lHeXJHclwvVTJ0S1JJaURjekV4SEh2UzZaQ2NqSWZoXC9zYzJIUWxWanlXIiwibWFjIjoiMDk0ZTFmOTRjZmIyNzI3ZGQzOTc5YjUzMDU2ZThlNTE3ODQ3YWEzMTNiYTg3Zjk4OTNkMmFjM2NhYjQ0MTVkOSJ9\"},\"payload\":{\"page\":\"2\"},\"session\":{\"_token\":\"MuNcU5TXEv8s8LnU9wnPydfguG9Cj17CtERUYBPw\",\"_previous\":{\"url\":\"http:\\/\\/portfolio-la\\/specialties?page=2\"},\"PHPDEBUGBAR_STACK_DATA\":[],\"_flash\":{\"old\":[],\"new\":[]}},\"response_status\":200,\"response\":\"HTML Response\",\"hostname\":\"pc-victor\"}','2019-02-20 15:22:46'),(24,'8d08d42b-c9e0-4810-93ec-d9b802549dd1','8d08d42b-e2d5-46d8-b2a4-c63ae52fef73',NULL,1,'query','{\"connection\":\"mysql\",\"bindings\":[\"PUBLISHED\"],\"sql\":\"select count(*) as aggregate from `specialties` where `status` = ?\",\"time\":\"2.97\",\"slow\":false,\"file\":\"C:\\\\xampp\\\\htdocs\\\\portfolio-la\\\\app\\\\Http\\\\Controllers\\\\Web\\\\SpecialtyController.php\",\"line\":21,\"hostname\":\"pc-victor\"}','2019-02-20 15:23:08'),(25,'8d08d42b-cdc0-4326-8a33-2d379876fcb2','8d08d42b-e2d5-46d8-b2a4-c63ae52fef73',NULL,1,'query','{\"connection\":\"mysql\",\"bindings\":[\"PUBLISHED\"],\"sql\":\"select * from `specialties` where `status` = ? order by `id` desc limit 6 offset 12\",\"time\":\"0.86\",\"slow\":false,\"file\":\"C:\\\\xampp\\\\htdocs\\\\portfolio-la\\\\app\\\\Http\\\\Controllers\\\\Web\\\\SpecialtyController.php\",\"line\":21,\"hostname\":\"pc-victor\"}','2019-02-20 15:23:08'),(26,'8d08d42b-d059-4b9d-81a4-816a04f78e6b','8d08d42b-e2d5-46d8-b2a4-c63ae52fef73',NULL,1,'query','{\"connection\":\"mysql\",\"bindings\":[],\"sql\":\"select * from `specialty_areas` order by `id` desc\",\"time\":\"0.69\",\"slow\":false,\"file\":\"C:\\\\xampp\\\\htdocs\\\\portfolio-la\\\\app\\\\Http\\\\Controllers\\\\Web\\\\SpecialtyController.php\",\"line\":23,\"hostname\":\"pc-victor\"}','2019-02-20 15:23:08'),(27,'8d08d42b-e0d5-45fd-aa6b-9bd4d31fedc8','8d08d42b-e2d5-46d8-b2a4-c63ae52fef73',NULL,1,'request','{\"uri\":\"\\/specialties?page=3\",\"method\":\"GET\",\"headers\":{\"host\":\"portfolio-la\",\"connection\":\"keep-alive\",\"upgrade-insecure-requests\":\"1\",\"user-agent\":\"Mozilla\\/5.0 (Windows NT 6.2; Win64; x64) AppleWebKit\\/537.36 (KHTML, like Gecko) Chrome\\/72.0.3626.109 Safari\\/537.36\",\"accept\":\"text\\/html,application\\/xhtml+xml,application\\/xml;q=0.9,image\\/webp,image\\/apng,*\\/*;q=0.8\",\"referer\":\"http:\\/\\/portfolio-la\\/specialties?page=2\",\"accept-encoding\":\"gzip, deflate\",\"accept-language\":\"es-ES,es;q=0.9,en;q=0.8\",\"cookie\":\"XSRF-TOKEN=eyJpdiI6IllwR3RoaHFoR2k0bHd5VVFPYjZDTGc9PSIsInZhbHVlIjoidlNXN0F6VzVPYmlGaHgwK21EckZnZFZjRnI1c2pweVRkUHl1OHcrR1N0VEdHS3FDU094TzZESFEzZzNsajduYiIsIm1hYyI6ImUwNjZmMmIyMjMwMWRjOWQxNDA2NTBlOGJhOGI3OGM4NWIzMGJmZDVlMGI4MDdjNjY2NWFhZTJhN2I4NTNiODkifQ%3D%3D; conquisblog_session=eyJpdiI6ImlTdit5TmZvcjRBbmlDOXZjSHROR1E9PSIsInZhbHVlIjoiOFhEdnNmXC92N2hIZmExMkJ4dFwvU29hbzVSYk4zVWx1TGlybkxwVXBMVVwvNGQ2MjMxRys2MW5SVnE5ck9nRUFpSyIsIm1hYyI6Ijg2MzZjODI2MjRkYmU1NDFiODY5YWY5MzVmMjkyNGNhYjhiZGZkMTA1OWMzZWY4MzI4MWY3NTgyYTE4NDhkMzgifQ%3D%3D\"},\"payload\":{\"page\":\"3\"},\"session\":{\"_token\":\"MuNcU5TXEv8s8LnU9wnPydfguG9Cj17CtERUYBPw\",\"_previous\":{\"url\":\"http:\\/\\/portfolio-la\\/specialties?page=3\"},\"PHPDEBUGBAR_STACK_DATA\":[],\"_flash\":{\"old\":[],\"new\":[]}},\"response_status\":200,\"response\":\"HTML Response\",\"hostname\":\"pc-victor\"}','2019-02-20 15:23:09'),(28,'8d08d88d-7ff6-447c-b5fd-6b7ba39ae3a2','8d08d88d-99a1-491a-98ce-023fa1a0c851',NULL,1,'query','{\"connection\":\"mysql\",\"bindings\":[\"PUBLISHED\"],\"sql\":\"select count(*) as aggregate from `specialties` where `status` = ?\",\"time\":\"12.84\",\"slow\":false,\"file\":\"C:\\\\xampp\\\\htdocs\\\\portfolio-la\\\\app\\\\Http\\\\Controllers\\\\Web\\\\SpecialtyController.php\",\"line\":21,\"hostname\":\"pc-victor\"}','2019-02-20 15:35:24'),(29,'8d08d88d-8447-4de6-bc58-d39adddd8f77','8d08d88d-99a1-491a-98ce-023fa1a0c851',NULL,1,'query','{\"connection\":\"mysql\",\"bindings\":[\"PUBLISHED\"],\"sql\":\"select * from `specialties` where `status` = ? order by `id` desc limit 6 offset 18\",\"time\":\"0.83\",\"slow\":false,\"file\":\"C:\\\\xampp\\\\htdocs\\\\portfolio-la\\\\app\\\\Http\\\\Controllers\\\\Web\\\\SpecialtyController.php\",\"line\":21,\"hostname\":\"pc-victor\"}','2019-02-20 15:35:24'),(30,'8d08d88d-86b2-4187-b6a9-591c62df8959','8d08d88d-99a1-491a-98ce-023fa1a0c851',NULL,1,'query','{\"connection\":\"mysql\",\"bindings\":[],\"sql\":\"select * from `specialty_areas` order by `id` desc\",\"time\":\"0.50\",\"slow\":false,\"file\":\"C:\\\\xampp\\\\htdocs\\\\portfolio-la\\\\app\\\\Http\\\\Controllers\\\\Web\\\\SpecialtyController.php\",\"line\":23,\"hostname\":\"pc-victor\"}','2019-02-20 15:35:24'),(31,'8d08d88d-9813-431a-8be3-08730b9c2750','8d08d88d-99a1-491a-98ce-023fa1a0c851',NULL,1,'request','{\"uri\":\"\\/specialties?page=4\",\"method\":\"GET\",\"headers\":{\"host\":\"portfolio-la\",\"connection\":\"keep-alive\",\"upgrade-insecure-requests\":\"1\",\"user-agent\":\"Mozilla\\/5.0 (Windows NT 6.2; Win64; x64) AppleWebKit\\/537.36 (KHTML, like Gecko) Chrome\\/72.0.3626.109 Safari\\/537.36\",\"accept\":\"text\\/html,application\\/xhtml+xml,application\\/xml;q=0.9,image\\/webp,image\\/apng,*\\/*;q=0.8\",\"referer\":\"http:\\/\\/portfolio-la\\/specialties?page=3\",\"accept-encoding\":\"gzip, deflate\",\"accept-language\":\"es-ES,es;q=0.9,en;q=0.8\",\"cookie\":\"XSRF-TOKEN=eyJpdiI6ImJpakdCdStxc1owZTZZQXp2XC9oWUxRPT0iLCJ2YWx1ZSI6ImE1MjVveXBUN1hQQVROY2JiM2JuUDh5SHIwWkdKYmxwbnVIXC93S0JPMDhESWRYVXYxVEVcL2Q2a3A4WVZ0aEJVWiIsIm1hYyI6ImZhMDY1N2EzZDdhOThlM2NmNzAyOGVlZTExNTUwNWU5ODNmN2IxMDZiMTI5ZWNhYWU5Y2VlYmYwNTQ3ZjBjMWYifQ%3D%3D; conquisblog_session=eyJpdiI6ImoyeEtzWE9Jdmt4cDl0cVkyREhmRnc9PSIsInZhbHVlIjoiK3l4bnhLdnV4Z1IyQytaWDNtV2xEZ3puWnRzYlFodkh2ZUVMMW9TK3lcL1VjQ0N1OGo2U0R5UzJtdFwvTG9UWThZIiwibWFjIjoiYjIyMDA3MzA4NTIxYWUwZGRmN2NmYjdhODYwZWI4ODRhYTE5NDFjYWRhMTcwODVhNGQyM2Y4Y2YxNTc5YTAwYiJ9\"},\"payload\":{\"page\":\"4\"},\"session\":{\"_token\":\"MuNcU5TXEv8s8LnU9wnPydfguG9Cj17CtERUYBPw\",\"_previous\":{\"url\":\"http:\\/\\/portfolio-la\\/specialties?page=4\"},\"PHPDEBUGBAR_STACK_DATA\":[],\"_flash\":{\"old\":[],\"new\":[]}},\"response_status\":200,\"response\":\"HTML Response\",\"hostname\":\"pc-victor\"}','2019-02-20 15:35:24'),(32,'8d08d8c4-30d7-4fc3-a7d7-4e72e866e6b9','8d08d8c4-43f7-4a68-ab0a-a240498c2705',NULL,1,'query','{\"connection\":\"mysql\",\"bindings\":[\"PUBLISHED\"],\"sql\":\"select count(*) as aggregate from `specialties` where `status` = ?\",\"time\":\"12.54\",\"slow\":false,\"file\":\"C:\\\\xampp\\\\htdocs\\\\portfolio-la\\\\app\\\\Http\\\\Controllers\\\\Web\\\\SpecialtyController.php\",\"line\":21,\"hostname\":\"pc-victor\"}','2019-02-20 15:35:59'),(33,'8d08d8c4-336d-49b2-9204-10aa490a9709','8d08d8c4-43f7-4a68-ab0a-a240498c2705',NULL,1,'query','{\"connection\":\"mysql\",\"bindings\":[\"PUBLISHED\"],\"sql\":\"select * from `specialties` where `status` = ? order by `id` desc limit 6 offset 24\",\"time\":\"0.75\",\"slow\":false,\"file\":\"C:\\\\xampp\\\\htdocs\\\\portfolio-la\\\\app\\\\Http\\\\Controllers\\\\Web\\\\SpecialtyController.php\",\"line\":21,\"hostname\":\"pc-victor\"}','2019-02-20 15:35:59'),(34,'8d08d8c4-35a2-4248-9436-266d461f3289','8d08d8c4-43f7-4a68-ab0a-a240498c2705',NULL,1,'query','{\"connection\":\"mysql\",\"bindings\":[],\"sql\":\"select * from `specialty_areas` order by `id` desc\",\"time\":\"0.53\",\"slow\":false,\"file\":\"C:\\\\xampp\\\\htdocs\\\\portfolio-la\\\\app\\\\Http\\\\Controllers\\\\Web\\\\SpecialtyController.php\",\"line\":23,\"hostname\":\"pc-victor\"}','2019-02-20 15:35:59'),(35,'8d08d8c4-428c-41f8-91d1-f0f0325b86a0','8d08d8c4-43f7-4a68-ab0a-a240498c2705',NULL,1,'request','{\"uri\":\"\\/specialties?page=5\",\"method\":\"GET\",\"headers\":{\"host\":\"portfolio-la\",\"connection\":\"keep-alive\",\"upgrade-insecure-requests\":\"1\",\"user-agent\":\"Mozilla\\/5.0 (Windows NT 6.2; Win64; x64) AppleWebKit\\/537.36 (KHTML, like Gecko) Chrome\\/72.0.3626.109 Safari\\/537.36\",\"accept\":\"text\\/html,application\\/xhtml+xml,application\\/xml;q=0.9,image\\/webp,image\\/apng,*\\/*;q=0.8\",\"referer\":\"http:\\/\\/portfolio-la\\/specialties?page=4\",\"accept-encoding\":\"gzip, deflate\",\"accept-language\":\"es-ES,es;q=0.9,en;q=0.8\",\"cookie\":\"XSRF-TOKEN=eyJpdiI6IlhtMlpDbzF5WmRyMVdYREpIN0RoN3c9PSIsInZhbHVlIjoiTGk5Z3JUd0p3SVRQcUJGWWcwenVWU0pTRW15MXBhTytLMU1PQkpRTHk1bVdpRGtnYTU1WlhsdVMwXC9PU0l3TysiLCJtYWMiOiJlYzFmZWRkNzdhZmY5ODQyMWI1NDVlOGY2NzI4MjNiYzA5NjcyMTE0ZTc0NDc3OTczZTE2ODA3OGY1NmY5Yjk5In0%3D; conquisblog_session=eyJpdiI6InFBV1wvV1l0YzBxdWdDNmlnZXorbnhRPT0iLCJ2YWx1ZSI6ImppVTRWTFVLNlNCQ2h1THhSd3lpOUl1MVBMYXlQZlNQWU95YWVFZ3VQQXJkaFdnTUhRcHB5dHF2dkZjRFhYbjEiLCJtYWMiOiJhZTNlOGM1YzRmOTgzZmY4MzgzN2ZmNWIwNTIxZTcxNjdkMmMwOTdkMDI3MzcwMWQ0YWExZjEzNTU5ZjVhYTE0In0%3D\"},\"payload\":{\"page\":\"5\"},\"session\":{\"_token\":\"MuNcU5TXEv8s8LnU9wnPydfguG9Cj17CtERUYBPw\",\"_previous\":{\"url\":\"http:\\/\\/portfolio-la\\/specialties?page=5\"},\"PHPDEBUGBAR_STACK_DATA\":[],\"_flash\":{\"old\":[],\"new\":[]}},\"response_status\":200,\"response\":\"HTML Response\",\"hostname\":\"pc-victor\"}','2019-02-20 15:35:59'),(36,'8d08d8f1-b69c-4e7c-be58-104bae10bbd7','8d08d8f1-cffb-4741-943a-200a65250599',NULL,1,'query','{\"connection\":\"mysql\",\"bindings\":[\"PUBLISHED\"],\"sql\":\"select count(*) as aggregate from `specialties` where `status` = ?\",\"time\":\"3.90\",\"slow\":false,\"file\":\"C:\\\\xampp\\\\htdocs\\\\portfolio-la\\\\app\\\\Http\\\\Controllers\\\\Web\\\\SpecialtyController.php\",\"line\":21,\"hostname\":\"pc-victor\"}','2019-02-20 15:36:29'),(37,'8d08d8f1-ba63-42bd-9650-403a1b64f826','8d08d8f1-cffb-4741-943a-200a65250599',NULL,1,'query','{\"connection\":\"mysql\",\"bindings\":[\"PUBLISHED\"],\"sql\":\"select * from `specialties` where `status` = ? order by `id` desc limit 6 offset 30\",\"time\":\"0.80\",\"slow\":false,\"file\":\"C:\\\\xampp\\\\htdocs\\\\portfolio-la\\\\app\\\\Http\\\\Controllers\\\\Web\\\\SpecialtyController.php\",\"line\":21,\"hostname\":\"pc-victor\"}','2019-02-20 15:36:29'),(38,'8d08d8f1-bd00-4db6-90c2-6b1c655ae117','8d08d8f1-cffb-4741-943a-200a65250599',NULL,1,'query','{\"connection\":\"mysql\",\"bindings\":[],\"sql\":\"select * from `specialty_areas` order by `id` desc\",\"time\":\"0.71\",\"slow\":false,\"file\":\"C:\\\\xampp\\\\htdocs\\\\portfolio-la\\\\app\\\\Http\\\\Controllers\\\\Web\\\\SpecialtyController.php\",\"line\":23,\"hostname\":\"pc-victor\"}','2019-02-20 15:36:29'),(39,'8d08d8f1-ce3b-40ed-9afe-7751b2053df0','8d08d8f1-cffb-4741-943a-200a65250599',NULL,1,'request','{\"uri\":\"\\/specialties?page=6\",\"method\":\"GET\",\"headers\":{\"host\":\"portfolio-la\",\"connection\":\"keep-alive\",\"upgrade-insecure-requests\":\"1\",\"user-agent\":\"Mozilla\\/5.0 (Windows NT 6.2; Win64; x64) AppleWebKit\\/537.36 (KHTML, like Gecko) Chrome\\/72.0.3626.109 Safari\\/537.36\",\"accept\":\"text\\/html,application\\/xhtml+xml,application\\/xml;q=0.9,image\\/webp,image\\/apng,*\\/*;q=0.8\",\"referer\":\"http:\\/\\/portfolio-la\\/specialties?page=5\",\"accept-encoding\":\"gzip, deflate\",\"accept-language\":\"es-ES,es;q=0.9,en;q=0.8\",\"cookie\":\"XSRF-TOKEN=eyJpdiI6Inh5dm1oWUVLVXVtUWJrYXNXRHFKbUE9PSIsInZhbHVlIjoiQ1pWM1l1WG9EaFd5a1ZwRnFZeXBUamJUeWNsRHRQSk54b2QrajJ3ZU16U2trXC9SeFR3M1VqUVVVNldRWnlrXC9oIiwibWFjIjoiYzU5MzZmZmU5OTNjNmVmNmMyZWIwZjM0ZmQwMzMyZGI5NTlhODY2OGRhMWU3NjdjNmM3ZTZhNWM0NzYzZTg4MSJ9; conquisblog_session=eyJpdiI6IndPN1lTWWNaT0xMVVZHdkdQK1o1bGc9PSIsInZhbHVlIjoibENtU3hDdHBJUTRETEw1aWkzZUdvb2Q3c1JjR0lFMlwvQm1GOXByVEJ6VDFrSDlLYXBlVk9XSDlVMjRCa0VwZDAiLCJtYWMiOiI5Yjk2ODYxOGQ3MTNiNTA1ODJkNjkzN2QxM2JjN2Q5NDU1ZGU1NmI5NTQ1ZTgwZmY4ODg5NjZkYzZiNjkwMDE3In0%3D\"},\"payload\":{\"page\":\"6\"},\"session\":{\"_token\":\"MuNcU5TXEv8s8LnU9wnPydfguG9Cj17CtERUYBPw\",\"_previous\":{\"url\":\"http:\\/\\/portfolio-la\\/specialties?page=6\"},\"PHPDEBUGBAR_STACK_DATA\":[],\"_flash\":{\"old\":[],\"new\":[]}},\"response_status\":200,\"response\":\"HTML Response\",\"hostname\":\"pc-victor\"}','2019-02-20 15:36:29'),(40,'8d08d913-d9fc-42c9-9531-6aaad1f7c4f5','8d08d913-ee5d-474a-8b31-0048a9a06d4b',NULL,1,'query','{\"connection\":\"mysql\",\"bindings\":[\"PUBLISHED\"],\"sql\":\"select count(*) as aggregate from `specialties` where `status` = ?\",\"time\":\"12.45\",\"slow\":false,\"file\":\"C:\\\\xampp\\\\htdocs\\\\portfolio-la\\\\app\\\\Http\\\\Controllers\\\\Web\\\\SpecialtyController.php\",\"line\":21,\"hostname\":\"pc-victor\"}','2019-02-20 15:36:52'),(41,'8d08d913-dca0-4889-a653-3341905dee34','8d08d913-ee5d-474a-8b31-0048a9a06d4b',NULL,1,'query','{\"connection\":\"mysql\",\"bindings\":[\"PUBLISHED\"],\"sql\":\"select * from `specialties` where `status` = ? order by `id` desc limit 6 offset 36\",\"time\":\"0.73\",\"slow\":false,\"file\":\"C:\\\\xampp\\\\htdocs\\\\portfolio-la\\\\app\\\\Http\\\\Controllers\\\\Web\\\\SpecialtyController.php\",\"line\":21,\"hostname\":\"pc-victor\"}','2019-02-20 15:36:52'),(42,'8d08d913-df75-4abb-8128-dae88086c9c9','8d08d913-ee5d-474a-8b31-0048a9a06d4b',NULL,1,'query','{\"connection\":\"mysql\",\"bindings\":[],\"sql\":\"select * from `specialty_areas` order by `id` desc\",\"time\":\"0.86\",\"slow\":false,\"file\":\"C:\\\\xampp\\\\htdocs\\\\portfolio-la\\\\app\\\\Http\\\\Controllers\\\\Web\\\\SpecialtyController.php\",\"line\":23,\"hostname\":\"pc-victor\"}','2019-02-20 15:36:52'),(43,'8d08d913-ed0d-4440-ad05-64eedd4785f5','8d08d913-ee5d-474a-8b31-0048a9a06d4b',NULL,1,'request','{\"uri\":\"\\/specialties?page=7\",\"method\":\"GET\",\"headers\":{\"host\":\"portfolio-la\",\"connection\":\"keep-alive\",\"upgrade-insecure-requests\":\"1\",\"user-agent\":\"Mozilla\\/5.0 (Windows NT 6.2; Win64; x64) AppleWebKit\\/537.36 (KHTML, like Gecko) Chrome\\/72.0.3626.109 Safari\\/537.36\",\"accept\":\"text\\/html,application\\/xhtml+xml,application\\/xml;q=0.9,image\\/webp,image\\/apng,*\\/*;q=0.8\",\"referer\":\"http:\\/\\/portfolio-la\\/specialties?page=6\",\"accept-encoding\":\"gzip, deflate\",\"accept-language\":\"es-ES,es;q=0.9,en;q=0.8\",\"cookie\":\"XSRF-TOKEN=eyJpdiI6IktXSXJGXC8zdzZHVzhLNW05a2pmYnB3PT0iLCJ2YWx1ZSI6IldzT05TUGdPMW5lSll6YUsrXC9VNVMyV2t4TFNBaU0xQ1wvYVhyQUh2ZDRadml6WlhRbjVaR1RVQ0ZFUE1PbmRlYiIsIm1hYyI6IjM4ZWVlZWI2OWIyMTRkZmVmNmY4MjNhMWNiZjc5YzA2MTI3ZWU3NDY3ZmEzZDA0NjY4NGFmMDJmZjFhOTdhOTcifQ%3D%3D; conquisblog_session=eyJpdiI6IkF4TWFVVnVTQmFOcm81M0lqUXhXb1E9PSIsInZhbHVlIjoic1JpY1wvZnhyaGxzNnNMbUtMMnRRWWhzdHFSYXkzaWhLUzJ4SEd0SHd6NEZNWHVPaHZkVktLNjZGaVwvNkV4MVZPIiwibWFjIjoiNjgzNDRlYzJjZWVlZWEwZTQyMDc5NDhkMzUzZjJiMzM2Zjg1NmRmYTMxMzFhNzE0MjkyNzNjOGEzNjgyZmFhNyJ9\"},\"payload\":{\"page\":\"7\"},\"session\":{\"_token\":\"MuNcU5TXEv8s8LnU9wnPydfguG9Cj17CtERUYBPw\",\"_previous\":{\"url\":\"http:\\/\\/portfolio-la\\/specialties?page=7\"},\"PHPDEBUGBAR_STACK_DATA\":[],\"_flash\":{\"old\":[],\"new\":[]}},\"response_status\":200,\"response\":\"HTML Response\",\"hostname\":\"pc-victor\"}','2019-02-20 15:36:52'),(44,'8d08d937-c8f8-4e44-9a24-93492f5a8a22','8d08d937-e247-4084-bb34-4671d8734583',NULL,1,'query','{\"connection\":\"mysql\",\"bindings\":[\"PUBLISHED\"],\"sql\":\"select count(*) as aggregate from `specialties` where `status` = ?\",\"time\":\"3.53\",\"slow\":false,\"file\":\"C:\\\\xampp\\\\htdocs\\\\portfolio-la\\\\app\\\\Http\\\\Controllers\\\\Web\\\\SpecialtyController.php\",\"line\":21,\"hostname\":\"pc-victor\"}','2019-02-20 15:37:15'),(45,'8d08d937-cd18-43d7-8f6d-69854f37f405','8d08d937-e247-4084-bb34-4671d8734583',NULL,1,'query','{\"connection\":\"mysql\",\"bindings\":[\"PUBLISHED\"],\"sql\":\"select * from `specialties` where `status` = ? order by `id` desc limit 6 offset 42\",\"time\":\"0.92\",\"slow\":false,\"file\":\"C:\\\\xampp\\\\htdocs\\\\portfolio-la\\\\app\\\\Http\\\\Controllers\\\\Web\\\\SpecialtyController.php\",\"line\":21,\"hostname\":\"pc-victor\"}','2019-02-20 15:37:15'),(46,'8d08d937-cf97-4e33-b929-d14bd9510b8a','8d08d937-e247-4084-bb34-4671d8734583',NULL,1,'query','{\"connection\":\"mysql\",\"bindings\":[],\"sql\":\"select * from `specialty_areas` order by `id` desc\",\"time\":\"0.61\",\"slow\":false,\"file\":\"C:\\\\xampp\\\\htdocs\\\\portfolio-la\\\\app\\\\Http\\\\Controllers\\\\Web\\\\SpecialtyController.php\",\"line\":23,\"hostname\":\"pc-victor\"}','2019-02-20 15:37:15'),(47,'8d08d937-e0bf-4939-b498-263de13ccd91','8d08d937-e247-4084-bb34-4671d8734583',NULL,1,'request','{\"uri\":\"\\/specialties?page=8\",\"method\":\"GET\",\"headers\":{\"host\":\"portfolio-la\",\"connection\":\"keep-alive\",\"upgrade-insecure-requests\":\"1\",\"user-agent\":\"Mozilla\\/5.0 (Windows NT 6.2; Win64; x64) AppleWebKit\\/537.36 (KHTML, like Gecko) Chrome\\/72.0.3626.109 Safari\\/537.36\",\"accept\":\"text\\/html,application\\/xhtml+xml,application\\/xml;q=0.9,image\\/webp,image\\/apng,*\\/*;q=0.8\",\"referer\":\"http:\\/\\/portfolio-la\\/specialties?page=7\",\"accept-encoding\":\"gzip, deflate\",\"accept-language\":\"es-ES,es;q=0.9,en;q=0.8\",\"cookie\":\"XSRF-TOKEN=eyJpdiI6Ikk5dG1iaDlkemlhdXZXUW9xMGdkckE9PSIsInZhbHVlIjoiZ3dkeDRoRitLd2c3MXVnS1NqK0NpbUNPMVhUdVlKZmo5UWh3MzZraHFvU2pESm9zQkoxcXBTalFRNHA3QkpcL08iLCJtYWMiOiJiMmM0NmQ4MTgwZmRhM2MzYTk4OWFkM2QxNGU1ZGZiN2U1MDE0MzYyZmI3ZWNiOWNjZGY2YjE3Yjk4ZDc3Njg3In0%3D; conquisblog_session=eyJpdiI6Ilp3cXZKemxUQXlyQ2pvbnVHS2g0QXc9PSIsInZhbHVlIjoiaSsrTWVKRW0yZmsxSVRsc0wxK3grcW5haHFLeUFUa0pjeUNlczRkMlg1R2YreFwvZUZQazNsXC9PSzhXYkErMURnIiwibWFjIjoiZTVlNGE5OTQwZGYxZWE2ODllZWM2ODYwNTRlMDI5YTYxNDA2NTQyOWMzZWM1MDE0ZTU0YWEyY2I4M2RhODg5ZSJ9\"},\"payload\":{\"page\":\"8\"},\"session\":{\"_token\":\"MuNcU5TXEv8s8LnU9wnPydfguG9Cj17CtERUYBPw\",\"_previous\":{\"url\":\"http:\\/\\/portfolio-la\\/specialties?page=8\"},\"PHPDEBUGBAR_STACK_DATA\":[],\"_flash\":{\"old\":[],\"new\":[]}},\"response_status\":200,\"response\":\"HTML Response\",\"hostname\":\"pc-victor\"}','2019-02-20 15:37:15'),(48,'8d08d964-14f9-4cfb-8e19-07a1e4aacdd7','8d08d964-33b0-474a-8bc9-5b5a4e68dd4f',NULL,1,'query','{\"connection\":\"mysql\",\"bindings\":[\"PUBLISHED\"],\"sql\":\"select count(*) as aggregate from `specialties` where `status` = ?\",\"time\":\"3.53\",\"slow\":false,\"file\":\"C:\\\\xampp\\\\htdocs\\\\portfolio-la\\\\app\\\\Http\\\\Controllers\\\\Web\\\\SpecialtyController.php\",\"line\":21,\"hostname\":\"pc-victor\"}','2019-02-20 15:37:44'),(49,'8d08d964-1916-4afb-af73-ab6f62205dc3','8d08d964-33b0-474a-8bc9-5b5a4e68dd4f',NULL,1,'query','{\"connection\":\"mysql\",\"bindings\":[\"PUBLISHED\"],\"sql\":\"select * from `specialties` where `status` = ? order by `id` desc limit 6 offset 48\",\"time\":\"1.26\",\"slow\":false,\"file\":\"C:\\\\xampp\\\\htdocs\\\\portfolio-la\\\\app\\\\Http\\\\Controllers\\\\Web\\\\SpecialtyController.php\",\"line\":21,\"hostname\":\"pc-victor\"}','2019-02-20 15:37:44'),(50,'8d08d964-1bd0-45e3-ac4f-fbfe87bd0258','8d08d964-33b0-474a-8bc9-5b5a4e68dd4f',NULL,1,'query','{\"connection\":\"mysql\",\"bindings\":[],\"sql\":\"select * from `specialty_areas` order by `id` desc\",\"time\":\"0.69\",\"slow\":false,\"file\":\"C:\\\\xampp\\\\htdocs\\\\portfolio-la\\\\app\\\\Http\\\\Controllers\\\\Web\\\\SpecialtyController.php\",\"line\":23,\"hostname\":\"pc-victor\"}','2019-02-20 15:37:44'),(51,'8d08d964-31bc-42c9-a87f-7bf106b43151','8d08d964-33b0-474a-8bc9-5b5a4e68dd4f',NULL,1,'request','{\"uri\":\"\\/specialties?page=9\",\"method\":\"GET\",\"headers\":{\"host\":\"portfolio-la\",\"connection\":\"keep-alive\",\"upgrade-insecure-requests\":\"1\",\"user-agent\":\"Mozilla\\/5.0 (Windows NT 6.2; Win64; x64) AppleWebKit\\/537.36 (KHTML, like Gecko) Chrome\\/72.0.3626.109 Safari\\/537.36\",\"accept\":\"text\\/html,application\\/xhtml+xml,application\\/xml;q=0.9,image\\/webp,image\\/apng,*\\/*;q=0.8\",\"referer\":\"http:\\/\\/portfolio-la\\/specialties?page=8\",\"accept-encoding\":\"gzip, deflate\",\"accept-language\":\"es-ES,es;q=0.9,en;q=0.8\",\"cookie\":\"XSRF-TOKEN=eyJpdiI6IkpHQWZNRXBya0dpRWJ0eFZINXdzTVE9PSIsInZhbHVlIjoiNElJcGEwMFwvYXpDcnZmbWV5UFJmWVFcL3JhdWlWdFNydTMxTzYwcFdHMnl5Z3dtTnYwVWIzYWhzU0I0eTBjVVl5IiwibWFjIjoiOTVhMTYzNTI5YjBiYjk4NzZlMmRkNzRkODIzZjczOGFkN2FmYjQ2MjE4ODk5ZWJkZWE3OWY1NmFjNGE1MGM2NSJ9; conquisblog_session=eyJpdiI6IjZrTitvVzNKMFB5TVhRK1RiMHJmZlE9PSIsInZhbHVlIjoiSnB3eUxxME9XTjN1THh4MmJQak9HalI4UzVPc1wvMEhOS3cybCtxNkNNWlZsdFgzRUpwelNmWm4rcG5ybzVLSUkiLCJtYWMiOiJmMzFjYjgzOWFhYjA4YjVlOWFhNjg1YzQ4YThjOGViZThlZWQzNjQyZWIzZjIyZDgyOTE0ZTk0YjE2YjM3NTk2In0%3D\"},\"payload\":{\"page\":\"9\"},\"session\":{\"_token\":\"MuNcU5TXEv8s8LnU9wnPydfguG9Cj17CtERUYBPw\",\"_previous\":{\"url\":\"http:\\/\\/portfolio-la\\/specialties?page=9\"},\"PHPDEBUGBAR_STACK_DATA\":[],\"_flash\":{\"old\":[],\"new\":[]}},\"response_status\":200,\"response\":\"HTML Response\",\"hostname\":\"pc-victor\"}','2019-02-20 15:37:44'),(52,'8d08db02-9372-4427-99c6-685427080114','8d08db02-ac07-4ae6-b33f-0c2e62657758',NULL,1,'query','{\"connection\":\"mysql\",\"bindings\":[\"PUBLISHED\"],\"sql\":\"select count(*) as aggregate from `specialties` where `status` = ?\",\"time\":\"13.34\",\"slow\":false,\"file\":\"C:\\\\xampp\\\\htdocs\\\\portfolio-la\\\\app\\\\Http\\\\Controllers\\\\Web\\\\SpecialtyController.php\",\"line\":21,\"hostname\":\"pc-victor\"}','2019-02-20 15:42:16'),(53,'8d08db02-9733-4eae-a303-2fc52e9e068a','8d08db02-ac07-4ae6-b33f-0c2e62657758',NULL,1,'query','{\"connection\":\"mysql\",\"bindings\":[\"PUBLISHED\"],\"sql\":\"select * from `specialties` where `status` = ? order by `id` desc limit 6 offset 54\",\"time\":\"0.74\",\"slow\":false,\"file\":\"C:\\\\xampp\\\\htdocs\\\\portfolio-la\\\\app\\\\Http\\\\Controllers\\\\Web\\\\SpecialtyController.php\",\"line\":21,\"hostname\":\"pc-victor\"}','2019-02-20 15:42:16'),(54,'8d08db02-99ca-4bef-8aeb-4c95897a4de9','8d08db02-ac07-4ae6-b33f-0c2e62657758',NULL,1,'query','{\"connection\":\"mysql\",\"bindings\":[],\"sql\":\"select * from `specialty_areas` order by `id` desc\",\"time\":\"0.66\",\"slow\":false,\"file\":\"C:\\\\xampp\\\\htdocs\\\\portfolio-la\\\\app\\\\Http\\\\Controllers\\\\Web\\\\SpecialtyController.php\",\"line\":23,\"hostname\":\"pc-victor\"}','2019-02-20 15:42:16'),(55,'8d08db02-aa78-4dbe-b44b-7060e4d4a680','8d08db02-ac07-4ae6-b33f-0c2e62657758',NULL,1,'request','{\"uri\":\"\\/specialties?page=10\",\"method\":\"GET\",\"headers\":{\"host\":\"portfolio-la\",\"connection\":\"keep-alive\",\"upgrade-insecure-requests\":\"1\",\"user-agent\":\"Mozilla\\/5.0 (Windows NT 6.2; Win64; x64) AppleWebKit\\/537.36 (KHTML, like Gecko) Chrome\\/72.0.3626.109 Safari\\/537.36\",\"accept\":\"text\\/html,application\\/xhtml+xml,application\\/xml;q=0.9,image\\/webp,image\\/apng,*\\/*;q=0.8\",\"referer\":\"http:\\/\\/portfolio-la\\/specialties?page=9\",\"accept-encoding\":\"gzip, deflate\",\"accept-language\":\"es-ES,es;q=0.9,en;q=0.8\",\"cookie\":\"XSRF-TOKEN=eyJpdiI6ImEwVllnTWFBWlRNaUJOV29FcHF5aUE9PSIsInZhbHVlIjoiK1VKVkJOQ0lwYVJsRUc1QUFFd1N0QWdoS2V6a3Awano2TTBrYkNJaElicXFxeU1SelVnUkF0eGplZzBxeUg4SCIsIm1hYyI6IjkyODdmOTlmNmNhNmExZGVmMTE4YmNhMzVhN2FkNjAwOTlhMmM3NGNiOWFkYTFkMDBmYmY5NmI2ODY3Mzk1ZGQifQ%3D%3D; conquisblog_session=eyJpdiI6IkhhKzNDKzgrVmlzVkdBT3lwKzF3Rmc9PSIsInZhbHVlIjoiYUtRNXdqR1ZzOThDWStBSkpvZkpGRzlyUDliUDd2V1BwV1k0NVF4b1wvYzc5ZnptM05vdEpXeGlVXC9WVGZ3Q2J0IiwibWFjIjoiNjFlOGY4NmNlNzhmZGM3Nzc0ZmRlY2JiM2VmMGIwNDA2NTAxMDJjMzA4ZWM3NDI5NTFhZTgyODUyZWFhM2FhMiJ9\"},\"payload\":{\"page\":\"10\"},\"session\":{\"_token\":\"MuNcU5TXEv8s8LnU9wnPydfguG9Cj17CtERUYBPw\",\"_previous\":{\"url\":\"http:\\/\\/portfolio-la\\/specialties?page=10\"},\"PHPDEBUGBAR_STACK_DATA\":[],\"_flash\":{\"old\":[],\"new\":[]}},\"response_status\":200,\"response\":\"HTML Response\",\"hostname\":\"pc-victor\"}','2019-02-20 15:42:16'),(56,'8d08db06-9c84-4b63-8a9e-0d04e660f79a','8d08db06-9daa-4b80-989e-acb2840db9ba',NULL,1,'request','{\"uri\":\"\\/doc\\/upload\\/specialties\\/AR-059-Cometas.pdf\",\"method\":\"GET\",\"headers\":{\"host\":\"portfolio-la\",\"connection\":\"keep-alive\",\"upgrade-insecure-requests\":\"1\",\"user-agent\":\"Mozilla\\/5.0 (Windows NT 6.2; Win64; x64) AppleWebKit\\/537.36 (KHTML, like Gecko) Chrome\\/72.0.3626.109 Safari\\/537.36\",\"accept\":\"text\\/html,application\\/xhtml+xml,application\\/xml;q=0.9,image\\/webp,image\\/apng,*\\/*;q=0.8\",\"referer\":\"http:\\/\\/portfolio-la\\/specialties?page=10\",\"accept-encoding\":\"gzip, deflate\",\"accept-language\":\"es-ES,es;q=0.9,en;q=0.8\",\"cookie\":\"XSRF-TOKEN=eyJpdiI6IlZETWdKaUU2eDdoajZoaTNWZlwvRE1RPT0iLCJ2YWx1ZSI6IkVvbHFKeEEya2dsZGVxUEhcL0pLUUxZUUIzYk9STkZEVWg2bU9YN3p5ZXFpblNZRHQrcUVzVW0yR2w3RWY1Y2hzIiwibWFjIjoiMDE3MzcxMTFiOGVmOWVlYzRjM2Y5NjliYWNkNjVmOWZhZDc1ZDQ5NDk5NzQwOGZiYmZlOWI4NWM3NjRkN2FhMCJ9; conquisblog_session=eyJpdiI6InRyRTdHdDkxTkJQVDE5dGlORWZnY0E9PSIsInZhbHVlIjoiN3ZTSFJ3cWt2RXNqb1g3T3Uza0ZyRXl4REFaSDFyVmoyaGRQVjRFT0pYdkpTanBIUnNuUmxBTElWaHluUlRKNyIsIm1hYyI6IjIyMmIyMmQzYjMzMjMzZmE2NTlhZTc5ZTZkZWE1ZDAyNzY0YTUwNzUxOTRlMmVmY2NlMzEwMDcyNjNhOTUwMDgifQ%3D%3D\"},\"payload\":[],\"session\":[],\"response_status\":404,\"response\":\"HTML Response\",\"hostname\":\"pc-victor\"}','2019-02-20 15:42:18'),(57,'8d08db25-974f-495f-b7e9-4846f0b89f8c','8d08db25-b5f1-4469-9dac-36c0ff7d2d1f',NULL,1,'query','{\"connection\":\"mysql\",\"bindings\":[\"PUBLISHED\"],\"sql\":\"select count(*) as aggregate from `specialties` where `status` = ?\",\"time\":\"13.04\",\"slow\":false,\"file\":\"C:\\\\xampp\\\\htdocs\\\\portfolio-la\\\\app\\\\Http\\\\Controllers\\\\Web\\\\SpecialtyController.php\",\"line\":21,\"hostname\":\"pc-victor\"}','2019-02-20 15:42:39'),(58,'8d08db25-9b7e-4e31-b42f-3a5c0e71321a','8d08db25-b5f1-4469-9dac-36c0ff7d2d1f',NULL,1,'query','{\"connection\":\"mysql\",\"bindings\":[\"PUBLISHED\"],\"sql\":\"select * from `specialties` where `status` = ? order by `id` desc limit 6 offset 60\",\"time\":\"0.83\",\"slow\":false,\"file\":\"C:\\\\xampp\\\\htdocs\\\\portfolio-la\\\\app\\\\Http\\\\Controllers\\\\Web\\\\SpecialtyController.php\",\"line\":21,\"hostname\":\"pc-victor\"}','2019-02-20 15:42:39'),(59,'8d08db25-a18d-4043-ac77-f80d9fdf23f8','8d08db25-b5f1-4469-9dac-36c0ff7d2d1f',NULL,1,'query','{\"connection\":\"mysql\",\"bindings\":[],\"sql\":\"select * from `specialty_areas` order by `id` desc\",\"time\":\"0.67\",\"slow\":false,\"file\":\"C:\\\\xampp\\\\htdocs\\\\portfolio-la\\\\app\\\\Http\\\\Controllers\\\\Web\\\\SpecialtyController.php\",\"line\":23,\"hostname\":\"pc-victor\"}','2019-02-20 15:42:39'),(60,'8d08db25-b468-408f-a87d-370aaaee59e9','8d08db25-b5f1-4469-9dac-36c0ff7d2d1f',NULL,1,'request','{\"uri\":\"\\/specialties?page=11\",\"method\":\"GET\",\"headers\":{\"host\":\"portfolio-la\",\"connection\":\"keep-alive\",\"upgrade-insecure-requests\":\"1\",\"user-agent\":\"Mozilla\\/5.0 (Windows NT 6.2; Win64; x64) AppleWebKit\\/537.36 (KHTML, like Gecko) Chrome\\/72.0.3626.109 Safari\\/537.36\",\"accept\":\"text\\/html,application\\/xhtml+xml,application\\/xml;q=0.9,image\\/webp,image\\/apng,*\\/*;q=0.8\",\"referer\":\"http:\\/\\/portfolio-la\\/specialties?page=10\",\"accept-encoding\":\"gzip, deflate\",\"accept-language\":\"es-ES,es;q=0.9,en;q=0.8\",\"cookie\":\"XSRF-TOKEN=eyJpdiI6IlZETWdKaUU2eDdoajZoaTNWZlwvRE1RPT0iLCJ2YWx1ZSI6IkVvbHFKeEEya2dsZGVxUEhcL0pLUUxZUUIzYk9STkZEVWg2bU9YN3p5ZXFpblNZRHQrcUVzVW0yR2w3RWY1Y2hzIiwibWFjIjoiMDE3MzcxMTFiOGVmOWVlYzRjM2Y5NjliYWNkNjVmOWZhZDc1ZDQ5NDk5NzQwOGZiYmZlOWI4NWM3NjRkN2FhMCJ9; conquisblog_session=eyJpdiI6InRyRTdHdDkxTkJQVDE5dGlORWZnY0E9PSIsInZhbHVlIjoiN3ZTSFJ3cWt2RXNqb1g3T3Uza0ZyRXl4REFaSDFyVmoyaGRQVjRFT0pYdkpTanBIUnNuUmxBTElWaHluUlRKNyIsIm1hYyI6IjIyMmIyMmQzYjMzMjMzZmE2NTlhZTc5ZTZkZWE1ZDAyNzY0YTUwNzUxOTRlMmVmY2NlMzEwMDcyNjNhOTUwMDgifQ%3D%3D\"},\"payload\":{\"page\":\"11\"},\"session\":{\"_token\":\"MuNcU5TXEv8s8LnU9wnPydfguG9Cj17CtERUYBPw\",\"_previous\":{\"url\":\"http:\\/\\/portfolio-la\\/specialties?page=11\"},\"PHPDEBUGBAR_STACK_DATA\":[],\"_flash\":{\"old\":[],\"new\":[]}},\"response_status\":200,\"response\":\"HTML Response\",\"hostname\":\"pc-victor\"}','2019-02-20 15:42:39'),(61,'8d08db3f-12f4-4679-841b-445b8a6f3b27','8d08db3f-3554-4632-8d9f-14442622281d',NULL,1,'query','{\"connection\":\"mysql\",\"bindings\":[\"ciencia-y-salud\"],\"sql\":\"select `id` from `specialty_areas` where `slug` = ?\",\"time\":\"19.92\",\"slow\":false,\"file\":\"C:\\\\xampp\\\\htdocs\\\\portfolio-la\\\\app\\\\Http\\\\Controllers\\\\Web\\\\PageController.php\",\"line\":78,\"hostname\":\"pc-victor\"}','2019-02-20 15:42:55'),(62,'8d08db3f-15b3-4254-ae33-e334d31c24a3','8d08db3f-3554-4632-8d9f-14442622281d',NULL,1,'query','{\"connection\":\"mysql\",\"bindings\":[\"ciencia-y-salud\"],\"sql\":\"select * from `specialty_areas` where `slug` = ? limit 1\",\"time\":\"0.62\",\"slow\":false,\"file\":\"C:\\\\xampp\\\\htdocs\\\\portfolio-la\\\\app\\\\Http\\\\Controllers\\\\Web\\\\PageController.php\",\"line\":79,\"hostname\":\"pc-victor\"}','2019-02-20 15:42:55'),(63,'8d08db3f-1b2c-4e9b-bb83-9331fde4c633','8d08db3f-3554-4632-8d9f-14442622281d',NULL,1,'query','{\"connection\":\"mysql\",\"bindings\":[7,\"PUBLISHED\"],\"sql\":\"select count(*) as aggregate from `specialties` where `specialty_area_id` = ? and `status` = ?\",\"time\":\"9.41\",\"slow\":false,\"file\":\"C:\\\\xampp\\\\htdocs\\\\portfolio-la\\\\app\\\\Http\\\\Controllers\\\\Web\\\\PageController.php\",\"line\":81,\"hostname\":\"pc-victor\"}','2019-02-20 15:42:56'),(64,'8d08db3f-1cdc-4829-8bd7-3da6b4f764b4','8d08db3f-3554-4632-8d9f-14442622281d',NULL,1,'query','{\"connection\":\"mysql\",\"bindings\":[7,\"PUBLISHED\"],\"sql\":\"select * from `specialties` where `specialty_area_id` = ? and `status` = ? order by `id` desc limit 6 offset 0\",\"time\":\"1.12\",\"slow\":false,\"file\":\"C:\\\\xampp\\\\htdocs\\\\portfolio-la\\\\app\\\\Http\\\\Controllers\\\\Web\\\\PageController.php\",\"line\":81,\"hostname\":\"pc-victor\"}','2019-02-20 15:42:56'),(65,'8d08db3f-20ca-48fb-bc3f-b9bf862a3e2c','8d08db3f-3554-4632-8d9f-14442622281d',NULL,1,'query','{\"connection\":\"mysql\",\"bindings\":[],\"sql\":\"select * from `specialty_areas` order by `id` desc\",\"time\":\"1.16\",\"slow\":false,\"file\":\"C:\\\\xampp\\\\htdocs\\\\portfolio-la\\\\app\\\\Http\\\\Controllers\\\\Web\\\\PageController.php\",\"line\":83,\"hostname\":\"pc-victor\"}','2019-02-20 15:42:56'),(66,'8d08db3f-33c2-4f75-8fe9-b5416aede1ca','8d08db3f-3554-4632-8d9f-14442622281d',NULL,1,'request','{\"uri\":\"\\/specialty-area\\/ciencia-y-salud\",\"method\":\"GET\",\"headers\":{\"host\":\"portfolio-la\",\"connection\":\"keep-alive\",\"upgrade-insecure-requests\":\"1\",\"user-agent\":\"Mozilla\\/5.0 (Windows NT 6.2; Win64; x64) AppleWebKit\\/537.36 (KHTML, like Gecko) Chrome\\/72.0.3626.109 Safari\\/537.36\",\"accept\":\"text\\/html,application\\/xhtml+xml,application\\/xml;q=0.9,image\\/webp,image\\/apng,*\\/*;q=0.8\",\"referer\":\"http:\\/\\/portfolio-la\\/specialties?page=11\",\"accept-encoding\":\"gzip, deflate\",\"accept-language\":\"es-ES,es;q=0.9,en;q=0.8\",\"cookie\":\"XSRF-TOKEN=eyJpdiI6IkZ5S0lveHdlSXh5akx1cVZTTWFlOFE9PSIsInZhbHVlIjoiWnpUMGpNaGFLRkRxZmxCdmhHQkd0RVcyRTlPY0VlOFJUajN3YlArZ3FhU1A0SmttWDB4OWVLVW4wZTZBbHp3aiIsIm1hYyI6IjgzMzY2YTdkNjg5OWM5ZTRlNWZmZTk2YjYwZDRkNzU5ZmQ0YmQ2NWZmNDhmN2UzZWI4MWJkNzU2NWNiMjg5ZTgifQ%3D%3D; conquisblog_session=eyJpdiI6InR4TjFXeGZtZ25QVmVscUdZUnl2VWc9PSIsInZhbHVlIjoickRDRGhXeERMS3JRNUlnYmRSWExSZWc0cUhXWkhvREpkTUF4RGtXQ0JWWFNGQXlZTkx4VnI5aDdkdWJYdkViViIsIm1hYyI6IjY0YzlhMGQwNTMxM2Q1NzljMzhlZTQ1NjkxOWJkYTQ0MTk5ZDIxMDBiZDZjOTlkYzlmYjQwNzhjNDIyNmY2ZTcifQ%3D%3D\"},\"payload\":[],\"session\":{\"_token\":\"MuNcU5TXEv8s8LnU9wnPydfguG9Cj17CtERUYBPw\",\"_previous\":{\"url\":\"http:\\/\\/portfolio-la\\/specialty-area\\/ciencia-y-salud\"},\"PHPDEBUGBAR_STACK_DATA\":[],\"_flash\":{\"old\":[],\"new\":[]}},\"response_status\":200,\"response\":\"HTML Response\",\"hostname\":\"pc-victor\"}','2019-02-20 15:42:56'),(67,'8d08db43-ac2c-446f-9bf0-327a1201b9d2','8d08db43-c171-452e-a585-df2260d81349',NULL,1,'query','{\"connection\":\"mysql\",\"bindings\":[\"actividades-agricolas\"],\"sql\":\"select `id` from `specialty_areas` where `slug` = ?\",\"time\":\"11.79\",\"slow\":false,\"file\":\"C:\\\\xampp\\\\htdocs\\\\portfolio-la\\\\app\\\\Http\\\\Controllers\\\\Web\\\\PageController.php\",\"line\":78,\"hostname\":\"pc-victor\"}','2019-02-20 15:42:59'),(68,'8d08db43-af17-4d32-9345-96c439e2d9ba','8d08db43-c171-452e-a585-df2260d81349',NULL,1,'query','{\"connection\":\"mysql\",\"bindings\":[\"actividades-agricolas\"],\"sql\":\"select * from `specialty_areas` where `slug` = ? limit 1\",\"time\":\"0.60\",\"slow\":false,\"file\":\"C:\\\\xampp\\\\htdocs\\\\portfolio-la\\\\app\\\\Http\\\\Controllers\\\\Web\\\\PageController.php\",\"line\":79,\"hostname\":\"pc-victor\"}','2019-02-20 15:42:59'),(69,'8d08db43-b11a-4e61-bf20-d19c82c4dbd1','8d08db43-c171-452e-a585-df2260d81349',NULL,1,'query','{\"connection\":\"mysql\",\"bindings\":[3,\"PUBLISHED\"],\"sql\":\"select count(*) as aggregate from `specialties` where `specialty_area_id` = ? and `status` = ?\",\"time\":\"0.56\",\"slow\":false,\"file\":\"C:\\\\xampp\\\\htdocs\\\\portfolio-la\\\\app\\\\Http\\\\Controllers\\\\Web\\\\PageController.php\",\"line\":81,\"hostname\":\"pc-victor\"}','2019-02-20 15:42:59'),(70,'8d08db43-b26e-46a9-9f6d-197ea7b6636d','8d08db43-c171-452e-a585-df2260d81349',NULL,1,'query','{\"connection\":\"mysql\",\"bindings\":[3,\"PUBLISHED\"],\"sql\":\"select * from `specialties` where `specialty_area_id` = ? and `status` = ? order by `id` desc limit 6 offset 0\",\"time\":\"0.50\",\"slow\":false,\"file\":\"C:\\\\xampp\\\\htdocs\\\\portfolio-la\\\\app\\\\Http\\\\Controllers\\\\Web\\\\PageController.php\",\"line\":81,\"hostname\":\"pc-victor\"}','2019-02-20 15:42:59'),(71,'8d08db43-b453-4fec-904d-8d388c4d2e35','8d08db43-c171-452e-a585-df2260d81349',NULL,1,'query','{\"connection\":\"mysql\",\"bindings\":[],\"sql\":\"select * from `specialty_areas` order by `id` desc\",\"time\":\"0.69\",\"slow\":false,\"file\":\"C:\\\\xampp\\\\htdocs\\\\portfolio-la\\\\app\\\\Http\\\\Controllers\\\\Web\\\\PageController.php\",\"line\":83,\"hostname\":\"pc-victor\"}','2019-02-20 15:42:59'),(72,'8d08db43-bfc2-490a-baa9-348eeff3193d','8d08db43-c171-452e-a585-df2260d81349',NULL,1,'request','{\"uri\":\"\\/specialty-area\\/actividades-agricolas\",\"method\":\"GET\",\"headers\":{\"host\":\"portfolio-la\",\"connection\":\"keep-alive\",\"upgrade-insecure-requests\":\"1\",\"user-agent\":\"Mozilla\\/5.0 (Windows NT 6.2; Win64; x64) AppleWebKit\\/537.36 (KHTML, like Gecko) Chrome\\/72.0.3626.109 Safari\\/537.36\",\"accept\":\"text\\/html,application\\/xhtml+xml,application\\/xml;q=0.9,image\\/webp,image\\/apng,*\\/*;q=0.8\",\"referer\":\"http:\\/\\/portfolio-la\\/specialty-area\\/ciencia-y-salud\",\"accept-encoding\":\"gzip, deflate\",\"accept-language\":\"es-ES,es;q=0.9,en;q=0.8\",\"cookie\":\"XSRF-TOKEN=eyJpdiI6IkN1WUQxVndSXC94V1hKK1MzaGJqOGN3PT0iLCJ2YWx1ZSI6IjlcL0R4YU5MdGxxWHZMNHdKV09KRU1yN0EwUzg3d1NINzZ0MnppTTY2OGFkWkU0TU1UWmlhQ09tRFJweGU3TnkwIiwibWFjIjoiNDQyZjU4ZmYwMGNiNWYyY2ZmM2E0NjFmNjYzY2U1YjFkYjFjZmJiNzdiNTIwYzMwODRlMDVkODdlNGRmMTJjMyJ9; conquisblog_session=eyJpdiI6ImRQU2Rrak9WbEQ4amsxWjFweVp3U2c9PSIsInZhbHVlIjoiQllBVGtrbVRNbnBsRFVEUzFjRElrMkVsOVlxV3FmbTlHOGtUTFJXOE1vMFwvVG10WkdnZnFcL041TXFqb1NoQlZ4IiwibWFjIjoiZDNlZTNiYTYyNGJhYzM3NWY5M2U2Mjg1MTBlMTVkNzVhNjI4MDIwOGUxY2RkNzA0YWE0MDg3MjgyNTg4ODQ3NSJ9\"},\"payload\":[],\"session\":{\"_token\":\"MuNcU5TXEv8s8LnU9wnPydfguG9Cj17CtERUYBPw\",\"_previous\":{\"url\":\"http:\\/\\/portfolio-la\\/specialty-area\\/actividades-agricolas\"},\"PHPDEBUGBAR_STACK_DATA\":[],\"_flash\":{\"old\":[],\"new\":[]}},\"response_status\":200,\"response\":\"HTML Response\",\"hostname\":\"pc-victor\"}','2019-02-20 15:42:59'),(73,'8d08db48-f504-4ad1-b944-a6c5f2a9460d','8d08db49-0c07-4f29-a521-9fcb5d2481e1',NULL,1,'query','{\"connection\":\"mysql\",\"bindings\":[\"estudio-de-la-naturaleza\"],\"sql\":\"select `id` from `specialty_areas` where `slug` = ?\",\"time\":\"3.03\",\"slow\":false,\"file\":\"C:\\\\xampp\\\\htdocs\\\\portfolio-la\\\\app\\\\Http\\\\Controllers\\\\Web\\\\PageController.php\",\"line\":78,\"hostname\":\"pc-victor\"}','2019-02-20 15:43:02'),(74,'8d08db48-f7c7-4a79-bdfb-29bc01062fd9','8d08db49-0c07-4f29-a521-9fcb5d2481e1',NULL,1,'query','{\"connection\":\"mysql\",\"bindings\":[\"estudio-de-la-naturaleza\"],\"sql\":\"select * from `specialty_areas` where `slug` = ? limit 1\",\"time\":\"0.65\",\"slow\":false,\"file\":\"C:\\\\xampp\\\\htdocs\\\\portfolio-la\\\\app\\\\Http\\\\Controllers\\\\Web\\\\PageController.php\",\"line\":79,\"hostname\":\"pc-victor\"}','2019-02-20 15:43:02'),(75,'8d08db48-f9c6-47ed-ab9e-d7c85f219060','8d08db49-0c07-4f29-a521-9fcb5d2481e1',NULL,1,'query','{\"connection\":\"mysql\",\"bindings\":[8,\"PUBLISHED\"],\"sql\":\"select count(*) as aggregate from `specialties` where `specialty_area_id` = ? and `status` = ?\",\"time\":\"0.50\",\"slow\":false,\"file\":\"C:\\\\xampp\\\\htdocs\\\\portfolio-la\\\\app\\\\Http\\\\Controllers\\\\Web\\\\PageController.php\",\"line\":81,\"hostname\":\"pc-victor\"}','2019-02-20 15:43:02'),(76,'8d08db48-fb22-4da7-b9a2-c208164fb88d','8d08db49-0c07-4f29-a521-9fcb5d2481e1',NULL,1,'query','{\"connection\":\"mysql\",\"bindings\":[8,\"PUBLISHED\"],\"sql\":\"select * from `specialties` where `specialty_area_id` = ? and `status` = ? order by `id` desc limit 6 offset 0\",\"time\":\"0.63\",\"slow\":false,\"file\":\"C:\\\\xampp\\\\htdocs\\\\portfolio-la\\\\app\\\\Http\\\\Controllers\\\\Web\\\\PageController.php\",\"line\":81,\"hostname\":\"pc-victor\"}','2019-02-20 15:43:02'),(77,'8d08db48-fcea-494a-9705-610c96a3ddda','8d08db49-0c07-4f29-a521-9fcb5d2481e1',NULL,1,'query','{\"connection\":\"mysql\",\"bindings\":[],\"sql\":\"select * from `specialty_areas` order by `id` desc\",\"time\":\"0.69\",\"slow\":false,\"file\":\"C:\\\\xampp\\\\htdocs\\\\portfolio-la\\\\app\\\\Http\\\\Controllers\\\\Web\\\\PageController.php\",\"line\":83,\"hostname\":\"pc-victor\"}','2019-02-20 15:43:02'),(78,'8d08db49-0a66-41f0-b86c-8e53617838a8','8d08db49-0c07-4f29-a521-9fcb5d2481e1',NULL,1,'request','{\"uri\":\"\\/specialty-area\\/estudio-de-la-naturaleza\",\"method\":\"GET\",\"headers\":{\"host\":\"portfolio-la\",\"connection\":\"keep-alive\",\"upgrade-insecure-requests\":\"1\",\"user-agent\":\"Mozilla\\/5.0 (Windows NT 6.2; Win64; x64) AppleWebKit\\/537.36 (KHTML, like Gecko) Chrome\\/72.0.3626.109 Safari\\/537.36\",\"accept\":\"text\\/html,application\\/xhtml+xml,application\\/xml;q=0.9,image\\/webp,image\\/apng,*\\/*;q=0.8\",\"referer\":\"http:\\/\\/portfolio-la\\/specialty-area\\/actividades-agricolas\",\"accept-encoding\":\"gzip, deflate\",\"accept-language\":\"es-ES,es;q=0.9,en;q=0.8\",\"cookie\":\"XSRF-TOKEN=eyJpdiI6IjJmQnExakhMN0pFRWtKdGpuRG5kTnc9PSIsInZhbHVlIjoiYzlqRTBHYTR1QktLMUhYRlwvcUNTblUxVDcwZ2tiWjFXXC9EbWJvSkJ1KzdvcUZCU2c3eHNib0NpU3hsUk94a1hFIiwibWFjIjoiYzUyNmYyNmMyMDU2ZmQyMjhkMDJmNjRiY2FhYTFlYjEyOTM1MDRmOWJlYmIyNzhmNDE4ZGI1YWQwYTRlMGQxZSJ9; conquisblog_session=eyJpdiI6Ikt3WEhiRzd6K0pVSTBKd0tnRjJ2R3c9PSIsInZhbHVlIjoiMUJDcWJ6R3pkRlZrb2RVakhDOWdVTzZLSGFlWkg1TmVPclRlSzNabmxwZ0ZZY1Jocm5oelUzS0RZY3VsWVZSTyIsIm1hYyI6IjQ1Nzg1MjU5YWQyNGEzMTkyN2ZiYzQyNzk0MTMwNTZjZmYxNjgxZTI1ZjYzZWQxMDg4NTVlODQ1Njc1MTkxZmEifQ%3D%3D\"},\"payload\":[],\"session\":{\"_token\":\"MuNcU5TXEv8s8LnU9wnPydfguG9Cj17CtERUYBPw\",\"_previous\":{\"url\":\"http:\\/\\/portfolio-la\\/specialty-area\\/estudio-de-la-naturaleza\"},\"PHPDEBUGBAR_STACK_DATA\":[],\"_flash\":{\"old\":[],\"new\":[]}},\"response_status\":200,\"response\":\"HTML Response\",\"hostname\":\"pc-victor\"}','2019-02-20 15:43:02');



/*Table structure for table `telescope_entries_tags` */



DROP TABLE IF EXISTS `telescope_entries_tags`;



CREATE TABLE `telescope_entries_tags` (
  `entry_uuid` char(36) COLLATE utf8mb4_unicode_ci NOT NULL,
  `tag` varchar(120) COLLATE utf8mb4_unicode_ci NOT NULL,
  KEY `telescope_entries_tags_entry_uuid_tag_index` (`entry_uuid`,`tag`),
  KEY `telescope_entries_tags_tag_index` (`tag`),
  CONSTRAINT `telescope_entries_tags_entry_uuid_foreign` FOREIGN KEY (`entry_uuid`) REFERENCES `telescope_entries` (`uuid`) ON DELETE CASCADE
) ENGINE=InnoDB DEFAULT CHARSET=utf8mb4 COLLATE=utf8mb4_unicode_ci;



/*Data for the table `telescope_entries_tags` */



/*Table structure for table `telescope_monitoring` */



DROP TABLE IF EXISTS `telescope_monitoring`;



CREATE TABLE `telescope_monitoring` (
  `tag` varchar(120) COLLATE utf8mb4_unicode_ci NOT NULL
) ENGINE=InnoDB DEFAULT CHARSET=utf8mb4 COLLATE=utf8mb4_unicode_ci;



/*Data for the table `telescope_monitoring` */



/*Table structure for table `thoughts` */



DROP TABLE IF EXISTS `thoughts`;



CREATE TABLE `thoughts` (
  `id` int(10) unsigned NOT NULL AUTO_INCREMENT,
  `description` varchar(120) COLLATE utf8mb4_unicode_ci NOT NULL,
  `user_id` int(10) unsigned NOT NULL,
  `created_at` timestamp NULL DEFAULT NULL,
  `updated_at` timestamp NULL DEFAULT NULL,
  PRIMARY KEY (`id`),
  KEY `thoughts_user_id_foreign` (`user_id`),
  CONSTRAINT `thoughts_user_id_foreign` FOREIGN KEY (`user_id`) REFERENCES `users` (`id`) ON DELETE CASCADE ON UPDATE CASCADE
) ENGINE=InnoDB AUTO_INCREMENT=101 DEFAULT CHARSET=utf8mb4 COLLATE=utf8mb4_unicode_ci;



/*Data for the table `thoughts` */



insert  into `thoughts`(`id`,`description`,`user_id`,`created_at`,`updated_at`) values (1,'Nisi unde et ipsa dolor.',9,'2019-02-20 15:09:07','2019-02-20 15:09:07'),(2,'Error ex repellat delectus dolorem unde doloribus.',24,'2019-02-20 15:09:07','2019-02-20 15:09:07'),(3,'Sed voluptas in ad facere.',8,'2019-02-20 15:09:07','2019-02-20 15:09:07'),(4,'Voluptate exercitationem omnis aspernatur voluptatem.',31,'2019-02-20 15:09:07','2019-02-20 15:09:07'),(5,'Incidunt animi impedit rerum ipsum neque.',12,'2019-02-20 15:09:07','2019-02-20 15:09:07'),(6,'Ut ut dolor aut occaecati.',2,'2019-02-20 15:09:07','2019-02-20 15:09:07'),(7,'Voluptatem rerum deleniti consequatur fuga.',31,'2019-02-20 15:09:07','2019-02-20 15:09:07'),(8,'Possimus voluptatem laboriosam iste corporis.',6,'2019-02-20 15:09:07','2019-02-20 15:09:07'),(9,'Et magni aut reiciendis atque vero.',16,'2019-02-20 15:09:07','2019-02-20 15:09:07'),(10,'Nam dolor expedita eos hic aspernatur molestias.',30,'2019-02-20 15:09:07','2019-02-20 15:09:07'),(11,'Exercitationem ut quae a voluptatem.',5,'2019-02-20 15:09:07','2019-02-20 15:09:07'),(12,'Quae saepe non eveniet nisi deleniti.',12,'2019-02-20 15:09:07','2019-02-20 15:09:07'),(13,'Ab accusantium est cumque ullam est repellat.',20,'2019-02-20 15:09:07','2019-02-20 15:09:07'),(14,'Tenetur maxime fuga consectetur voluptatem beatae.',6,'2019-02-20 15:09:07','2019-02-20 15:09:07'),(15,'Molestiae incidunt itaque dolore ipsam.',26,'2019-02-20 15:09:07','2019-02-20 15:09:07'),(16,'Facilis quis harum non similique tempore eos.',12,'2019-02-20 15:09:07','2019-02-20 15:09:07'),(17,'Odio aut ipsam atque mollitia est.',20,'2019-02-20 15:09:07','2019-02-20 15:09:07'),(18,'A laudantium dolore ea sit perspiciatis.',30,'2019-02-20 15:09:07','2019-02-20 15:09:07'),(19,'Enim consequatur est explicabo.',9,'2019-02-20 15:09:07','2019-02-20 15:09:07'),(20,'Occaecati beatae sit voluptatibus.',1,'2019-02-20 15:09:07','2019-02-20 15:09:07'),(21,'Ipsum voluptates dignissimos molestiae ipsam eveniet.',25,'2019-02-20 15:09:07','2019-02-20 15:09:07'),(22,'Vel ut eum quis aut ut nobis.',25,'2019-02-20 15:09:07','2019-02-20 15:09:07'),(23,'Repellat nulla magni porro.',19,'2019-02-20 15:09:08','2019-02-20 15:09:08'),(24,'Maxime laudantium et quisquam voluptatem.',2,'2019-02-20 15:09:08','2019-02-20 15:09:08'),(25,'Sed quis vel asperiores.',7,'2019-02-20 15:09:08','2019-02-20 15:09:08'),(26,'Accusantium accusantium sunt deserunt.',29,'2019-02-20 15:09:08','2019-02-20 15:09:08'),(27,'Facere maxime totam in provident qui.',26,'2019-02-20 15:09:08','2019-02-20 15:09:08'),(28,'Vel sit occaecati minus aperiam.',12,'2019-02-20 15:09:08','2019-02-20 15:09:08'),(29,'Quis necessitatibus aut consequatur esse.',22,'2019-02-20 15:09:08','2019-02-20 15:09:08'),(30,'Saepe quibusdam id in architecto ut.',25,'2019-02-20 15:09:08','2019-02-20 15:09:08'),(31,'Consequuntur quam expedita non beatae.',3,'2019-02-20 15:09:08','2019-02-20 15:09:08'),(32,'Eaque accusamus porro est sed soluta.',25,'2019-02-20 15:09:08','2019-02-20 15:09:08'),(33,'Eos nobis atque qui repellendus suscipit atque.',29,'2019-02-20 15:09:08','2019-02-20 15:09:08'),(34,'Laudantium sint beatae est officiis et.',6,'2019-02-20 15:09:08','2019-02-20 15:09:08'),(35,'Sed ratione odit aliquam saepe nesciunt.',13,'2019-02-20 15:09:08','2019-02-20 15:09:08'),(36,'Aperiam est consectetur voluptatibus.',7,'2019-02-20 15:09:08','2019-02-20 15:09:08'),(37,'Et earum sed vel.',3,'2019-02-20 15:09:08','2019-02-20 15:09:08'),(38,'Quaerat quas est rem sit laudantium temporibus.',4,'2019-02-20 15:09:08','2019-02-20 15:09:08'),(39,'Sed quasi aut voluptas error consequatur optio.',21,'2019-02-20 15:09:08','2019-02-20 15:09:08'),(40,'Velit qui voluptatem ratione quo eveniet nesciunt.',7,'2019-02-20 15:09:08','2019-02-20 15:09:08'),(41,'Illo sunt odit et.',19,'2019-02-20 15:09:08','2019-02-20 15:09:08'),(42,'Dolores qui quibusdam adipisci ullam.',2,'2019-02-20 15:09:08','2019-02-20 15:09:08'),(43,'Est enim perferendis explicabo aliquid.',29,'2019-02-20 15:09:08','2019-02-20 15:09:08'),(44,'Qui ut impedit labore quia voluptatem.',29,'2019-02-20 15:09:08','2019-02-20 15:09:08'),(45,'Earum atque quos consequatur.',24,'2019-02-20 15:09:08','2019-02-20 15:09:08'),(46,'Qui quibusdam omnis et.',10,'2019-02-20 15:09:08','2019-02-20 15:09:08'),(47,'Culpa dolores ad ut.',25,'2019-02-20 15:09:08','2019-02-20 15:09:08'),(48,'Qui eaque quia consequatur fugiat perferendis et.',10,'2019-02-20 15:09:08','2019-02-20 15:09:08'),(49,'Facilis odio accusantium voluptatem cum sequi ut.',18,'2019-02-20 15:09:08','2019-02-20 15:09:08'),(50,'Et error dignissimos quam odio perferendis labore.',5,'2019-02-20 15:09:08','2019-02-20 15:09:08'),(51,'Consequatur fuga et omnis cumque non.',11,'2019-02-20 15:09:08','2019-02-20 15:09:08'),(52,'Aliquid a occaecati et neque est.',5,'2019-02-20 15:09:08','2019-02-20 15:09:08'),(53,'Ullam non repudiandae qui quo consequatur amet.',21,'2019-02-20 15:09:08','2019-02-20 15:09:08'),(54,'Porro et nihil rem nulla.',19,'2019-02-20 15:09:08','2019-02-20 15:09:08'),(55,'Minus optio eos qui.',4,'2019-02-20 15:09:08','2019-02-20 15:09:08'),(56,'Voluptates facilis est dolorem quia.',25,'2019-02-20 15:09:08','2019-02-20 15:09:08'),(57,'Nihil qui enim dolorem sunt fuga.',25,'2019-02-20 15:09:08','2019-02-20 15:09:08'),(58,'Excepturi veniam et minus sunt.',27,'2019-02-20 15:09:08','2019-02-20 15:09:08'),(59,'Molestiae magni explicabo et veniam placeat.',11,'2019-02-20 15:09:08','2019-02-20 15:09:08'),(60,'Sunt ut dicta cum molestiae quas.',31,'2019-02-20 15:09:08','2019-02-20 15:09:08'),(61,'Vitae qui reprehenderit ullam maiores porro cupiditate.',18,'2019-02-20 15:09:08','2019-02-20 15:09:08'),(62,'Adipisci vel aliquid soluta expedita est.',7,'2019-02-20 15:09:08','2019-02-20 15:09:08'),(63,'Aliquam quis et aut aliquid voluptas.',8,'2019-02-20 15:09:08','2019-02-20 15:09:08'),(64,'Harum repudiandae beatae provident ab nostrum et.',6,'2019-02-20 15:09:09','2019-02-20 15:09:09'),(65,'Et suscipit ea eum porro.',1,'2019-02-20 15:09:09','2019-02-20 15:09:09'),(66,'Aperiam repellendus adipisci aut.',17,'2019-02-20 15:09:09','2019-02-20 15:09:09'),(67,'Occaecati rem aut tenetur.',14,'2019-02-20 15:09:09','2019-02-20 15:09:09'),(68,'Accusamus iusto quam soluta adipisci totam.',7,'2019-02-20 15:09:09','2019-02-20 15:09:09'),(69,'Est laborum quis soluta.',25,'2019-02-20 15:09:09','2019-02-20 15:09:09'),(70,'Enim occaecati dolores quibusdam qui non doloremque.',6,'2019-02-20 15:09:09','2019-02-20 15:09:09'),(71,'Ipsam occaecati non commodi et odio.',10,'2019-02-20 15:09:09','2019-02-20 15:09:09'),(72,'Sequi minus quia ut eum est occaecati.',6,'2019-02-20 15:09:09','2019-02-20 15:09:09'),(73,'Ut iure porro reiciendis.',7,'2019-02-20 15:09:09','2019-02-20 15:09:09'),(74,'Inventore ab alias laborum voluptatem.',14,'2019-02-20 15:09:09','2019-02-20 15:09:09'),(75,'Deserunt eius dolor consectetur optio molestiae est.',11,'2019-02-20 15:09:09','2019-02-20 15:09:09'),(76,'Omnis voluptate occaecati voluptatem rerum.',5,'2019-02-20 15:09:09','2019-02-20 15:09:09'),(77,'Inventore veritatis assumenda dolorem fugit.',25,'2019-02-20 15:09:09','2019-02-20 15:09:09'),(78,'Repellat id aliquam optio necessitatibus molestias.',30,'2019-02-20 15:09:09','2019-02-20 15:09:09'),(79,'Qui velit veritatis et quis.',3,'2019-02-20 15:09:09','2019-02-20 15:09:09'),(80,'Et et aperiam accusantium iure.',31,'2019-02-20 15:09:09','2019-02-20 15:09:09'),(81,'Quia quo quod expedita qui magnam.',21,'2019-02-20 15:09:09','2019-02-20 15:09:09'),(82,'Consequuntur consequatur velit fugiat ea sequi.',24,'2019-02-20 15:09:09','2019-02-20 15:09:09'),(83,'Odio quo corporis sit soluta sit.',27,'2019-02-20 15:09:09','2019-02-20 15:09:09'),(84,'Sunt iste veniam perferendis accusamus animi.',21,'2019-02-20 15:09:09','2019-02-20 15:09:09'),(85,'Quis possimus ut cupiditate id itaque voluptas.',23,'2019-02-20 15:09:09','2019-02-20 15:09:09'),(86,'Eos amet quia sint iure minus repellendus.',5,'2019-02-20 15:09:09','2019-02-20 15:09:09'),(87,'Aut repudiandae quod laborum praesentium.',13,'2019-02-20 15:09:09','2019-02-20 15:09:09'),(88,'Consequatur qui et hic impedit facilis voluptates.',17,'2019-02-20 15:09:10','2019-02-20 15:09:10'),(89,'Minima eos dolor qui dolores quia.',24,'2019-02-20 15:09:10','2019-02-20 15:09:10'),(90,'Dolor amet ratione fugit eius.',21,'2019-02-20 15:09:10','2019-02-20 15:09:10'),(91,'Est perferendis esse odit occaecati.',5,'2019-02-20 15:09:10','2019-02-20 15:09:10'),(92,'Aut ipsam fugiat qui.',4,'2019-02-20 15:09:10','2019-02-20 15:09:10'),(93,'Autem voluptas velit corrupti.',5,'2019-02-20 15:09:10','2019-02-20 15:09:10'),(94,'Consectetur laborum ducimus dolorem laborum molestiae rerum.',4,'2019-02-20 15:09:10','2019-02-20 15:09:10'),(95,'Vel quod placeat perspiciatis dolorem ex.',24,'2019-02-20 15:09:10','2019-02-20 15:09:10'),(96,'Pariatur aut aut molestiae quam.',15,'2019-02-20 15:09:11','2019-02-20 15:09:11'),(97,'Blanditiis ipsam dolore amet et.',5,'2019-02-20 15:09:11','2019-02-20 15:09:11'),(98,'Natus aperiam commodi alias neque aut pariatur.',28,'2019-02-20 15:09:11','2019-02-20 15:09:11'),(99,'Expedita sed velit incidunt omnis voluptatem perspiciatis.',16,'2019-02-20 15:09:11','2019-02-20 15:09:11'),(100,'Maiores aut sed aut.',15,'2019-02-20 15:09:11','2019-02-20 15:09:11');



/*Table structure for table `users` */



DROP TABLE IF EXISTS `users`;



CREATE TABLE `users` (
  `id` int(10) unsigned NOT NULL AUTO_INCREMENT,
  `name` varchar(120) COLLATE utf8mb4_unicode_ci NOT NULL,
  `email` varchar(128) COLLATE utf8mb4_unicode_ci NOT NULL,
  `email_verified_at` timestamp NULL DEFAULT NULL,
  `password` varchar(120) COLLATE utf8mb4_unicode_ci NOT NULL,
  `bio` mediumtext COLLATE utf8mb4_unicode_ci,
  `photo` varchar(120) COLLATE utf8mb4_unicode_ci NOT NULL DEFAULT 'profile.png',
  `remember_token` varchar(100) COLLATE utf8mb4_unicode_ci DEFAULT NULL,
  `created_at` timestamp NULL DEFAULT NULL,
  `updated_at` timestamp NULL DEFAULT NULL,
  `deleted_at` timestamp NULL DEFAULT NULL,
  PRIMARY KEY (`id`),
  UNIQUE KEY `users_email_unique` (`email`)
) ENGINE=InnoDB AUTO_INCREMENT=32 DEFAULT CHARSET=utf8mb4 COLLATE=utf8mb4_unicode_ci;



/*Data for the table `users` */



insert  into `users`(`id`,`name`,`email`,`email_verified_at`,`password`,`bio`,`photo`,`remember_token`,`created_at`,`updated_at`,`deleted_at`) values (1,'Mr. Gerardo Jacobs DVM','pziemann@example.net','2019-02-20 15:08:38','$2y$10$TKh8H1.PfQx37YgCzwiKb.KjNyWgaHb9cbcoQgdIVFlYg7B77UdFm','Doloribus cum perferendis amet dolorum aut voluptatibus ut atque praesentium vitae dolorem facere assumenda accusamus deserunt tempore ea enim recusandae sit dolorem.','https://lorempixel.com/100/100/?11875','pl59VvGgkR','2019-02-20 15:08:38','2019-02-20 15:08:38',NULL),(2,'Hilario McClure','upton.cornelius@example.net','2019-02-20 15:08:38','$2y$10$TKh8H1.PfQx37YgCzwiKb.KjNyWgaHb9cbcoQgdIVFlYg7B77UdFm','Ut eius voluptas ut non sunt est ex ipsa cum sunt dolorem autem nemo.','https://lorempixel.com/100/100/?43028','Dj14I4JbIy','2019-02-20 15:08:38','2019-02-20 15:08:38',NULL),(3,'Dr. Alexandre Mitchell DDS','ymonahan@example.net','2019-02-20 15:08:38','$2y$10$TKh8H1.PfQx37YgCzwiKb.KjNyWgaHb9cbcoQgdIVFlYg7B77UdFm','Dolor iste velit velit aut earum quam et velit voluptatem quia voluptas labore autem illum assumenda deserunt vel unde odit rem.','https://lorempixel.com/100/100/?45688','xTmoqsa5Wd','2019-02-20 15:08:38','2019-02-20 15:08:38',NULL),(4,'Mr. Fermin Wilkinson','rubie.rippin@example.org','2019-02-20 15:08:38','$2y$10$TKh8H1.PfQx37YgCzwiKb.KjNyWgaHb9cbcoQgdIVFlYg7B77UdFm','Eligendi eos ratione aliquam quo facilis recusandae sunt maiores aut est quia inventore architecto est enim modi rem eaque repellendus sit eos doloremque doloribus natus vel perspiciatis.','https://lorempixel.com/100/100/?24114','N1Xd011p2e','2019-02-20 15:08:38','2019-02-20 15:08:38',NULL),(5,'Barton Hayes','barton.lance@example.org','2019-02-20 15:08:38','$2y$10$TKh8H1.PfQx37YgCzwiKb.KjNyWgaHb9cbcoQgdIVFlYg7B77UdFm','Quo maxime omnis debitis non quia earum et laudantium architecto qui quia quibusdam.','https://lorempixel.com/100/100/?88871','DOHlqlmr2A','2019-02-20 15:08:38','2019-02-20 15:08:38',NULL),(6,'Jaleel Block','nova.lind@example.net','2019-02-20 15:08:38','$2y$10$TKh8H1.PfQx37YgCzwiKb.KjNyWgaHb9cbcoQgdIVFlYg7B77UdFm','Expedita in iure quasi ex adipisci vel dolor temporibus aut numquam non qui tempora omnis repellat aut nam earum est et voluptatibus rem nostrum.','https://lorempixel.com/100/100/?95944','O66GBV5jV8','2019-02-20 15:08:38','2019-02-20 15:08:38',NULL),(7,'Donald Heidenreich','price.murray@example.com','2019-02-20 15:08:38','$2y$10$TKh8H1.PfQx37YgCzwiKb.KjNyWgaHb9cbcoQgdIVFlYg7B77UdFm','Quod facilis harum molestiae dicta sunt ab omnis molestiae dignissimos ipsam vel a libero ut natus et exercitationem sint reprehenderit.','https://lorempixel.com/100/100/?45887','Gh3A74SREE','2019-02-20 15:08:38','2019-02-20 15:08:38',NULL),(8,'Mr. Terrence Dicki IV','schumm.deven@example.com','2019-02-20 15:08:38','$2y$10$TKh8H1.PfQx37YgCzwiKb.KjNyWgaHb9cbcoQgdIVFlYg7B77UdFm','Omnis quasi deserunt et minima nam nam qui error porro fugiat dignissimos et dolorem dicta harum recusandae illo cum quia ut qui ut esse molestias deleniti.','https://lorempixel.com/100/100/?45126','XbrN6lPhxp','2019-02-20 15:08:38','2019-02-20 15:08:38',NULL),(9,'Ms. Annie Jones','stanton.margarita@example.org','2019-02-20 15:08:38','$2y$10$TKh8H1.PfQx37YgCzwiKb.KjNyWgaHb9cbcoQgdIVFlYg7B77UdFm','Sit sapiente corrupti qui laudantium voluptate eos labore sunt molestiae mollitia officia maiores earum qui eius rerum quaerat delectus facilis doloribus eum in illo quaerat autem non sequi voluptatem.','https://lorempixel.com/100/100/?73738','E8RncKsOCm','2019-02-20 15:08:38','2019-02-20 15:08:38',NULL),(10,'Prof. Katrine Huels Sr.','dedrick76@example.org','2019-02-20 15:08:38','$2y$10$TKh8H1.PfQx37YgCzwiKb.KjNyWgaHb9cbcoQgdIVFlYg7B77UdFm','Dolorem ut aut occaecati minima incidunt dolorem voluptatem repellat et dolores voluptate itaque ut in et.','https://lorempixel.com/100/100/?22513','wM4ItM0pUT','2019-02-20 15:08:38','2019-02-20 15:08:38',NULL),(11,'Domenick Maggio','padberg.mireya@example.org','2019-02-20 15:08:38','$2y$10$TKh8H1.PfQx37YgCzwiKb.KjNyWgaHb9cbcoQgdIVFlYg7B77UdFm','Perferendis dolores quia eos eum dolores iste cum ut accusantium enim possimus ut occaecati unde.','https://lorempixel.com/100/100/?45465','rTuAVE0jtM','2019-02-20 15:08:38','2019-02-20 15:08:38',NULL),(12,'Eveline O\'Reilly','hudson.bailey@example.org','2019-02-20 15:08:38','$2y$10$TKh8H1.PfQx37YgCzwiKb.KjNyWgaHb9cbcoQgdIVFlYg7B77UdFm','Facilis ratione perferendis quia eligendi qui dolore dolorem quo laboriosam explicabo sed aut quis suscipit nihil.','https://lorempixel.com/100/100/?40073','hlyxE85I4Z','2019-02-20 15:08:38','2019-02-20 15:08:38',NULL),(13,'Austyn Deckow','hauck.libbie@example.org','2019-02-20 15:08:38','$2y$10$TKh8H1.PfQx37YgCzwiKb.KjNyWgaHb9cbcoQgdIVFlYg7B77UdFm','Modi quia beatae consectetur et rerum est accusamus corrupti eos unde et voluptatem voluptas doloremque quos veritatis.','https://lorempixel.com/100/100/?43296','6rAOiiQtn7','2019-02-20 15:08:38','2019-02-20 15:08:38',NULL),(14,'Miss Elisha Kozey Jr.','qcarter@example.org','2019-02-20 15:08:38','$2y$10$TKh8H1.PfQx37YgCzwiKb.KjNyWgaHb9cbcoQgdIVFlYg7B77UdFm','Optio et officiis voluptates eos omnis eaque natus est consequatur consectetur ratione sint perferendis in unde vitae quis molestiae est.','https://lorempixel.com/100/100/?77464','L2SbYBFiEl','2019-02-20 15:08:38','2019-02-20 15:08:38',NULL),(15,'Josh Jerde MD','mohr.stefan@example.net','2019-02-20 15:08:38','$2y$10$TKh8H1.PfQx37YgCzwiKb.KjNyWgaHb9cbcoQgdIVFlYg7B77UdFm','Nobis facilis illo ea labore ipsa ducimus sed voluptatem magnam nesciunt repudiandae quo.','https://lorempixel.com/100/100/?96604','XaiJN8Fg0P','2019-02-20 15:08:38','2019-02-20 15:08:38',NULL),(16,'Hettie Stehr','predovic.eulah@example.org','2019-02-20 15:08:38','$2y$10$TKh8H1.PfQx37YgCzwiKb.KjNyWgaHb9cbcoQgdIVFlYg7B77UdFm','Cupiditate sit officiis similique iure repudiandae nostrum nisi earum in distinctio distinctio in voluptatum rerum et voluptate alias necessitatibus velit praesentium illo consequatur aut.','https://lorempixel.com/100/100/?45772','h1ZJLP17PB','2019-02-20 15:08:38','2019-02-20 15:08:38',NULL),(17,'Mervin Boyle','prosacco.ashlynn@example.org','2019-02-20 15:08:38','$2y$10$TKh8H1.PfQx37YgCzwiKb.KjNyWgaHb9cbcoQgdIVFlYg7B77UdFm','Eum fugit non possimus velit amet aliquam voluptate earum sint temporibus voluptatem qui saepe soluta perferendis tempore non tempore optio quis.','https://lorempixel.com/100/100/?57869','cU3GeU9hFT','2019-02-20 15:08:38','2019-02-20 15:08:38',NULL),(18,'Mrs. Melba Bergstrom','rohan.jacky@example.org','2019-02-20 15:08:38','$2y$10$TKh8H1.PfQx37YgCzwiKb.KjNyWgaHb9cbcoQgdIVFlYg7B77UdFm','Cumque non animi eligendi voluptas impedit quam illum sapiente enim dignissimos nostrum expedita eum pariatur aliquam voluptatem quam voluptas sed assumenda.','https://lorempixel.com/100/100/?50963','wGULakiyV0','2019-02-20 15:08:38','2019-02-20 15:08:38',NULL),(19,'Kiana Paucek','antonette48@example.com','2019-02-20 15:08:38','$2y$10$TKh8H1.PfQx37YgCzwiKb.KjNyWgaHb9cbcoQgdIVFlYg7B77UdFm','Labore similique dolor odio est necessitatibus dolorem ea sunt reprehenderit rerum unde quia vel corrupti error beatae.','https://lorempixel.com/100/100/?71252','eLSuigczPR','2019-02-20 15:08:38','2019-02-20 15:08:38',NULL),(20,'Berniece Homenick','oconner.shaun@example.org','2019-02-20 15:08:38','$2y$10$TKh8H1.PfQx37YgCzwiKb.KjNyWgaHb9cbcoQgdIVFlYg7B77UdFm','Nemo consequuntur labore a magni cumque itaque error sequi sed ut doloremque aliquid enim rerum.','https://lorempixel.com/100/100/?16966','sym2p1ZGQD','2019-02-20 15:08:38','2019-02-20 15:08:38',NULL),(21,'Dr. Jedediah Nolan','orrin36@example.org','2019-02-20 15:08:38','$2y$10$TKh8H1.PfQx37YgCzwiKb.KjNyWgaHb9cbcoQgdIVFlYg7B77UdFm','Voluptatibus eum tempore sint quas culpa qui qui voluptatum qui quam quae quibusdam temporibus est amet magni eos libero mollitia neque.','https://lorempixel.com/100/100/?74532','hRr8KA4vhj','2019-02-20 15:08:38','2019-02-20 15:08:38',NULL),(22,'Rubye Conn I','jaida.goldner@example.org','2019-02-20 15:08:38','$2y$10$TKh8H1.PfQx37YgCzwiKb.KjNyWgaHb9cbcoQgdIVFlYg7B77UdFm','Explicabo exercitationem harum est voluptatum consequatur vero repellendus odio neque magni excepturi nihil et rerum unde reprehenderit debitis dolorum itaque provident voluptate tenetur voluptate et.','https://lorempixel.com/100/100/?36351','Gh4zdrVa1W','2019-02-20 15:08:38','2019-02-20 15:08:38',NULL),(23,'Dayna DuBuque','hudson.avery@example.net','2019-02-20 15:08:38','$2y$10$TKh8H1.PfQx37YgCzwiKb.KjNyWgaHb9cbcoQgdIVFlYg7B77UdFm','Odit saepe ratione dolores et placeat explicabo consequatur qui assumenda nihil temporibus aperiam dolore nesciunt velit dolorem et repellat nihil et deserunt dolores quibusdam.','https://lorempixel.com/100/100/?56871','HrVI6nFTUO','2019-02-20 15:08:38','2019-02-20 15:08:38',NULL),(24,'Samir Nader IV','camryn.eichmann@example.com','2019-02-20 15:08:38','$2y$10$TKh8H1.PfQx37YgCzwiKb.KjNyWgaHb9cbcoQgdIVFlYg7B77UdFm','Porro velit perspiciatis aspernatur officia soluta numquam reprehenderit earum dolorem inventore velit non facere blanditiis id molestiae autem et magni magnam in laboriosam minima.','https://lorempixel.com/100/100/?58936','XvfDNIhVFl','2019-02-20 15:08:38','2019-02-20 15:08:38',NULL),(25,'Ariel Lowe','hsenger@example.com','2019-02-20 15:08:38','$2y$10$TKh8H1.PfQx37YgCzwiKb.KjNyWgaHb9cbcoQgdIVFlYg7B77UdFm','Sint dolorem quo in itaque est dolorem quibusdam qui dolores et ad voluptas asperiores sint cum et neque aut a.','https://lorempixel.com/100/100/?56199','bfOassrTHe','2019-02-20 15:08:38','2019-02-20 15:08:38',NULL),(26,'Stephen Crist','moriah61@example.org','2019-02-20 15:08:38','$2y$10$TKh8H1.PfQx37YgCzwiKb.KjNyWgaHb9cbcoQgdIVFlYg7B77UdFm','Enim quidem in cumque excepturi ipsum est excepturi aperiam dolor dolorum est rem rerum vel inventore aut consequatur mollitia labore temporibus.','https://lorempixel.com/100/100/?51938','GqFltFvdkx','2019-02-20 15:08:38','2019-02-20 15:08:38',NULL),(27,'Ashtyn McKenzie','breanna44@example.net','2019-02-20 15:08:38','$2y$10$TKh8H1.PfQx37YgCzwiKb.KjNyWgaHb9cbcoQgdIVFlYg7B77UdFm','Adipisci enim qui sint corrupti non velit hic ducimus sint voluptates aliquam id exercitationem alias nam aspernatur ullam quo quo unde est a.','https://lorempixel.com/100/100/?86283','hduMPenjo5','2019-02-20 15:08:38','2019-02-20 15:08:38',NULL),(28,'Dr. Gaylord Hane','stark.clementina@example.org','2019-02-20 15:08:38','$2y$10$TKh8H1.PfQx37YgCzwiKb.KjNyWgaHb9cbcoQgdIVFlYg7B77UdFm','Voluptatem voluptatem tenetur dolorum ea quam id cum ad inventore facilis sequi consequuntur ratione cum repellendus ut cupiditate ipsa libero perspiciatis eaque.','https://lorempixel.com/100/100/?53092','o6gDLOnAtx','2019-02-20 15:08:39','2019-02-20 15:08:39',NULL),(29,'Martina Jenkins PhD','nels99@example.com','2019-02-20 15:08:38','$2y$10$TKh8H1.PfQx37YgCzwiKb.KjNyWgaHb9cbcoQgdIVFlYg7B77UdFm','Expedita ipsam sunt et unde harum deserunt velit voluptatem dicta id sapiente sed voluptatibus non enim ut voluptatem non vero.','https://lorempixel.com/100/100/?28946','CpmwOBItEc','2019-02-20 15:08:39','2019-02-20 15:08:39',NULL),(30,'Victor Villca Villca','victor.villca.v@gmail.com',NULL,'$2y$10$h/DOW9MXKaOI2b1.V7VtNOxcQqvaEMNARzEM1dni5GaPj7w6fIP/2','Capellán, Instructor y Consejero Club Orión, SCZ, 2003- 2013\nDirector Club Orión SCZ, 2014-2015\nCoord. Regional, Cuarta Región MOB/UB 2016-2017\nDirector Club Polaris, 2018\nConsejero Club Caleb Campeche, 2019\n','/image/profile.png',NULL,'2019-02-20 15:08:39','2019-02-20 15:08:39',NULL),(31,'Joel Villca','joel.villca@gmail.com',NULL,'$2y$10$NRQSFXHfHICLP.8in0kS8OBN3NNID9mqqHly4eEFcZnivL0/n5zT2','Lorem ipsum dolor sit amet, consectetur adipisicing elit, sed do eiusmod tempor incididunt ut labore et dolore magna aliqua. Ut enim ad minim veniam, quis nostrud exercitation ullamco laboris nisi ut aliquip ex ea commodo consequat. Duis aute irure dolor in reprehenderit in voluptate velit esse cillum dolore eu fugiat nulla pariatur. Excepteur sint occaecat cupidatat non proident, sunt in culpa qui officia deserunt mollit anim id est laborum.','/image/profile.png',NULL,'2019-02-20 15:08:39','2019-02-20 15:08:39',NULL);



/*!40101 SET SQL_MODE=@OLD_SQL_MODE */;

/*!40014 SET FOREIGN_KEY_CHECKS=@OLD_FOREIGN_KEY_CHECKS */;

/*!40014 SET UNIQUE_CHECKS=@OLD_UNIQUE_CHECKS */;

/*!40111 SET SQL_NOTES=@OLD_SQL_NOTES */;

